track_id,danceability,energy,key,loudness,mode,speechiness,acousticness,instrumentalness,liveness,valence,tempo,time_signature
TRK2C66B53622,0.795,0.914,11,-6.23,1,0.049,0.246,0.123,0.114,0.621,106.7,3
TRK3424997FDF,0.641,0.945,7,-2.83,0,0.03,0.0,0.067,0.242,0.422,132.5,4
TRKC6EAEACB1A,0.701,0.582,5,-4.55,1,0.055,0.087,0.041,0.233,0.622,102.0,4
TRKE7894E75D8,0.861,0.63,7,-5.09,1,0.067,0.412,0.087,0.167,0.775,83.1,4
TRK3F24C92FC8,0.605,0.685,4,-4.92,1,0.118,0.147,0.122,0.319,0.637,114.8,4
TRK8D54C5B45E,0.807,0.704,7,-7.4,1,0.121,0.0,0.027,0.178,0.42,171.0,4
TRK5CB0F47594,0.183,0.148,3,-16.15,0,0.078,0.903,0.528,0.09,0.577,116.6,4
TRK62B34F8787,0.602,0.644,7,-6.79,0,0.222,0.22,0.103,0.161,0.686,95.3,4
TRK5029E23E04,0.369,0.719,8,-7.03,1,0.009,0.0,0.2,0.33,0.538,121.9,4
TRK1720630958,0.388,0.2,11,-17.97,1,0.038,1.0,0.794,0.102,0.373,140.5,4
TRK2224078065,0.664,0.435,7,-13.23,1,0.046,0.607,0.333,0.242,0.615,82.4,4
TRK7B8B8C57A9,0.605,0.696,6,-6.94,1,0.076,0.156,0.0,0.158,0.367,,4
TRKE78E0FEA16,0.39,0.98,3,-7.92,1,0.069,0.074,0.053,0.268,0.397,166.0,4
TRK278D45B806,0.782,0.929,3,-5.11,1,0.046,0.351,0.079,0.19,0.416,100.9,4
TRK4891D32824,0.7,0.758,5,-3.85,1,0.076,0.075,0.077,0.183,0.486,129.7,4
TRK6DFE7D7051,0.602,0.876,7,-6.11,1,0.107,0.028,0.139,0.411,0.439,173.0,5
TRKE8AFB0636A,0.603,0.787,7,-4.29,0,0.1,0.05,0.061,0.21,0.62,147.6,4
TRKE1F6135A62,0.628,0.682,3,-2.13,1,0.128,0.207,0.034,0.132,0.733,127.3,5
TRK9BD717A524,0.749,0.711,5,-3.4,1,0.085,0.179,0.0,0.131,0.632,117.6,3
TRK28CA02D211,0.575,0.399,4,-16.06,0,0.055,0.725,0.455,0.22,0.66,109.3,4
TRKF9A26D7F92,0.699,0.746,5,-2.18,1,0.0,0.199,0.039,0.12,0.516,97.4,4
TRK233D1F546C,0.837,0.517,5,-4.79,1,0.323,0.0,0.0,0.075,0.566,88.1,4
TRKABD6B6501C,0.744,0.615,11,-8.62,1,0.201,0.0,0.0,0.118,0.452,109.8,4
TRKF12DB26693,0.441,0.957,6,-4.65,0,0.047,0.099,0.035,0.262,0.212,135.9,4
TRKCE963036E6,0.687,0.188,11,-11.18,0,0.02,0.594,0.654,0.095,0.382,83.2,3
TRK6E1DC09719,0.436,0.126,2,-9.92,0,0.037,0.655,0.658,0.087,0.414,71.6,4
TRKE6D7C35BF5,0.143,0.202,11,-13.57,1,0.0,1.0,0.901,0.191,0.286,69.1,4
TRK5E1F5A28CD,0.419,0.879,11,-2.22,0,0.057,0.064,0.087,0.299,0.116,122.2,4
TRKFFAD3C2BC4,0.581,0.801,1,-2.1,1,0.195,0.0,0.0,0.135,0.46,159.0,4
TRKD47DAA27D5,0.726,0.699,6,-5.65,1,0.0,0.442,0.0,0.187,0.431,106.2,4
TRK57B5454FAE,0.625,0.389,7,-11.77,1,0.037,0.486,0.565,0.04,0.315,80.2,4
TRKD43C8DEB56,0.699,0.622,9,-8.18,1,0.086,0.379,0.107,0.177,0.397,113.0,4
TRK79E6FB6B3B,0.671,0.697,3,-8.24,1,0.131,0.034,0.026,0.236,0.588,121.8,4
TRK1737D54FB2,0.514,0.755,4,-5.92,1,0.034,0.021,0.0,0.376,0.309,144.5,4
TRKE9610DD544,0.582,0.96,1,-5.25,1,0.047,0.158,0.0,0.262,0.535,105.2,4
TRK60D04EDD8F,0.515,0.691,5,-8.47,1,0.049,0.28,0.101,0.137,0.511,98.7,4
TRK468D5035F2,0.827,0.858,6,-0.53,1,0.074,0.0,0.013,0.27,0.627,122.2,4
TRK333D827D4B,0.502,0.81,5,-5.22,1,0.079,0.0,0.156,0.292,0.513,120.7,4
TRK0533B80892,0.927,0.425,5,-6.34,0,0.115,0.235,0.0,0.117,0.558,108.1,4
TRK26B157767E,0.597,0.525,9,-7.97,1,0.132,0.492,0.0,0.134,0.373,109.3,4
TRK2018268CE0,0.549,0.504,11,-8.73,1,0.0,0.267,0.056,0.107,0.707,140.4,4
TRKE636BB1B20,0.301,0.214,3,-13.86,1,0.026,0.861,0.693,0.094,0.518,95.0,4
TRK964FADD35D,0.676,0.794,4,-6.57,0,0.03,0.015,0.107,0.18,0.413,136.7,4
TRKA248E222DA,0.705,0.935,1,-3.87,1,0.031,0.045,0.204,0.142,0.725,130.9,4
TRK0966E0E7BA,0.8,0.66,9,-6.73,0,0.112,0.0,0.0,0.118,0.357,124.9,4
TRK5E8F99F493,0.97,0.78,3,-3.12,1,0.116,0.126,0.0,0.091,0.782,103.4,4
TRK3B7F7D619A,0.628,0.655,0,-0.68,1,0.089,0.148,0.006,0.201,0.942,118.6,4
TRK81EFABB173,0.362,0.907,11,-4.45,0,0.059,0.0,0.062,0.245,0.516,159.1,3
TRK1A8D4BF2C6,0.48,0.388,1,-9.19,1,0.095,0.202,0.0,0.146,0.555,92.3,4
TRKB75078C77D,0.8,0.787,5,-5.32,0,0.074,0.0,0.0,0.147,0.744,130.2,4
TRK9256622481,0.633,0.88,11,-4.29,0,0.071,0.046,0.168,0.211,0.303,148.9,4
TRK99A7121419,0.856,0.577,5,-5.45,0,0.287,0.089,0.079,0.129,0.471,117.3,3
TRK4C18A4CCD1,0.439,0.713,4,-4.0,1,0.031,0.197,0.0,0.293,0.533,108.6,4
TRK9902B4E9A6,0.76,0.714,8,-3.9,0,0.058,0.0,0.114,0.284,0.469,131.8,4
TRK21AD2E9C58,0.378,0.543,11,-5.3,1,0.089,0.0,0.033,0.176,0.332,103.6,4
TRK840E1646F8,0.278,0.931,3,-1.02,1,0.0,0.087,0.0,0.293,0.424,145.9,3
TRKDE660A72C5,0.484,0.816,1,-4.56,1,0.046,0.0,0.122,0.208,0.467,137.6,3
TRKD6C5953E76,0.784,0.689,2,-7.86,1,0.178,0.04,0.0,0.196,0.549,99.3,4
TRKE52C04B7B1,0.715,0.685,0,-3.47,1,0.037,0.123,0.0,0.2,0.499,113.0,3
TRKCB6E5EDC2F,0.681,0.682,8,-5.49,1,0.012,0.242,0.0,0.184,0.757,92.3,4
TRKAF02DD4741,0.691,0.519,0,-1.12,0,0.073,0.297,0.152,0.198,0.608,112.4,4
TRK0503250D43,0.592,0.838,3,-6.06,1,0.095,0.318,0.211,0.0,0.746,74.1,4
TRK36FE18C61F,0.404,0.817,1,-3.04,1,0.055,0.0,0.161,0.225,0.424,135.3,4
TRKE3604FC822,0.335,0.899,3,-4.68,1,0.014,0.107,0.11,0.361,0.851,143.0,3
TRK6F5B779E25,0.737,0.725,2,-6.47,0,0.109,0.0,0.07,0.197,0.578,134.5,4
TRKDAB0C88487,0.689,0.484,8,-7.82,0,0.083,0.34,0.062,0.077,0.461,69.8,4
TRKA1412EE870,0.73,0.674,3,-6.67,0,0.186,0.082,0.01,0.074,0.506,94.6,4
TRK8394DAE8D1,0.594,0.838,5,-2.85,1,0.059,0.099,0.0,0.161,0.589,122.0,5
TRKAE81E27752,0.72,0.782,0,-5.76,1,0.102,0.035,0.043,0.123,0.611,121.1,4
TRK72327B8347,0.658,0.68,4,-3.64,1,0.141,0.099,0.061,0.247,0.638,151.1,4
TRKD2F5FD7512,0.707,0.593,10,-7.5,1,0.23,0.147,0.0,0.144,0.619,99.2,4
TRK454C91BEDC,0.42,0.255,6,-11.9,0,0.098,0.546,0.23,0.25,0.597,118.1,4
TRK69BDFA757F,0.823,0.699,11,-5.26,0,0.281,0.054,0.0,0.168,0.432,97.1,4
TRK6855EC66C5,0.688,1.0,7,-3.69,1,0.068,0.0,0.054,0.205,0.378,115.1,4
TRKFE098F46FD,0.298,0.583,6,-12.04,1,0.094,0.635,0.782,0.045,0.625,87.4,5
TRK71FAFE16F9,0.215,1.0,1,-4.22,0,0.075,0.085,0.193,0.261,0.031,120.8,5
TRK949DFDCF42,0.606,0.687,6,-4.48,0,0.104,0.131,0.087,0.151,0.575,126.5,4
TRKB55DF452B7,0.708,0.729,7,-3.07,1,0.057,0.229,0.002,0.084,0.655,98.9,4
TRK9DB4548D7B,0.614,0.688,10,-5.92,1,0.073,0.332,0.079,0.218,0.657,128.5,5
TRK8ADCC37C40,0.422,0.926,7,-10.61,1,0.025,0.157,0.03,0.197,0.499,161.5,4
TRKFCCB35425A,0.699,0.468,2,-5.32,0,0.075,0.296,0.0,0.118,0.908,112.9,4
TRK09ADF319D0,0.391,0.819,10,-6.23,0,0.091,0.142,0.248,0.3,0.333,174.1,4
TRKB4FF2F9B48,0.253,1.0,8,-2.99,0,0.0,0.0,0.133,0.323,0.433,172.4,4
TRKDBB08A9D35,0.863,0.516,1,-7.67,1,0.217,0.312,0.065,0.142,0.59,77.7,4
TRK1F8D373818,0.77,0.582,8,-2.48,1,0.125,0.047,0.0,0.136,0.74,105.1,5
TRKCAD1029568,0.281,0.279,8,-13.1,0,0.02,0.922,0.769,0.092,0.349,92.0,3
TRKCF0FBA999B,0.383,0.149,1,-16.9,0,0.056,0.967,0.67,0.101,0.591,155.2,4
TRKF2D99E26A5,0.246,0.984,6,-5.54,1,0.024,0.0,0.306,0.259,0.557,106.8,4
TRK9E2A7C0893,0.341,0.153,0,-13.16,0,0.0,1.0,0.8,0.127,0.576,92.1,4
TRKBC6FC44338,0.28,0.778,5,-2.79,0,0.102,0.0,0.165,0.304,0.494,133.2,4
TRK0C5C7D6FDE,0.656,0.558,1,-7.56,1,0.045,0.356,0.0,0.114,0.732,,4
TRK62BC05A8BA,0.468,0.624,3,-5.87,1,0.223,0.0,0.117,0.309,0.427,97.0,4
TRK2507C3D896,0.745,0.864,3,-4.61,1,0.065,0.185,0.084,0.114,0.209,117.8,4
TRK0EF18314C5,0.468,0.721,7,-5.35,1,0.058,0.052,0.085,0.165,0.443,128.2,4
TRK7CD20BD47E,0.375,0.971,5,-7.97,1,0.029,0.117,0.288,0.278,0.577,122.7,4
TRKC2746A6A50,0.76,0.78,9,-5.29,1,0.094,0.0,0.008,0.164,0.274,123.6,4
TRK40ABED21C2,0.794,0.881,0,-5.18,1,0.058,0.197,0.028,0.122,0.455,105.1,4
TRK541A1883A7,0.292,0.857,6,-6.96,1,0.06,0.004,0.127,0.3,0.389,130.9,3
TRK95A652B3AF,0.597,0.654,10,-5.56,1,0.078,0.165,0.0,0.196,0.395,92.3,4
TRK5B7F27032A,0.793,0.91,11,-3.79,1,0.021,0.165,0.101,0.17,0.559,126.0,4
TRK740350EB99,0.73,0.616,6,-6.64,1,0.277,0.062,0.0,0.18,0.532,109.8,4
TRK7F2119E165,0.648,0.411,10,-7.09,1,0.038,0.498,0.118,0.155,0.373,133.5,4
TRKDF6BD723F0,0.774,0.881,9,-5.33,1,0.0,0.0,0.136,0.142,0.817,138.8,4
TRKAB429E9D56,0.558,0.653,7,-4.71,1,0.05,0.27,0.0,0.126,0.565,114.2,4
TRK081B3CF8DE,0.491,0.577,2,-9.99,1,0.031,0.34,0.083,0.054,0.341,73.4,4
TRK45A58D9F33,0.695,0.892,6,-6.84,0,0.083,0.089,0.061,0.133,0.607,110.5,4
TRKEDA3AFE4C1,0.717,0.698,4,-6.21,1,0.103,0.145,0.0,0.19,0.961,107.5,4
TRK7DA353CB53,0.559,0.619,8,-7.34,1,0.0,0.333,0.093,0.19,0.428,93.3,4
TRKF066F32BC0,0.656,0.452,1,-9.78,1,0.094,0.57,0.451,0.029,0.219,68.2,4
TRK86282ACBCA,0.588,0.745,9,-6.35,0,0.088,0.0,0.0,0.182,0.294,135.8,4
TRK2A8B199D28,0.574,0.473,6,-5.97,0,0.041,0.356,0.0,0.228,0.809,101.3,4
TRK92C94B2CC7,0.553,0.552,1,-6.49,0,0.099,0.207,0.203,0.035,0.486,90.5,4
TRKAE564F1D3B,0.419,0.875,10,-6.8,0,0.077,0.0,0.138,0.323,0.363,118.0,4
TRKB7DA07E3FD,0.61,0.707,6,-3.1,0,0.074,0.09,0.0,0.127,0.239,114.7,4
TRKF86E14201B,0.725,0.674,11,-4.05,0,0.097,0.17,0.0,0.196,0.775,99.0,4
TRKA192C84003,0.513,0.556,0,-7.8,1,0.095,0.199,0.035,0.169,0.469,92.5,4
TRK3E0B194A9F,0.964,0.819,6,-1.93,1,0.182,0.261,0.077,0.159,0.678,107.6,4
TRKF912236D77,0.362,0.159,4,-13.66,1,0.041,0.822,0.789,0.08,0.486,50.0,4
TRKD5F82ACAFC,0.732,0.569,10,-6.65,1,0.214,0.06,0.038,0.31,0.859,82.6,4
TRKE79F82349B,0.502,0.972,7,-7.47,0,0.123,0.195,0.2,0.212,0.497,157.2,4
TRKD7B7CB39D7,0.829,0.611,6,-4.39,1,0.091,0.257,0.054,0.21,0.708,93.5,4
TRK512FEB3BF3,0.808,0.809,6,-4.41,1,0.08,0.39,0.126,0.165,0.681,127.8,4
TRKB817BF4B74,0.504,0.468,7,-14.36,1,0.0,0.515,0.438,0.098,0.317,71.4,4
TRK12370F2932,0.75,0.698,1,-7.29,0,0.162,0.312,0.074,0.204,0.643,97.4,4
TRKF5B9320649,0.303,0.175,9,-14.55,0,0.002,0.842,0.989,0.126,0.275,137.7,3
TRK4FA8857A43,0.497,0.855,9,-7.84,1,0.034,0.254,0.058,0.262,0.492,123.6,3
TRK162AF43DC2,0.458,0.989,4,-7.72,1,0.056,0.132,0.078,0.413,0.294,182.0,3
TRK6F286ED5C5,0.56,0.741,7,-3.77,1,0.051,0.197,0.233,0.291,0.539,98.5,4
TRK960698A0AB,0.619,0.713,6,-7.71,1,0.271,0.0,0.015,0.084,0.381,93.0,4
TRK3B14575379,0.813,0.644,0,-5.81,0,0.015,0.083,0.0,0.235,0.799,100.5,4
TRK36CE7125CC,0.369,1.0,11,-5.28,1,0.01,0.0,0.056,0.2,0.574,166.6,4
TRKD241BD0C32,0.538,0.532,8,-5.49,1,0.139,0.0,0.181,0.125,0.609,101.4,4
TRKAB8BCA224A,0.758,0.777,2,-2.8,0,0.122,0.083,0.0,0.128,0.723,83.6,5
TRK84BD267A60,0.523,0.841,11,-5.29,0,0.096,0.091,0.133,0.128,0.395,165.1,4
TRKA2321E18F3,0.943,0.672,9,-6.59,1,0.09,0.128,0.0,0.231,0.702,104.7,4
TRK220F581B4E,0.441,0.255,9,-16.12,1,0.015,0.523,0.411,0.051,0.328,72.9,4
TRKE83F24E376,0.631,0.844,1,-7.47,0,0.039,0.105,0.018,0.261,0.746,118.0,4
TRK2C2C382489,0.418,0.827,10,-3.95,0,0.031,0.187,0.0,0.261,0.523,134.2,4
TRK68EF77A60B,0.406,0.232,11,-13.81,1,0.097,0.915,0.215,0.135,0.505,57.3,4
TRK7CD32C7B7A,0.909,0.638,3,-2.98,0,0.097,0.112,0.0,0.191,0.615,91.3,4
TRK9E130A6521,0.7,0.838,9,-2.14,1,0.067,0.0,0.0,0.226,0.609,128.2,4
TRK8E92542496,0.755,0.708,4,-1.78,0,0.056,0.049,0.0,0.146,0.589,135.3,4
TRKEB2DF1F807,0.717,0.755,10,-5.46,0,0.033,0.0,0.0,0.253,0.405,154.3,4
TRK23E6796A0F,0.679,0.665,6,-4.28,1,0.107,0.092,0.0,0.094,0.625,106.2,4
TRK92318AB4F4,0.752,0.335,10,-9.63,0,0.081,0.088,0.121,0.136,0.303,90.5,4
TRK2738A4FB49,0.485,0.251,2,-16.47,0,0.0,0.898,0.759,0.089,0.413,88.6,4
TRK9999D67388,0.112,1.0,6,-5.48,0,0.077,0.0,0.0,0.325,0.418,183.2,4
TRK48149C26B3,0.795,0.666,2,-3.59,0,0.091,0.0,0.022,0.229,0.477,115.4,4
TRK05F87C35BA,0.594,0.706,1,-4.91,1,0.015,0.0,0.074,0.27,0.419,132.8,4
TRKF5FF2C57EF,0.74,0.709,11,-3.23,1,0.156,0.316,0.0,0.129,0.864,104.1,4
TRK22BBDF4FE0,0.349,0.593,9,-8.14,1,0.042,0.157,0.0,0.247,0.615,109.3,4
TRK65FF52160B,0.24,0.248,1,-13.78,1,0.03,1.0,0.906,0.146,0.352,94.7,4
TRK9B234B38A7,0.579,0.458,3,-12.21,0,0.012,0.777,0.409,0.196,0.561,50.0,4
TRKC96E9BB3ED,0.546,0.267,2,-9.86,1,0.05,0.639,0.711,0.149,0.487,65.8,4
TRKB2AAC41AF3,0.405,0.516,2,-2.16,1,0.05,0.387,0.038,0.246,0.626,76.2,4
TRKC2C9BD2973,0.579,0.463,4,-3.88,0,0.076,0.171,0.0,0.166,0.53,135.0,4
TRKCA132E6CC4,0.755,0.741,5,-9.84,1,0.011,0.021,0.125,0.158,0.717,86.1,4
TRKF765AFBD50,0.493,0.763,3,-5.59,0,0.045,0.08,0.021,0.221,0.447,91.3,4
TRK4A3FE68A22,0.436,0.83,0,-5.81,0,0.107,0.0,0.066,0.297,0.359,121.5,4
TRK1BF4A68B90,0.814,0.757,2,-8.37,0,0.067,0.248,0.0,0.164,0.631,105.3,4
TRK26EB25A546,0.84,0.82,6,-3.0,1,0.051,0.131,0.0,0.055,0.723,109.9,4
TRK7335E5EAF4,0.511,0.488,9,-10.88,0,0.012,0.789,0.365,0.197,0.355,126.7,4
TRKBE683647D7,0.343,0.171,8,-15.52,1,0.0,0.717,1.0,0.156,0.455,85.8,4
TRK0C57C42916,0.862,0.541,9,-7.05,1,0.113,0.162,0.0,0.171,0.713,95.1,4
TRKA6CBF89B91,0.692,0.635,1,-2.4,1,0.139,0.225,0.025,0.185,0.597,117.7,4
TRK4343C38AD4,0.532,0.219,3,-10.96,0,0.024,0.483,0.599,0.114,0.6,61.1,4
TRKC91478E9AA,0.635,0.587,8,-9.58,0,0.08,0.456,0.0,0.08,0.636,83.5,4
TRK25F08F9CB1,0.634,0.796,7,-2.65,0,0.089,0.185,0.0,0.205,0.626,109.3,4
TRK5FE8CFA1AE,0.586,0.553,11,-6.7,1,0.236,0.093,0.11,0.299,0.74,122.6,4
TRKA867AEBED0,0.719,0.601,9,-5.12,1,0.082,0.335,0.0,0.141,0.598,110.7,3
TRK9878657C0C,0.78,0.746,2,-6.87,1,0.039,0.225,0.0,0.211,0.676,84.1,4
TRKD97DA04817,0.825,0.689,5,-6.57,0,0.108,0.077,0.01,0.205,0.386,136.2,4
TRK0BF96D90F9,0.664,0.716,11,-4.55,0,0.056,0.283,0.141,0.288,0.294,161.2,3
TRKFA0139F16F,0.851,0.731,0,-3.07,0,0.062,0.0,0.219,0.187,0.77,129.6,4
TRK6DD237D484,0.716,0.848,4,-5.92,1,0.077,0.07,0.063,0.291,0.422,129.3,4
TRK82EF473DFA,0.903,0.475,10,-8.16,0,0.281,0.182,0.0,0.131,0.537,106.8,4
TRKB3D1A0F327,0.735,0.697,11,-3.37,1,0.051,0.212,0.025,0.139,0.84,93.6,4
TRKC8038B5422,0.816,0.652,7,-6.53,0,0.263,0.266,0.0,0.2,0.617,88.6,4
TRK9CE7D2DFB9,0.606,0.652,7,-5.68,1,0.089,0.12,0.137,0.085,0.29,111.8,4
TRKB521F01928,0.817,0.711,2,-7.52,1,0.039,0.227,0.0,0.237,0.337,108.9,4
TRK0742E41B42,0.598,0.557,2,-6.57,1,0.066,0.4,0.0,0.081,0.621,91.3,4
TRK76129DE937,0.777,0.493,11,-4.0,1,0.2,0.0,0.0,0.145,0.62,117.0,4
TRK243D9FC286,0.834,0.759,5,-6.64,0,0.232,0.003,0.0,0.123,0.478,93.9,4
TRKFE2EEE0439,0.563,0.64,5,-7.66,0,0.042,0.165,0.048,0.174,0.582,86.3,3
TRK9A70457A19,0.588,0.692,8,-5.74,1,0.0,0.4,0.0,0.141,0.441,97.9,4
TRK97DAA6D2B7,0.645,0.54,11,-8.15,1,0.135,0.419,0.0,0.19,0.346,82.4,4
TRKC622E3AC09,1.0,0.754,5,-3.25,1,0.055,0.034,0.0,0.137,0.903,111.4,4
TRKD1DEF4A8E8,0.858,0.687,10,-6.73,0,0.046,0.011,0.013,0.206,0.312,143.7,4
TRK926A2DBA96,0.637,0.379,2,-5.32,1,0.113,0.409,0.0,0.0,0.418,93.7,4
TRK3F2AB6FA47,0.477,0.953,7,-6.41,1,0.11,0.0,0.184,0.2,0.53,172.9,5
TRK526E32AA16,0.718,0.747,7,-4.75,1,0.071,0.329,0.0,0.12,0.6,91.3,4
TRK5862DA0A6C,0.612,0.689,11,-1.79,0,0.062,0.0,0.057,0.215,0.793,102.6,4
TRK123A79A322,0.505,0.954,9,-7.1,0,0.057,0.042,0.11,0.17,0.513,133.4,4
TRK084412D85F,0.278,0.853,1,-6.18,1,0.017,0.098,0.081,0.326,0.006,141.0,4
TRKD10206DC23,0.365,0.496,3,-10.63,1,0.047,0.355,0.028,0.135,0.526,101.8,5
TRK6687680172,0.7,0.535,2,-6.88,1,0.101,0.31,0.092,0.123,0.403,85.4,4
TRK18EFFD061B,0.783,0.551,2,-4.16,0,0.116,0.118,0.229,0.233,0.452,134.2,4
TRK3CA98C09D1,0.904,0.876,3,-5.29,1,0.112,0.25,0.0,0.171,0.534,92.8,4
TRK5450FCC1D6,0.791,0.708,0,-3.91,1,0.074,0.173,0.029,0.17,0.725,138.4,4
TRK8D65FC8A90,0.775,0.781,9,-4.58,1,0.072,0.234,0.0,0.163,0.867,94.2,4
TRKDAAB62D071,0.537,0.46,5,-9.22,1,0.082,0.872,0.428,0.22,0.333,85.6,4
TRK4D6065E2CB,0.447,0.61,0,-8.12,1,0.077,0.217,0.0,0.116,0.235,64.1,4
TRK840A0DE734,0.664,0.712,3,-6.17,1,0.094,0.119,0.0,0.105,0.654,98.0,4
TRKAA2D6372CD,0.514,0.366,3,-12.23,1,0.041,0.564,0.333,0.168,0.367,102.6,4
TRK203E7B3AF5,0.736,0.684,4,-3.41,0,0.088,0.364,0.17,0.124,0.905,111.0,4
TRKF76B76238A,0.57,0.796,6,-3.53,1,0.079,0.075,0.062,0.165,0.486,94.4,4
TRK0140885385,0.877,0.58,4,-8.24,0,0.286,0.083,0.042,0.142,0.429,97.6,4
TRK1CEE6BA979,0.593,0.633,8,-3.53,1,0.035,0.233,0.0,0.118,0.365,175.5,4
TRK2A20A96834,0.596,0.63,11,-5.99,1,0.032,0.246,0.06,0.227,0.48,128.6,4
TRK3623428B31,0.432,0.369,6,-8.15,1,0.034,0.654,0.177,0.266,0.266,88.2,4
TRKBB60297998,0.701,0.845,3,-4.47,1,0.12,0.063,0.0,0.176,0.454,116.2,4
TRKCACEDE0274,0.774,0.513,11,-8.2,0,0.236,0.079,0.0,0.067,0.268,101.4,4
TRK19DF2AD4A5,0.208,0.113,8,-15.27,1,0.029,1.0,0.922,0.125,0.302,50.7,4
TRKBF8048047E,0.706,0.657,1,-7.11,0,0.152,0.081,0.0,0.245,0.656,98.4,4
TRK2E90D806F9,0.83,0.876,3,-5.52,1,0.058,0.235,0.0,0.26,0.581,133.2,4
TRK6144C9B136,0.725,0.627,1,-7.86,0,0.236,0.184,0.053,0.143,0.511,80.6,4
TRKE68A91473B,0.74,0.578,8,-9.41,1,0.072,0.423,0.172,0.055,0.493,74.1,4
TRK617E8F51C1,0.736,0.666,3,-8.84,1,0.231,0.07,0.0,0.236,0.477,112.3,4
TRKBEA586C5A5,0.299,0.147,1,-15.69,1,0.008,0.863,0.911,0.084,0.267,79.4,4
TRKA93FBA9D38,0.606,0.777,2,-5.43,0,0.104,0.0,0.091,0.155,0.279,131.5,4
TRK3AA35585C0,0.664,0.498,7,-10.2,0,0.092,0.243,0.0,0.125,0.545,87.8,4
TRK68340B7D13,0.45,0.596,0,-8.73,1,0.106,0.288,0.085,0.099,0.643,98.9,4
TRKE2E31A4390,0.508,0.862,1,-7.33,0,0.072,0.137,0.0,0.292,0.522,143.5,4
TRKF26B6A8B62,0.372,0.074,5,-13.57,1,0.007,0.936,0.876,0.172,0.431,123.4,4
TRK0A65967034,0.397,0.941,7,-5.3,1,0.057,0.0,0.059,0.354,0.277,136.5,4
TRK68200CBD85,0.548,0.34,11,-10.02,0,0.0,0.357,0.222,0.12,0.489,124.6,5
TRK1A38AD4A11,0.308,1.0,4,-3.45,1,0.054,0.069,0.228,0.283,0.472,137.3,4
TRK91D98E7CE8,0.584,0.353,3,-9.82,1,0.064,0.26,0.021,0.228,0.5,89.1,4
TRK4DF0EA1B7B,0.736,0.489,5,-5.38,0,0.259,0.2,0.129,0.169,0.557,118.4,4
TRK2E38DDBBA3,0.305,0.941,2,-2.52,1,0.04,0.084,0.217,0.319,0.654,142.9,4
TRK3B4D8FE669,0.733,0.693,0,-6.04,1,0.081,0.352,0.0,0.0,0.801,96.6,4
TRK679D592517,0.611,0.99,10,-3.49,1,0.063,0.0,0.154,0.307,0.351,120.0,4
TRKA7566CE187,0.735,0.555,6,-4.45,1,0.094,0.217,0.112,0.171,0.724,123.5,4
TRKB950089368,0.838,0.667,11,-4.93,1,0.252,0.214,0.0,0.133,0.825,113.3,4
TRKBA467E537E,0.31,0.054,5,-13.91,1,0.0,0.759,0.952,0.183,0.266,50.0,4
TRK7AB51D6F48,0.859,0.63,6,-6.03,0,0.232,0.0,0.056,0.191,0.304,95.7,4
TRK48D39192F7,0.384,0.54,5,-5.54,1,0.042,0.465,0.023,0.213,0.67,87.7,4
TRK71076720A3,0.552,0.581,7,-6.25,1,0.239,0.174,0.035,0.226,0.312,91.5,3
TRKC91AD88CBC,0.581,0.476,3,-7.24,0,0.053,0.219,0.0,0.154,0.272,92.9,4
TRK388EA1F56A,0.484,0.746,7,-2.2,0,0.054,0.089,0.0,0.205,0.361,146.4,4
TRKA528C65A5D,0.562,0.678,10,-7.15,1,0.059,0.06,0.0,0.253,0.552,113.9,4
TRKA21310E954,0.436,0.865,3,-7.99,1,0.013,0.342,0.12,0.225,0.532,160.8,4
TRK15171C57CE,0.138,0.157,9,-14.81,1,0.104,0.951,0.799,0.094,0.218,84.0,5
TRK70D0A47D32,0.706,0.515,4,-8.53,1,0.099,0.099,0.0,0.196,0.363,94.1,4
TRKEFABF0F770,0.379,0.582,0,-9.16,1,0.025,0.338,0.015,0.08,0.691,103.0,5
TRKF07EFF5482,0.811,0.609,3,-2.96,0,0.09,0.382,0.166,0.162,0.589,106.0,4
TRK3AED991170,0.522,0.856,7,-6.2,1,0.097,0.0,0.051,0.25,0.54,127.4,4
TRK0488F56D33,0.846,0.563,3,-5.86,1,0.117,0.093,0.121,0.153,0.39,169.4,4
TRK8C78DB2228,0.299,0.284,8,-13.21,1,0.0,0.88,0.86,0.076,0.315,93.7,4
TRKB064BEA29B,0.518,0.214,8,-12.82,0,0.043,0.456,0.162,0.275,0.456,137.3,5
TRK10A8B92928,0.49,0.676,5,-4.29,1,0.115,0.116,0.171,0.05,0.642,90.0,5
TRK7E1A5EAF41,0.528,0.507,3,-8.02,1,0.048,0.277,0.088,0.201,0.609,108.1,4
TRK661497BC3E,0.61,0.941,9,-3.97,1,0.041,0.015,0.207,0.252,0.247,137.0,4
TRKE647086177,0.412,0.787,6,-3.95,1,0.04,0.218,0.0,0.217,0.434,116.2,4
TRKB1375E47DC,0.68,0.58,6,-6.28,0,0.191,0.163,0.012,0.178,0.478,108.3,4
TRKBAD4585A2E,0.863,0.608,4,-7.55,1,0.26,0.165,0.0,0.137,0.304,102.0,4
TRKFDC9A96E81,0.514,0.468,1,-9.8,1,0.065,0.678,0.543,0.182,0.34,96.8,4
TRKA73D3869E9,0.589,0.496,4,-6.22,1,0.051,0.339,0.28,0.252,0.521,108.7,3
TRKFA52A5E000,0.397,0.75,11,-2.86,1,0.04,0.214,0.0,0.327,0.59,146.8,5
TRK112119DA42,0.537,0.766,6,-3.81,1,0.0,0.0,0.0,0.294,0.018,128.9,4
TRK04DBC42C94,0.261,0.983,1,-3.97,1,0.068,0.042,0.23,0.376,0.088,141.8,4
TRK6DD88CDCF9,0.377,0.866,2,-3.64,1,0.062,0.0,0.206,0.27,0.262,169.2,3
TRK86D44066A8,0.609,0.431,3,-4.04,1,0.104,0.233,0.2,0.031,0.262,76.6,5
TRK7936B0CA63,0.583,0.389,0,-7.92,0,0.091,0.382,0.0,0.118,0.52,92.7,4
TRKB2FC673BCD,0.439,0.414,1,-10.2,1,0.129,0.626,0.328,0.134,0.405,121.2,4
TRKA1275FBE57,0.848,0.697,3,-8.53,0,0.227,0.0,0.138,0.089,0.657,89.4,4
TRKB5B93DDC50,0.722,0.539,5,-8.63,1,0.293,0.093,0.0,0.241,0.557,89.2,3
TRK6A7F93FCCB,0.819,0.687,4,-4.74,1,0.032,0.196,0.0,0.137,0.629,120.3,4
TRK1BAFB446F9,0.668,0.451,3,-7.91,0,0.208,0.083,0.0,0.265,0.364,89.9,3
TRKD4334DD51C,0.515,0.884,7,-3.74,0,0.034,0.059,0.149,0.269,0.533,131.3,4
TRK6B7D48C88B,0.724,0.676,1,-8.55,0,0.148,0.038,0.0,0.237,0.364,104.9,4
TRK2BD79FF4FD,0.581,0.385,10,-12.64,1,0.028,0.407,0.605,0.078,0.433,69.9,5
TRK5CAB92D668,0.482,1.0,3,-4.07,1,0.059,0.0,0.101,0.3,0.591,160.6,4
TRKFD5E934119,0.482,0.51,5,-6.87,1,0.148,0.288,0.28,0.163,0.452,82.5,4
TRKB5B4DDF396,0.785,0.64,8,-5.15,1,0.073,0.0,0.0,0.062,0.612,101.9,4
TRKBDC648A47D,0.799,0.608,3,-4.03,0,0.052,0.161,0.0,0.117,0.517,94.3,4
TRKF8499CF53A,0.558,0.548,8,-6.85,1,0.004,0.334,0.0,0.127,0.528,105.7,4
TRK018C6DEB3A,0.75,0.196,6,-13.69,1,0.028,0.543,0.754,0.026,0.102,69.1,3
TRK17C8460F88,0.468,0.625,6,-6.81,1,0.043,0.492,0.08,0.163,0.448,95.3,4
TRK36052BA575,0.753,0.731,1,-5.08,1,0.0,0.069,0.129,0.199,0.629,117.0,4
TRK494A28F3EF,0.424,0.221,3,-16.31,0,0.0,0.946,0.86,0.116,0.354,139.2,4
TRKB26E2CF9A8,0.839,0.753,4,-5.01,0,0.066,0.244,0.078,0.161,0.663,113.6,4
TRKD74A00874B,0.612,0.895,0,-6.29,1,0.0,0.056,0.101,0.275,0.636,114.0,4
TRK3A69C16A0F,0.675,0.475,2,-8.44,0,0.107,0.188,0.0,0.115,0.38,121.4,4
TRK3D74B74718,0.648,0.246,10,-12.43,1,0.002,0.524,0.752,0.159,0.226,76.5,4
TRKFE1D2A3216,0.124,0.224,3,-20.71,0,0.083,1.0,0.719,0.118,0.644,106.2,4
TRK6CE73ED66B,0.65,0.653,0,-2.51,0,0.126,0.351,0.027,0.107,0.709,97.6,5
TRKC075659E86,0.538,0.514,10,-14.4,1,0.0,0.544,0.369,0.244,0.704,96.1,4
TRK4CA2B57232,0.524,0.516,0,-4.06,0,0.084,0.232,0.0,0.194,0.463,122.1,4
TRKFC1CDF1480,0.783,0.672,0,-8.26,1,0.227,0.172,0.0,0.268,0.411,103.2,4
TRKB242DA25BB,0.706,0.695,5,-11.05,1,0.112,0.0,0.0,0.141,0.424,114.9,4
TRK3FD5FF7058,0.544,0.277,7,-11.31,1,0.085,0.855,0.519,0.196,0.629,105.4,5
TRK4A9DB53002,0.765,0.389,9,-10.75,1,0.001,0.75,0.456,0.212,0.524,123.6,3
TRKCB7E99BB25,0.618,0.761,1,-5.3,0,0.134,0.12,0.0,0.108,0.556,76.7,4
TRKCC6B6F70BD,0.295,0.194,2,-11.36,1,0.003,0.288,0.594,0.098,0.312,97.7,4
TRKF383D9847B,0.689,0.716,6,-4.41,1,0.169,0.36,0.0,0.15,0.85,103.7,4
TRK593BDEBB53,0.845,0.701,1,-2.92,1,0.116,0.286,0.052,0.211,0.779,99.1,4
TRKF1AF70E7FC,0.476,0.409,3,-5.95,0,0.098,0.355,0.0,0.061,0.317,86.6,3
TRK3CBE92CAFA,0.443,0.467,4,-13.27,1,0.0,0.809,0.309,0.299,0.371,99.6,3
TRKA79E09C7AC,0.5,0.786,11,-5.85,1,0.095,0.0,0.045,0.096,0.345,135.6,4
TRKD83245F52C,0.558,0.457,8,-11.6,0,0.038,0.612,0.403,0.186,0.553,99.6,4
TRK4DC31DD578,0.801,0.776,5,-8.3,1,0.253,0.0,0.185,0.165,0.209,96.8,4
TRK106FC2659D,0.911,0.561,6,-8.47,0,0.194,0.0,0.0,0.252,0.488,91.0,4
TRKCAFFAD25CA,0.418,0.268,8,-12.62,1,0.065,0.544,0.516,0.181,0.482,69.4,4
TRK3627ADC1B3,0.519,0.648,3,-3.82,0,0.028,0.289,0.026,0.043,0.587,86.4,4
TRKE6A1C07539,0.394,0.92,11,-3.96,1,0.059,0.039,0.095,0.254,0.332,158.8,4
TRK75D55D34BF,0.289,0.913,11,-3.08,1,0.05,0.006,0.077,0.278,0.308,137.6,4
TRK1C9EA9C705,0.739,0.495,10,-5.71,0,0.015,0.346,0.0,0.053,0.649,123.8,4
TRKE14C6836A5,0.476,0.689,6,-5.84,1,0.0,0.457,0.0,0.048,0.371,110.5,4
TRK46AEE715A1,0.187,0.926,5,-6.66,1,0.095,0.082,0.075,0.213,0.323,138.4,4
TRKA7E6C7D836,0.683,0.491,10,-6.69,0,0.094,0.216,0.0,0.138,0.206,83.6,4
TRK325CB8E516,0.43,0.326,7,-6.36,1,0.09,0.221,0.044,0.101,0.13,76.7,4
TRK37025A2DB6,0.775,0.641,3,-6.26,1,0.145,0.225,0.079,0.307,0.468,143.2,4
TRKE3C739205F,0.73,0.671,3,-7.93,1,0.068,0.174,0.0,0.243,0.538,136.1,4
TRKAFA8129512,0.704,0.434,3,-12.66,0,0.0,0.75,0.716,0.0,0.501,81.1,4
TRKFE09055C67,0.454,0.957,4,-4.52,1,0.037,0.0,0.186,0.269,0.526,130.1,4
TRK0A39AFF07F,0.79,0.667,9,-5.96,0,0.127,0.118,0.031,0.139,0.63,116.4,4
TRK1E35D996B2,0.431,0.771,10,-5.03,1,0.02,0.0,0.077,0.16,0.38,138.2,4
TRKB1621CCEE1,0.752,0.687,9,-5.93,1,0.235,0.023,0.012,0.218,0.527,95.8,4
TRK1127181D9D,0.711,0.778,4,-4.93,1,0.0,0.207,0.159,0.265,0.473,120.5,4
TRKBED74DE2C2,0.66,0.724,0,-5.18,0,0.037,0.0,0.0,0.112,0.531,106.7,4
TRK42BB980A9D,0.572,0.497,7,-7.07,1,0.101,0.159,0.0,0.181,0.566,86.0,4
TRK8E0934E1B3,0.526,0.555,0,-6.04,1,0.055,0.095,0.0,0.094,0.413,94.6,4
TRKF38AF40936,0.291,0.693,8,-5.85,0,0.018,0.21,0.062,0.244,0.589,96.6,4
TRK159CBEAE3D,0.614,0.562,3,-5.45,1,0.14,0.134,0.123,0.197,0.563,108.5,4
TRK542A1EA60B,0.801,0.477,0,-7.05,1,0.224,0.282,0.019,0.183,0.377,103.8,4
TRK81DF7C6454,0.368,0.293,0,-9.81,1,0.032,0.541,0.363,0.136,0.548,86.6,4
TRKD359249EDA,0.464,0.216,11,-10.79,1,0.03,0.451,0.751,0.098,0.375,78.9,4
TRKB409C6913A,0.381,0.775,9,-4.96,1,0.056,0.0,0.068,0.337,0.414,73.0,3
TRK8A37DBED88,0.547,0.597,11,-6.2,1,0.076,0.282,0.065,0.141,0.464,94.5,3
TRK2AC52DD25B,0.249,0.179,4,-15.11,0,0.035,0.89,0.786,0.097,0.419,60.6,4
TRKE99112DCFC,0.88,0.601,0,-4.63,1,0.046,0.092,0.0,0.152,0.347,133.1,4
TRK448F2EC250,0.408,0.905,11,-3.0,1,0.075,0.271,0.114,0.146,0.416,124.3,4
TRKA358291921,0.68,0.574,10,-5.66,0,0.244,0.114,0.125,0.082,0.565,106.7,4
TRKD02D2F15EC,0.665,0.673,6,-3.92,1,0.067,0.201,0.108,0.241,0.377,115.7,4
TRK01F1C5BE46,0.484,0.961,7,-3.06,1,0.07,0.286,0.058,0.376,0.425,130.1,4
TRKC56FCE989A,0.685,0.791,11,-3.37,1,0.048,0.0,0.151,0.233,0.896,130.2,4
TRK213D523B3D,0.436,0.831,4,-4.27,1,0.063,0.233,0.195,0.192,0.199,114.8,4
TRK49C042E93D,0.806,0.694,11,-5.9,0,0.267,0.106,0.0,0.19,0.48,89.7,4
TRK45BC44C54B,0.689,0.594,11,-10.74,1,0.094,0.144,0.0,0.201,0.226,81.4,4
TRK07126E5504,0.344,0.761,5,-6.01,1,0.081,0.042,0.176,0.298,0.279,138.3,4
TRK09C2A4F659,0.716,0.782,7,-3.55,0,0.114,0.163,0.014,0.22,0.426,173.5,4
TRK47CD71A8B9,0.711,0.832,7,-4.86,0,0.136,0.0,0.05,0.223,0.437,170.7,4
TRK1F63A1C2C5,0.613,0.703,10,-4.46,1,0.102,0.142,0.0,0.201,0.753,152.0,4
TRK3CDC463985,0.428,0.364,8,-5.12,0,0.032,0.498,0.0,0.24,0.553,112.8,3
TRK1C95ADD37A,0.779,0.81,6,-4.8,1,0.084,0.123,0.069,0.128,0.683,103.2,4
TRK5CB39BE511,0.649,0.491,6,-5.31,1,0.077,0.291,0.11,0.204,0.308,79.2,4
TRK9F2326A364,0.787,0.642,2,-7.94,1,0.097,0.413,0.0,0.149,0.694,104.2,4
TRKE6A6F50203,0.71,0.653,2,-7.23,1,0.217,0.12,0.0,0.104,0.606,97.0,4
TRKE9DD667F41,0.327,0.868,8,-3.71,0,0.041,0.0,0.0,0.276,0.161,142.7,4
TRK1615AE7ACB,0.677,0.746,8,-6.66,0,0.122,0.238,0.165,0.086,0.518,149.6,4
TRK219E1357B8,0.64,0.611,7,-8.71,0,0.081,0.22,0.0,0.142,0.587,88.4,4
TRK60A87344B3,0.151,0.265,6,-14.22,1,0.054,0.783,0.774,0.194,0.223,125.4,4
TRKAC47DF4C58,0.671,0.518,1,-8.13,0,0.063,0.261,0.06,0.176,0.356,101.8,4
TRK4110C8EBBF,0.475,0.666,6,-6.31,0,0.167,0.235,0.0,0.079,0.739,107.2,4
TRKD76A331F33,0.594,0.828,10,-3.8,1,0.119,0.147,0.0,0.355,0.586,114.4,4
TRKAD2179F7D2,0.339,0.771,11,-5.38,1,0.079,0.0,0.175,0.248,0.733,139.0,4
TRKC1B09FB746,0.348,0.803,4,-2.71,0,0.027,0.14,0.091,0.478,0.431,139.5,4
TRK787A2F4A9C,0.218,0.97,6,-2.6,1,0.092,0.0,0.038,0.333,0.309,203.0,4
TRK271CB2BDA1,0.578,0.442,6,-4.69,1,0.0,0.017,0.061,0.258,0.342,107.8,4
TRK0B8BA52CB1,0.565,0.55,11,-6.05,0,0.0,0.593,0.001,0.152,0.691,77.2,4
TRK7F39817581,0.862,0.644,6,-2.86,1,0.062,0.0,0.0,0.165,0.63,106.1,4
TRKC1D72358DE,0.553,0.558,4,-3.14,0,0.095,0.099,0.047,0.113,0.594,101.2,4
TRK7263109DE3,0.538,0.424,4,-5.84,1,0.1,0.152,0.0,0.201,0.4,97.7,4
TRK5FA827765B,0.708,0.766,8,-4.78,1,0.091,0.084,0.053,0.149,0.751,98.0,4
TRKA6B5197767,0.68,0.791,11,-6.93,1,0.196,0.13,0.149,0.132,0.611,88.8,5
TRK963601AE95,0.768,0.657,1,-5.57,1,0.024,0.478,0.0,0.181,0.846,95.4,4
TRK354DB2776F,0.766,0.67,8,-6.23,0,0.167,0.218,0.0,0.047,0.816,82.7,4
TRKD8E9FE1DC7,0.437,0.748,3,-1.38,1,0.12,0.027,0.0,0.303,0.394,165.6,3
TRKB9786F08AF,0.806,0.279,9,-11.29,1,0.091,0.87,,0.214,0.577,82.1,4
TRK8162C179B9,0.713,0.887,9,-3.33,1,0.085,0.029,0.211,0.149,0.564,131.3,4
TRKBF81B0A17C,0.448,0.842,9,-3.56,1,0.025,0.049,0.106,0.177,0.283,124.5,4
TRK5691EE35EC,0.509,0.032,1,-12.16,1,0.002,0.412,0.566,0.16,0.684,85.6,4
TRK9BD9581336,0.68,0.401,7,-3.5,0,0.087,0.127,0.0,0.079,0.695,82.4,4
TRKBD7EBE1480,0.57,0.351,6,-7.48,1,0.114,0.223,0.115,0.11,0.385,77.3,4
TRK8084EB60EB,0.334,0.781,4,-3.85,0,0.067,0.214,0.25,0.345,0.182,135.3,4
TRKBC9720244D,0.581,0.711,10,-10.8,1,0.087,0.385,0.035,0.18,0.425,131.2,4
TRK955CB90AB9,0.749,0.602,11,-6.12,1,0.146,0.0,0.106,0.191,0.534,139.4,4
TRK7A901AB57D,0.576,0.653,11,-2.56,1,0.068,0.045,0.0,0.24,0.619,113.7,3
TRK78A4A0A3CD,0.764,0.786,3,-4.27,1,0.027,0.214,0.197,0.283,0.616,133.4,4
TRK9F0FDF2AD0,0.473,0.291,0,-15.47,1,0.0,0.614,0.646,0.198,0.542,72.3,4
TRKDBCD037CB0,0.68,0.557,3,-6.31,1,0.199,0.328,0.0,0.244,0.727,97.0,4
TRKCCF680FEF2,0.431,0.883,10,-6.66,1,0.066,0.055,0.151,0.317,0.186,150.6,4
TRK45FBC0DEAF,0.297,0.94,7,-3.35,1,0.076,0.028,0.224,0.314,0.378,138.8,4
TRK85D1DE2DC6,0.398,1.0,7,-4.22,1,0.028,0.0,0.167,0.277,0.385,135.2,4
TRK38895994FF,0.136,0.015,5,-15.1,1,0.072,1.0,0.863,0.239,0.31,94.8,4
TRK2577F12785,0.635,0.148,8,-13.45,0,0.097,0.652,0.605,0.119,0.101,61.8,4
TRKF01C518680,0.673,0.625,7,-8.02,1,0.027,0.388,0.038,0.173,0.573,108.1,4
TRKCD1CF818BE,0.31,0.823,6,-5.7,1,0.075,0.196,0.13,0.26,0.467,118.0,4
TRKCD265781F5,0.415,0.537,4,-3.2,1,0.031,0.218,0.023,0.188,0.485,119.0,4
TRK338598D4E6,0.781,0.789,8,-2.75,0,0.056,0.011,0.0,0.127,0.601,103.5,4
TRK9168041F8A,0.414,0.707,4,-5.03,1,0.058,0.284,0.175,0.172,0.604,117.4,3
TRKCCE00AED28,0.707,0.926,6,-2.38,1,0.082,0.04,0.095,0.324,0.66,136.0,4
TRKA6865FD0C5,0.73,0.256,11,-13.17,0,0.087,0.557,0.507,0.119,0.572,75.2,4
TRKCD54254A6B,0.455,0.187,2,-9.13,1,0.048,0.552,0.517,0.198,0.064,68.9,4
TRK3F6D5EE8B0,0.581,0.237,2,-12.82,0,0.014,0.693,0.562,0.092,0.28,67.3,4
TRK418AC4E27A,0.502,0.619,9,-4.09,1,0.08,0.17,0.176,0.277,0.346,121.0,4
TRK2091BAFDF7,0.721,0.787,6,-5.63,1,0.011,0.09,0.0,0.159,0.645,102.9,4
TRKAE42C39592,0.557,0.751,8,-1.66,1,0.1,0.0,0.0,0.127,0.585,96.0,4
TRK2B06FDA491,1.0,0.657,3,-5.94,1,0.02,0.165,0.0,0.093,0.91,112.2,4
TRK970F41E6A2,0.078,0.368,5,-14.45,0,0.074,0.941,0.754,0.153,0.371,62.6,4
TRK42ACBD29A2,0.704,0.76,7,-6.29,0,0.105,0.209,0.106,0.099,0.844,106.9,4
TRK5CF7A26C0A,0.633,0.447,10,-7.1,1,0.09,0.277,0.046,0.096,0.773,94.5,4
TRKC607417583,0.457,0.768,7,-6.38,0,0.048,0.11,0.063,0.203,0.328,,4
TRKE7FEB615D9,0.628,0.836,4,-3.65,1,0.105,0.055,0.0,0.22,0.679,112.3,4
TRKE91635D040,0.334,0.509,4,-9.36,1,0.024,0.263,0.0,0.192,0.354,107.4,4
TRK88CEAF6233,0.428,0.727,11,-8.3,0,0.0,0.179,0.141,0.09,0.483,112.5,4
TRK03AA15ED7A,0.529,0.542,4,-8.33,0,0.093,0.293,0.071,0.252,0.344,95.7,5
TRKE68778A119,0.706,0.609,0,-1.39,1,0.08,0.007,0.0,0.111,0.684,107.7,3
TRKFC8EBE475C,0.736,0.493,1,-8.2,1,0.102,0.322,0.0,0.018,0.505,84.0,4
TRK5FB08DC002,0.491,0.551,0,-4.77,1,0.171,0.067,0.0,0.235,0.416,104.4,4
TRK4253471B34,0.824,0.598,1,-7.59,1,0.27,0.274,0.0,0.074,0.5,94.1,4
TRKF4D0A31254,0.426,0.832,9,-5.12,1,0.0,0.0,0.0,0.345,0.684,99.7,4
TRK5454C14F42,0.3,0.687,5,-8.25,0,0.072,0.056,0.042,0.245,0.353,115.3,4
TRK286462299D,0.87,0.439,0,-7.83,0,0.058,0.286,0.0,0.159,0.505,81.4,4
TRK0836FBA8C6,0.732,0.5,11,-5.99,1,0.0,0.243,0.0,0.166,0.523,120.4,4
TRKCA858561CA,0.901,0.843,5,-2.79,0,0.143,0.0,0.0,0.134,0.618,102.6,5
TRK1A8A1461FC,0.474,0.635,4,-5.58,0,0.094,0.01,0.207,0.247,0.496,93.7,4
TRK67B717023D,0.817,0.745,5,-6.02,1,0.097,0.215,0.15,0.074,0.674,104.3,4
TRKB88A2886F4,0.353,0.291,0,-15.48,1,0.0,0.86,0.803,0.115,0.541,113.4,4
TRK8BD65F2C69,0.722,0.747,8,-3.19,1,0.055,0.0,0.118,0.168,0.488,125.4,4
TRK92138260C6,0.566,0.463,0,-6.23,0,0.0,0.538,0.0,0.097,0.704,112.1,4
TRK534F4C1EE2,0.69,0.75,1,-7.72,1,0.113,0.0,0.163,0.333,0.57,131.5,4
TRK589A457070,0.611,0.814,9,-2.42,1,0.122,0.175,0.076,0.201,0.421,140.9,4
TRKD3F32A9C4B,0.833,0.713,6,-4.83,0,0.092,0.142,0.0,0.145,0.453,107.7,5
TRK597556E178,0.696,0.826,11,-8.23,1,0.058,0.165,0.148,0.063,0.694,101.1,5
TRK417A37236D,0.473,0.365,11,-5.67,1,0.135,0.128,0.0,0.0,0.366,86.7,4
TRKE3242796A9,0.217,0.837,10,-3.3,0,0.102,0.046,0.262,0.263,0.581,120.3,4
TRKF790A00EC2,0.671,0.613,1,-8.59,1,0.016,0.545,0.0,0.25,0.802,119.6,4
TRK03A4F18D93,0.723,0.726,3,-6.01,0,0.212,0.156,0.034,0.204,0.469,111.7,4
TRK5ECF19C035,0.545,0.696,10,-7.96,1,0.05,0.405,0.0,0.21,0.552,81.9,3
TRK0E111F0A76,0.413,0.728,4,-4.57,1,0.009,0.451,0.089,0.18,0.549,110.8,4
TRK8A13B60C31,0.54,0.836,8,-5.32,1,0.067,0.143,0.095,0.316,0.362,140.0,3
TRKB4DD51BA07,0.633,0.616,11,-5.85,1,0.08,0.152,0.035,0.25,0.542,130.9,4
TRK2429FB98D3,0.639,0.687,8,-2.84,1,0.053,0.0,0.0,0.202,0.31,140.6,4
TRKEEF5B280CA,0.469,0.963,2,-0.98,0,0.093,0.006,0.088,0.247,0.221,93.1,4
TRKABFFB6DE47,0.628,0.644,9,-6.06,1,0.259,0.141,0.0,0.108,0.39,105.6,4
TRK930D5253CE,0.798,0.615,9,-5.36,1,0.115,0.058,0.152,0.126,0.851,107.7,4
TRK78318D6A5D,0.212,0.87,7,-3.13,1,0.043,0.042,0.067,0.246,0.338,128.8,4
TRK9BB72A4A81,0.728,0.603,9,-7.72,1,0.22,0.282,0.0,0.142,0.43,120.0,4
TRKA034AE6829,0.686,0.497,6,-6.9,1,0.141,0.265,0.0,0.149,0.375,91.6,4
TRK775B9D5606,0.36,0.772,8,-2.78,1,0.036,0.134,0.02,0.247,0.367,148.8,4
TRK75B379BF6D,0.539,0.598,10,-5.32,1,0.095,0.197,0.077,0.229,0.496,84.0,4
TRK32B87BE691,0.684,0.489,7,-8.57,1,0.254,0.0,0.076,0.048,0.697,96.5,5
TRKFCB6754F11,0.847,0.851,0,-6.04,1,0.021,0.348,0.138,0.146,0.453,94.3,4
TRK1B31331782,0.829,0.534,10,-6.83,1,0.31,0.0,0.022,0.289,0.554,104.4,4
TRK6D336D982A,0.8,0.718,0,-8.16,0,0.241,0.318,0.0,0.221,0.45,103.1,4
TRK1CD409ACE3,0.966,0.335,1,-9.32,1,0.277,0.095,0.145,0.181,0.418,110.7,4
TRKB969271167,0.596,0.883,1,-4.37,0,0.069,0.045,0.2,0.231,0.712,115.9,4
TRK3B00385D24,0.558,0.805,10,-2.3,1,0.005,0.0,0.0,0.25,0.375,118.1,4
TRK07D4EFA9EA,0.837,0.796,8,-6.76,0,0.14,0.082,0.108,0.162,0.523,102.0,4
TRK88090C3E30,0.595,0.535,3,-6.39,0,0.121,0.347,0.0,0.085,0.387,88.5,4
TRK1D8621FD39,0.687,0.736,1,-2.63,0,0.133,0.33,0.0,0.179,0.683,114.0,4
TRK9B0879E8C0,0.581,0.795,2,-1.45,0,0.051,0.0,0.223,0.211,0.585,137.6,4
TRK5C11BE3DF9,0.782,0.803,10,-5.86,1,0.091,0.239,0.0,0.151,0.785,119.5,4
TRKC30D78D7D6,0.512,0.783,8,-8.34,1,0.068,0.07,0.135,0.305,0.508,118.2,4
TRKC3018C3999,0.717,0.668,2,-5.6,0,0.158,0.078,0.114,0.171,0.508,149.0,4
TRKCE29AEDDC7,0.319,0.926,7,-2.8,1,0.024,0.0,0.0,0.299,0.124,116.7,4
TRKECDF532B18,0.229,0.216,7,-14.3,1,0.06,0.999,0.744,0.107,0.22,108.5,4
TRKBA4BBD75B7,0.539,0.439,8,-8.03,1,0.088,0.24,0.018,0.083,0.83,96.3,4
TRK693A654580,0.255,0.867,2,-3.28,0,0.037,0.0,0.216,0.371,0.095,159.3,4
TRK3B8C205332,0.606,0.55,7,-6.8,1,0.034,0.282,0.0,0.218,0.73,112.7,4
TRKCDD3368FCB,0.797,0.944,11,-3.72,1,0.019,0.0,0.156,0.232,0.509,130.6,3
TRKA350B5F77D,0.677,0.798,0,-3.22,1,0.104,0.164,0.0,0.105,0.683,94.5,4
TRK0456D6B2B7,0.767,0.824,3,-4.83,1,0.06,0.147,0.194,0.206,0.562,126.0,4
TRKF4FD854012,0.729,0.537,6,-9.72,1,0.167,0.144,0.125,0.073,0.628,89.7,4
TRKF781F2C47C,0.814,0.652,9,-9.18,0,0.25,0.0,0.017,0.201,0.481,108.6,4
TRK17FF648D67,0.615,0.458,0,-8.4,0,0.046,0.303,0.0,0.102,0.309,96.7,4
TRKA685619773,0.509,0.501,7,-8.83,0,0.067,0.51,0.084,0.092,0.444,136.4,4
TRK021BE0289F,0.89,0.625,11,-4.57,0,0.227,0.245,0.0,0.17,0.405,109.0,4
TRK702F2E1728,0.475,0.441,1,-12.7,1,0.025,0.69,0.438,0.241,0.516,102.1,5
TRK4A3FE8A07A,0.519,0.342,1,-7.3,1,0.093,0.481,0.386,0.083,0.525,57.5,4
TRKF7F6BD8C05,0.699,0.766,1,-5.95,1,0.061,0.189,0.0,0.093,0.365,138.4,4
TRK31B9701C5B,0.307,0.386,0,-14.56,0,0.007,1.0,0.795,0.066,0.373,160.9,4
TRK0F949276D1,0.596,0.654,8,-4.31,1,0.127,0.255,0.072,0.117,0.703,93.0,4
TRKD5EA4A2C3A,0.685,0.806,0,-4.6,0,0.0,0.21,0.0,0.198,0.542,129.6,4
TRKE5585FC999,0.665,0.659,0,-7.47,1,0.07,0.053,0.021,0.136,0.778,96.9,4
TRK9483EA3647,0.562,0.797,1,-5.11,1,0.038,0.129,0.0,0.143,0.396,134.0,4
TRKF0B58540D0,0.743,0.829,6,-1.49,1,0.054,0.086,0.167,0.277,0.397,123.8,3
TRK9002DCA5C1,0.543,0.79,2,-5.97,1,0.112,0.13,0.207,0.233,0.404,136.1,4
TRK590FF5D58B,0.382,0.536,5,-11.93,0,0.045,0.307,0.488,0.078,0.207,71.2,4
TRK05942768AA,0.406,0.79,7,-4.38,1,0.083,0.0,0.0,0.277,0.284,166.2,4
TRK86045AF267,0.769,0.621,0,-3.97,1,0.185,0.034,0.148,0.169,0.711,80.2,3
TRK5CD3816852,0.768,0.633,7,-3.55,1,0.033,0.078,0.047,0.179,0.706,96.9,3
TRK67C727D4F3,0.798,0.611,0,-4.19,0,0.102,0.195,0.0,0.094,0.645,142.8,4
TRKFA84C6DECB,0.699,0.751,11,-7.63,1,0.058,0.216,0.035,0.166,0.699,102.1,4
TRKC80839A74C,0.387,0.941,11,-3.36,1,0.094,0.02,0.142,0.225,0.396,146.5,4
TRK6CB5F7A981,0.95,0.685,1,-3.49,1,0.057,0.216,0.17,0.212,0.406,116.1,4
TRK23C07223CC,0.336,0.298,2,-18.7,1,0.0,0.742,0.906,0.149,0.442,106.3,3
TRKA589FAE298,0.755,0.622,6,-3.6,1,0.036,0.154,0.037,0.106,0.673,106.2,4
TRK29A904B820,0.887,0.825,0,-4.42,1,0.067,0.259,0.176,0.155,0.752,128.7,4
TRK563FB415E0,0.665,0.776,11,-6.16,0,0.068,0.158,0.0,0.105,0.842,105.3,4
TRKB0D45D616B,0.661,0.636,4,-5.19,0,0.163,0.344,0.073,0.141,0.273,79.8,4
TRKFFF7E9BEB4,0.754,0.454,11,-5.24,1,0.083,0.147,0.0,0.153,0.52,90.3,4
TRKA47A313C54,0.413,0.335,0,-8.35,0,0.087,0.083,0.0,0.131,0.439,97.2,4
TRK533154CA0E,0.419,0.169,4,-16.02,1,0.023,1.0,0.908,0.095,0.273,124.7,4
TRKF7BDF3840B,0.622,0.73,1,-4.1,0,0.174,0.0,0.0,0.3,0.543,137.3,4
TRKB7C0219D48,0.709,0.545,9,-8.09,1,0.093,0.131,0.011,0.098,0.372,100.4,4
TRK6A46A195E5,0.433,1.0,1,-3.43,1,0.036,0.115,0.149,0.299,0.1,161.5,4
TRK4ACA5F59B5,0.661,0.568,6,-4.41,0,0.254,0.0,0.005,0.221,0.474,92.0,4
TRK8478AFD3E4,0.551,0.641,8,-7.35,1,0.023,0.126,0.0,0.115,0.625,124.1,4
TRKF9ADA36609,0.628,0.854,9,-6.52,1,0.061,0.365,0.042,0.217,0.712,104.8,4
TRK8604ADBDEA,0.625,0.653,7,-4.31,1,0.076,0.203,0.138,0.087,0.764,126.7,4
TRK0FE092CCE9,0.503,0.595,9,-6.11,1,0.094,0.281,0.0,0.115,0.497,88.9,4
TRK0EC89698D4,0.753,0.667,6,-4.37,1,0.016,0.093,0.234,0.135,0.555,107.2,4
TRKE782AB2745,0.589,0.539,10,-7.49,1,0.102,0.078,,0.124,0.468,107.6,4
TRK41E197B19F,0.524,0.613,4,-8.2,1,0.131,0.331,0.0,0.092,0.569,97.6,4
TRK16F8DA0E72,0.761,0.676,5,-4.95,1,0.193,0.0,0.0,0.161,0.47,109.9,4
TRK57025EA232,0.682,0.555,8,-6.59,1,0.059,0.03,0.155,0.204,0.616,102.6,4
TRKF7665B6FF5,0.383,0.971,5,-2.9,1,0.0,0.226,0.077,0.347,0.381,133.7,4
TRK09829B2BF2,0.612,0.47,0,-7.14,1,0.113,0.039,0.075,0.098,0.625,96.5,4
TRK2A5137F2E0,0.769,0.642,7,-2.76,1,0.115,0.261,0.0,0.087,0.836,95.5,4
TRK2B06082C1A,0.57,0.884,7,-3.42,1,0.158,0.049,0.132,0.244,0.414,,4
TRK22F0F4717F,0.795,0.626,2,-9.14,1,0.04,0.207,0.11,0.199,0.736,105.4,4
TRK1191F428E3,0.82,0.986,10,-3.53,1,0.014,0.0,0.078,0.138,0.761,120.1,4
TRK2A31C955C2,0.408,0.771,7,-5.18,0,0.032,0.038,0.146,0.395,0.228,121.7,4
TRK870BCD12F3,0.819,0.692,7,-5.34,1,0.105,0.095,0.098,0.1,0.505,103.4,4
TRKBF2808807E,0.617,0.427,4,-2.64,1,0.058,0.311,0.0,0.285,0.741,120.2,4
TRK9422BF8C3B,0.35,1.0,8,-4.52,1,0.009,0.0,0.024,0.248,0.387,157.3,4
TRK2479CED3B1,0.442,0.833,6,-2.99,1,0.073,0.117,0.035,0.211,0.715,154.3,4
TRK3D930A767C,0.797,0.812,0,-2.94,1,0.038,0.131,0.0,0.182,0.779,117.4,4
TRK5C7EFC6518,0.395,0.679,8,-3.7,1,0.005,0.402,0.039,0.162,0.548,124.0,4
TRK3729831F8D,0.532,0.671,6,-6.07,0,0.055,0.214,0.039,0.02,0.398,97.4,4
TRK6E688BA2FE,0.818,0.688,0,-6.23,1,0.094,0.314,0.0,0.039,0.75,105.3,4
TRKA7A0266BCA,0.657,0.805,9,-2.96,1,0.055,0.051,0.0,0.197,0.789,114.8,4
TRKE1E203A96D,0.663,0.667,8,-10.04,0,0.052,0.285,0.131,0.128,0.551,98.1,4
TRK1C2EC3368E,0.667,0.901,3,-6.82,1,0.086,0.029,0.029,0.198,0.873,153.0,5
TRKD53C4BFEC5,0.763,0.611,9,-6.01,1,0.138,0.0,0.075,0.132,0.514,100.3,4
TRK8D8C893F18,0.546,0.654,0,-6.4,1,0.0,0.262,0.048,0.228,0.894,103.1,4
TRKDE86275915,0.721,0.818,7,-6.77,0,0.112,0.217,0.218,0.143,0.425,114.1,4
TRK0A7D28F1AD,0.394,0.195,0,-16.9,1,0.04,0.808,0.871,0.144,0.604,76.9,4
TRKBBCBD126C1,0.548,0.767,3,-11.04,1,0.048,0.344,0.117,0.146,0.592,81.9,4
TRK02C3B13556,0.757,0.798,0,-3.66,0,0.044,0.176,0.0,0.193,0.552,145.9,4
TRK3C6A54445E,0.594,0.521,3,-9.38,1,0.122,0.014,0.0,0.101,0.76,97.2,4
TRK344081E827,0.701,0.709,2,-2.14,1,0.007,0.0,0.0,0.034,0.875,108.7,4
TRK45E6D166C9,0.68,0.59,6,-10.46,1,0.192,0.183,0.006,0.187,0.476,88.1,4
TRK8A304ABC1C,0.267,0.5,1,-6.39,1,0.106,0.395,0.128,0.171,0.446,101.0,4
TRK2E020101AE,0.758,0.682,2,-5.69,1,0.02,0.196,0.0,0.154,0.567,97.3,4
TRK64E1967D2B,0.664,0.694,10,-4.68,1,0.092,0.376,0.0,0.121,0.746,98.9,3
TRK696F2CFE99,0.888,0.651,10,-7.66,0,0.24,0.0,0.0,0.062,0.383,104.2,4
TRKA150EB31DF,0.718,0.64,8,-6.09,1,0.102,0.016,0.0,0.164,0.761,109.8,4
TRK47772904C6,0.372,0.178,11,-11.04,1,0.029,0.679,0.662,0.065,0.339,61.5,4
TRKE0CEF8AC21,0.488,0.141,8,-11.59,1,0.064,0.513,0.571,0.087,0.469,80.8,4
TRK3033C92902,0.313,0.289,6,-18.32,1,0.101,0.84,0.694,0.044,0.113,50.0,4
TRK3FB1C72A82,0.667,0.976,6,-7.04,0,0.112,0.008,0.193,0.348,0.781,142.6,4
TRK8BF25D98D7,0.555,0.513,0,-4.26,0,0.0,0.035,0.13,0.151,0.598,91.7,4
TRK3F0C642196,0.611,0.792,4,-6.31,1,0.091,0.027,0.0,0.188,0.642,166.2,4
TRKF00C25BF9A,0.323,1.0,8,-5.68,0,0.078,0.044,0.161,0.315,0.166,137.8,4
TRK00146E8525,0.71,0.807,3,-3.19,0,0.134,0.054,0.111,0.182,0.293,113.6,4
TRK9D1052722E,0.488,0.763,0,-7.7,1,0.045,0.116,0.116,0.252,0.471,132.6,4
TRKEEA5E184C4,0.3,0.843,9,-5.59,1,0.083,0.023,0.431,0.263,0.131,115.7,4
TRK4ACB440E47,0.851,0.949,5,-4.67,1,0.048,0.09,0.261,0.094,0.801,120.2,4
TRKE94C002870,0.873,0.654,4,-9.58,0,0.271,0.276,0.096,0.133,0.406,108.4,4
TRK5961EFC077,0.824,0.709,6,-2.69,1,0.0,0.102,0.005,0.064,0.685,109.2,4
TRKDF79283E11,0.514,0.585,3,-9.78,0,0.011,0.7,0.407,0.227,0.631,79.8,4
TRK53E0D98565,0.436,0.589,0,-8.77,1,0.18,0.222,0.101,0.074,0.363,81.7,4
TRK6244FE8CA5,0.566,0.654,11,-4.71,1,0.017,0.1,0.101,0.217,0.487,113.7,4
TRK5450272202,1.0,0.61,5,-6.13,0,0.108,0.175,0.004,0.172,0.494,113.6,4
TRKA99F104452,0.495,0.549,11,-6.82,0,0.114,0.384,0.0,0.152,0.523,95.8,4
TRK87EB9F6492,0.642,0.827,6,-5.1,1,0.051,0.061,0.242,0.237,0.502,138.6,4
TRK44499E219D,0.704,0.433,5,-14.79,1,0.0,0.431,0.629,0.116,0.453,81.6,4
TRK73232BB6A3,0.473,0.643,4,-6.05,0,0.003,0.386,0.0,0.184,0.886,100.1,4
TRKA63FA6CE9C,0.455,0.985,9,-4.92,0,0.067,0.174,0.0,0.276,0.292,131.0,3
TRKFE57422B48,0.296,0.861,0,-2.19,1,0.031,0.007,0.19,0.365,0.415,155.3,4
TRK48EC63EE68,0.552,0.543,9,-6.41,0,0.104,0.124,0.034,0.132,0.328,88.1,4
TRKB344C6E083,0.495,0.879,5,-3.75,0,0.123,0.219,0.149,0.115,0.657,112.7,4
TRK6016BB22D0,0.931,0.835,0,-5.7,1,0.115,0.195,0.0,0.073,0.611,117.4,4
TRKAD503733ED,0.697,0.741,6,-2.27,0,0.067,0.269,0.032,0.128,0.54,114.1,4
TRKAEAABAE70B,0.646,0.741,1,-5.71,1,0.074,0.0,0.035,0.189,0.978,81.5,4
TRK8E30FDEDAA,0.379,0.154,8,-15.4,1,0.039,0.842,0.92,0.158,0.39,101.7,4
TRK932FCE71C1,0.234,1.0,8,-5.07,0,0.025,0.158,0.403,0.353,0.267,71.0,4
TRK0B290738EF,0.705,0.778,3,-6.75,1,0.122,0.188,0.0,0.234,0.413,120.9,4
TRK30EA113C48,0.269,0.278,6,-19.11,1,0.025,0.861,0.852,0.0,0.351,53.2,4
TRK4F01678941,0.727,0.933,11,-2.55,1,0.101,0.081,0.099,0.241,0.563,116.9,3
TRKB32E3848E9,0.817,0.845,11,-2.71,0,0.1,0.089,0.0,0.166,0.666,119.6,5
TRK7E7AAEA7C1,0.683,0.873,5,-3.31,1,0.127,0.135,0.049,0.208,0.497,151.9,3
TRKCE91C24137,0.553,0.713,3,-9.07,1,0.083,0.355,0.068,0.105,0.507,94.5,4
TRK9E4B100E76,0.714,0.71,7,-7.85,1,0.05,0.133,0.039,0.174,0.589,,4
TRK6B48190E2E,0.242,0.889,10,-5.41,1,0.076,0.246,0.015,0.272,0.265,133.7,4
TRK54374848DC,0.438,0.32,5,-10.24,1,0.011,0.626,0.343,0.171,0.669,75.9,4
TRKDE85331537,0.277,0.264,9,-16.7,1,0.053,0.869,0.747,0.101,0.314,75.3,4
TRK6C05025C38,0.748,0.597,4,-4.02,0,0.0,0.276,0.132,0.11,0.575,123.3,4
TRK413FA7D523,0.428,0.517,11,-9.9,0,0.046,0.334,0.084,0.2,0.473,89.4,4
TRKBC916501AE,0.746,0.569,1,-7.58,1,0.268,0.031,0.0,0.123,0.513,111.0,4
TRK7A2466ECF1,0.878,0.597,2,-4.46,0,0.218,0.108,0.0,0.156,0.585,111.3,4
TRK3C46EB26EE,0.724,0.703,8,-5.85,1,0.091,0.11,0.113,0.137,0.682,113.7,4
TRKDFD7728074,0.462,0.793,2,-6.17,1,0.129,0.0,0.127,0.311,0.433,118.8,4
TRKC761E96EA8,0.558,0.64,0,-6.56,1,0.088,0.051,0.126,0.225,0.595,115.4,4
TRK135621BADF,0.517,0.152,1,-17.18,1,0.049,0.977,0.788,0.257,0.446,102.5,4
TRKCD087BEE18,0.823,0.795,11,-6.15,0,0.078,0.094,0.045,0.195,0.708,99.7,4
TRK3D3CDF7E3E,0.278,0.649,11,-8.98,1,0.088,0.283,0.158,0.158,0.528,107.3,4
TRKA8898E1EFA,0.796,0.664,1,-5.83,1,0.064,0.167,0.0,0.108,0.739,90.5,4
TRK80E3E4AF9A,0.708,0.788,4,-6.01,0,0.042,0.096,0.116,0.126,0.68,122.9,4
TRKE597D604EA,0.769,0.822,6,-2.81,0,0.09,0.008,0.089,0.2,0.303,131.0,4
TRK89171E086E,0.443,0.41,0,-9.54,1,0.046,0.53,0.484,0.189,0.452,117.8,4
TRK7720F16563,0.584,0.798,5,-5.74,1,0.116,0.093,0.026,0.25,0.458,121.4,4
TRK82C9E1830E,0.777,0.498,6,-5.87,1,0.058,0.212,0.06,0.193,0.51,93.0,3
TRKA61776FFD7,0.694,0.696,8,-6.28,1,0.088,0.361,0.164,0.169,0.567,124.4,3
TRK2CFA20FABF,0.818,0.788,2,-7.11,0,0.144,0.194,0.145,0.138,0.389,108.9,5
TRK65BF3827D9,0.589,0.295,0,-12.69,1,0.066,0.555,0.488,0.134,0.294,76.7,4
TRKE726A2C7A7,0.558,0.614,2,-5.16,1,0.006,0.254,0.0,0.166,0.482,86.0,4
TRKCFA1ED6A48,0.547,0.311,11,-12.12,1,0.012,0.445,0.673,0.038,0.538,65.9,4
TRKF5D8EE57A7,0.779,0.657,0,-4.56,1,0.071,0.178,0.054,0.05,0.36,104.5,4
TRKF2222D9E99,0.676,0.536,2,-6.56,1,0.084,0.095,0.0,0.214,0.818,124.6,4
TRK253155C67B,0.443,0.444,1,-7.31,1,0.07,0.135,0.139,0.079,0.547,75.7,4
TRKEF9F298A87,0.766,0.918,9,-0.4,1,0.088,0.267,0.088,0.32,0.106,123.1,4
TRK0B3DFDD206,0.797,0.842,6,-2.54,1,0.147,0.268,0.0,0.31,0.395,137.9,4
TRK0FB4FD3D9E,0.793,0.568,5,-5.42,0,0.257,0.396,0.068,0.147,0.53,113.8,4
TRK76EEE21BC8,0.717,0.873,7,-3.33,1,0.037,0.344,0.127,0.263,0.525,132.8,4
TRK2107ABC0F6,0.703,0.783,3,-1.54,1,0.146,0.133,0.061,0.087,1.0,107.5,4
TRKD8034884B1,0.567,0.35,6,-10.04,1,0.082,0.627,0.775,0.074,0.442,71.7,3
TRK2FF316EC27,0.553,0.857,11,-5.74,1,0.011,0.247,0.006,0.243,0.614,119.2,4
TRK1242819231,0.743,0.478,0,-7.18,0,0.046,0.469,0.24,0.142,0.469,108.1,4
TRK22E5AC88EB,0.515,0.716,7,-4.21,0,0.093,0.0,0.124,0.199,0.406,87.6,4
TRKBC41762F99,0.631,0.539,3,-7.51,1,0.196,0.044,0.0,0.128,0.423,91.8,4
TRK475056E5FC,0.33,0.814,1,0.93,1,0.114,0.238,0.265,0.288,0.544,118.6,4
TRKED2B5318D4,0.309,0.422,11,-7.64,0,0.044,0.539,0.21,0.199,0.451,91.4,4
TRK01DAB72C6C,0.627,0.452,7,-7.8,1,0.089,0.271,0.0,0.015,0.553,90.8,4
TRK17DB715B4B,0.331,0.488,11,-16.21,1,0.022,0.808,0.363,0.139,0.56,134.7,5
TRK039EBC7250,0.408,0.219,8,-14.73,0,0.016,0.437,0.675,0.202,0.539,86.7,4
TRK3AC7280B0E,0.308,0.217,9,-12.8,1,0.045,0.985,0.832,0.111,0.257,61.5,4
TRK0E3927DFC7,0.382,0.19,2,-12.14,0,0.009,0.874,0.854,0.169,0.478,50.0,4
TRK6B896E8FB1,0.382,0.783,9,-4.26,1,0.099,0.203,0.0,0.142,0.524,153.9,4
TRKFE6E0DB3BE,0.585,0.411,5,-15.46,1,0.053,0.907,0.566,0.162,0.582,140.9,5
TRKE6E9EC76A4,0.576,0.339,4,-7.66,0,0.026,0.503,0.069,0.206,0.44,109.2,4
TRK5A5C903194,0.461,0.563,4,-8.52,1,0.05,0.435,0.018,0.291,0.654,107.5,4
TRK2397DF2D42,0.517,0.467,11,-11.57,0,0.094,0.452,0.718,0.16,0.372,55.9,4
TRK4657F927C6,0.345,0.443,3,-9.96,1,0.03,0.742,0.329,0.154,0.59,83.0,4
TRKFC3583FA2D,0.675,0.825,9,-1.32,1,0.01,0.117,0.0,0.088,0.738,105.4,4
TRK5FE0904D18,0.246,0.993,5,-5.49,0,0.127,0.061,0.127,0.231,0.6,145.2,4
TRK8A0BDB3F3D,0.608,0.787,9,-3.31,1,0.063,0.306,0.0,0.204,0.504,144.6,4
TRKAE1C457E6B,0.791,0.838,3,-4.45,0,0.022,0.149,0.0,0.128,0.73,89.1,4
TRK1990FB976F,0.686,0.806,0,-5.21,1,0.059,0.235,0.022,0.06,0.696,113.6,4
TRK6092E97896,0.884,0.796,7,-3.93,1,0.024,0.019,0.275,0.082,0.654,117.5,4
TRK02ED12E319,0.766,0.446,1,-4.95,1,0.107,0.247,0.0,0.062,0.642,107.9,4
TRK2EF9E12711,0.455,0.583,6,-10.78,1,0.0,0.302,0.0,0.27,0.663,119.8,4
TRK9D88A1C81D,0.736,0.433,6,-7.37,0,0.063,0.23,0.0,0.045,0.587,112.8,4
TRK8970DC4962,0.55,0.506,2,-6.68,1,0.269,0.231,0.0,0.132,0.531,99.8,4
TRK1CE167AB12,0.271,0.296,4,-14.0,0,0.063,0.846,0.794,0.133,0.361,50.0,4
TRK4296E00B96,0.648,0.648,11,-7.98,1,0.089,0.149,0.145,0.179,0.646,111.6,4
TRK67B6187EC9,0.681,0.811,0,-3.56,1,0.066,0.217,0.129,0.083,0.415,107.0,4
TRK65320F78F2,0.619,0.41,8,-4.65,1,0.149,0.195,0.178,0.061,0.297,91.2,4
TRK36A65D6A16,0.487,0.223,2,-11.7,1,0.0,0.648,0.356,0.142,0.631,142.6,4
TRK587469A6A4,0.237,0.264,4,-17.14,1,0.0,0.781,0.974,0.138,0.325,95.3,3
TRKDA7B74C641,0.836,0.679,4,-3.8,0,0.071,0.095,0.0,0.208,0.708,100.7,4
TRKAB93A0EEB0,0.531,0.608,4,-0.53,1,0.104,0.004,0.0,0.133,0.667,133.0,4
TRKC1DF8A09B3,0.39,0.609,7,-6.74,1,0.0,0.295,0.0,0.184,0.381,91.8,4
TRK4B36DF4880,0.404,0.623,11,-6.83,0,0.044,0.163,0.0,0.046,0.264,86.4,4
TRKBEE7490D6B,0.733,0.806,1,-3.96,0,0.087,0.286,0.083,0.241,0.548,128.8,4
TRKBC443A5983,0.652,0.68,1,-6.38,1,0.152,0.0,0.139,0.238,1.0,120.1,4
TRK59F4E8DD2B,0.641,0.584,0,-6.48,1,0.168,0.178,0.0,0.155,0.625,98.2,4
TRK2BCCBC53CE,0.713,0.852,5,-1.34,0,0.04,0.0,0.18,0.125,0.477,126.6,4
TRKE84D4E8401,0.368,0.544,7,-7.49,1,0.097,0.49,0.0,0.146,0.278,123.0,4
TRK17DAFC4C69,0.685,0.76,11,-1.83,1,0.099,0.188,0.0,0.206,0.411,140.8,4
TRKB48F5DF01B,0.545,0.773,7,-4.54,1,0.241,0.131,0.023,0.163,0.59,80.9,4
TRK2917A7A1CC,0.753,0.656,2,-3.77,1,0.054,0.194,0.105,0.235,0.731,106.7,3
TRK105AC61C0E,0.226,0.15,1,-20.4,0,0.016,0.808,0.699,0.064,0.237,77.5,4
TRK84CC95829C,0.681,0.573,8,-7.69,1,0.09,0.246,0.0,0.0,0.121,88.0,4
TRK3AE820A363,0.743,0.618,2,-5.13,1,0.052,0.0,0.037,0.254,0.624,123.6,4
TRKE71E4E8E9C,0.576,0.388,9,-9.69,1,0.057,0.298,0.0,0.082,0.267,95.0,4
TRK084B3DF074,0.722,0.662,4,-6.13,0,0.104,0.0,0.0,0.137,0.684,,4
TRKCB18DEEF24,0.427,0.784,8,-7.17,0,0.015,0.215,0.0,0.3,0.581,133.7,3
TRK1AEC246DCD,0.801,0.649,1,-4.3,0,0.117,0.104,0.101,0.123,0.46,,4
TRK91F99C5E07,0.562,0.547,11,-10.24,1,0.157,0.207,0.085,0.11,0.426,88.3,4
TRK0FC9D8E832,0.768,0.58,8,-4.76,0,0.075,0.047,0.155,0.216,0.639,102.4,4
TRK4F72EC1DE6,0.504,0.783,3,-5.79,1,0.058,0.017,0.0,0.22,0.638,86.9,4
TRKC3026F929C,0.646,0.54,6,-8.87,1,0.05,0.305,0.017,0.131,0.598,77.9,4
TRKD042DB73EF,0.641,0.745,10,-10.85,0,0.05,0.204,0.035,0.108,0.516,120.2,4
TRKF9E71A5F45,0.552,0.933,9,-3.76,0,0.055,0.164,0.063,0.282,0.476,143.3,4
TRK9BA3BFDD29,0.778,0.663,7,-5.87,0,0.132,0.332,0.051,0.198,0.876,115.4,3
TRKE4E4FC8774,0.631,0.64,7,-8.75,0,0.082,0.224,0.124,0.181,0.484,131.9,4
TRK91A45E278F,0.749,0.508,11,-8.54,1,0.203,0.0,0.11,0.109,0.416,87.5,4
TRKE36E1028B6,0.661,0.543,3,-6.74,0,0.053,0.284,0.0,0.158,0.619,128.4,4
TRK95E119D67D,0.397,0.864,1,-7.77,1,0.0,0.149,0.0,0.31,0.621,158.0,4
TRK4B2D1FBF14,0.742,0.6,0,-8.07,1,0.074,0.189,0.066,0.201,0.587,114.6,4
TRK48FCA42186,0.817,0.774,8,-5.29,0,0.0,0.064,0.0,0.148,0.473,117.4,4
TRK4ADB2E9CCF,0.626,0.681,7,-3.34,0,0.119,0.266,0.0,0.227,0.522,123.2,4
TRKFA20A4F270,0.224,0.164,9,-12.84,1,0.0,0.911,0.836,0.048,0.361,71.6,4
TRKE390A605BA,0.731,0.581,3,-1.92,1,0.072,0.0,0.023,0.203,0.867,99.1,4
TRK7008134C94,0.741,0.729,6,-2.11,0,0.0,0.353,0.193,0.067,0.491,113.2,4
TRK03DE1BB9EB,0.6,0.789,7,-5.53,1,0.027,0.435,0.002,0.11,0.209,94.6,4
TRK7B356B7A29,0.748,0.724,6,-5.85,1,0.017,0.08,0.152,0.171,0.693,102.6,4
TRK9B1E19F83B,0.723,0.931,5,-6.24,0,0.123,0.149,0.012,0.134,0.743,110.8,4
TRK525DB1A3BE,0.518,0.666,4,-7.66,0,0.0,0.231,0.135,0.257,0.42,105.7,4
TRKD2BCE1F0B6,0.263,0.0,11,-17.59,0,0.038,0.756,0.782,0.194,0.385,111.4,4
TRKB796BBBCFD,0.55,0.877,8,-6.83,1,0.132,0.0,0.004,0.234,0.667,167.6,4
TRK232C59543E,0.722,0.558,9,-8.27,1,0.15,0.236,0.161,0.057,0.473,88.0,4
TRK98EF553293,0.587,0.683,1,-7.2,0,0.108,0.0,0.029,0.14,0.398,111.3,4
TRKB2FDC47B83,0.83,0.493,9,-8.28,1,0.089,0.342,0.0,0.061,0.409,77.5,4
TRK6DCE0F704E,0.481,0.222,2,-12.61,0,0.046,0.931,0.709,0.016,0.455,60.2,4
TRK64843B2E8D,0.748,0.74,4,-3.15,0,0.058,0.233,0.092,0.205,0.595,115.1,4
TRKD1A467558C,0.89,0.596,10,-4.38,1,0.044,0.246,0.026,0.219,0.672,115.2,4
TRKE37C6BAFE5,0.905,0.871,9,-5.52,1,0.037,0.069,0.053,0.135,0.514,119.1,4
TRK00B9049834,0.513,0.749,3,-3.91,1,0.086,0.166,0.093,0.302,0.397,140.3,4
TRK85B608BF67,0.63,0.593,8,-5.52,1,0.086,0.418,0.0,0.149,0.568,101.7,4
TRK0F94400FAF,0.519,0.558,5,-5.12,1,0.0,0.435,0.077,0.174,0.441,96.5,4
TRKECF58EDB8D,0.648,0.528,3,-6.02,0,0.179,0.147,0.0,0.109,0.28,97.8,4
TRKBCA66A4760,0.408,0.832,2,-3.56,0,0.075,0.077,0.0,0.35,0.406,140.4,4
TRKAEA6ABB49F,0.567,0.647,3,-3.71,0,0.126,0.087,0.017,0.274,0.406,131.5,4
TRKAF23C659B2,0.642,0.64,5,-5.11,0,0.013,0.26,0.255,0.087,0.486,77.5,4
TRKC981E50424,0.625,0.823,1,-4.31,1,0.083,0.134,0.0,0.119,0.778,111.7,4
TRK4C7E5EF625,0.703,0.733,9,-3.75,1,0.094,0.0,0.0,0.183,0.69,105.2,4
TRK3869580EC9,0.268,0.189,7,-16.84,1,0.025,0.91,0.927,0.134,0.212,104.2,4
TRK0A6628EA5D,0.67,0.801,6,-5.46,0,0.048,0.083,0.0,0.223,0.891,105.2,4
TRK75A76A4A5D,0.953,0.484,8,-6.06,1,0.141,0.234,0.051,0.126,0.689,103.2,4
TRKA0092322F7,0.756,0.786,1,-2.66,1,0.039,0.0,0.255,0.204,0.577,133.6,4
TRK72C8E413E6,0.643,0.728,3,-2.39,0,0.095,0.028,0.014,0.223,0.597,144.0,4
TRK79987060C0,0.529,0.372,3,-14.89,1,0.089,0.537,0.552,0.072,0.549,85.5,4
TRK7912708656,0.421,0.303,2,-11.38,0,0.019,0.522,0.574,0.187,0.525,81.0,4
TRK90B524A75A,0.327,0.668,6,-6.04,1,0.103,0.625,0.012,0.179,0.652,88.4,4
TRKA61A273B57,0.812,0.815,0,-4.51,1,0.094,0.0,0.017,0.155,0.741,107.5,4
TRK9B1E19F83B,0.723,0.931,5,-6.24,0,0.123,0.149,0.012,0.134,0.743,110.8,4
TRKBEC4EBCEAA,0.395,0.498,10,-7.42,1,0.043,0.444,0.162,0.099,0.428,85.4,4
TRKA493E7030B,0.753,0.509,7,-3.69,1,0.213,0.326,0.0,0.137,0.514,99.5,4
TRKA3F537787A,0.653,0.771,3,-5.88,1,0.063,0.116,0.0,0.151,0.881,125.1,4
TRK93EA34B8B0,0.268,0.292,0,-17.54,1,0.066,1.0,0.806,0.168,0.583,67.6,4
TRKC2BEF0A67C,0.678,0.485,0,-8.01,1,0.203,0.111,0.063,0.172,0.661,103.2,3
TRK31D41B3972,0.778,0.624,4,-7.59,1,0.044,0.182,0.042,0.218,0.468,103.3,4
TRK21089169DB,0.326,0.055,7,-17.11,0,0.01,0.989,0.944,0.018,0.463,122.4,3
TRK694FDCE929,0.545,0.68,0,-9.78,0,0.119,0.143,0.0,0.107,0.638,90.0,4
TRK70D9FBE31B,0.346,1.0,0,-2.25,0,0.081,0.0,0.0,0.257,0.161,105.0,4
TRKFD5F0AE1DB,0.419,0.79,1,-2.7,0,0.087,0.034,0.237,0.259,0.084,169.8,4
TRKE15568ABAF,0.446,0.725,0,-4.09,1,0.026,0.068,0.122,0.183,0.419,137.4,4
TRK0C5D0BCCDE,0.729,0.68,0,-5.0,0,0.095,0.27,0.08,0.099,0.667,105.1,4
TRKE1DCE5F44B,0.493,0.898,2,-5.0,0,0.067,0.0,0.083,0.254,0.377,140.7,4
TRK68A1B8DD60,0.841,0.483,5,-5.39,1,0.06,0.456,0.0,0.111,0.352,94.3,4
TRK64F70CF4FB,0.57,0.415,8,-6.49,0,0.0,0.422,0.082,0.145,0.662,97.4,4
TRK8BBDE665AA,0.307,1.0,10,-2.22,1,0.049,0.007,0.041,0.395,0.576,161.3,4
TRK3689D49FEE,0.661,0.492,11,-5.2,1,0.0,0.341,0.0,0.048,0.557,86.5,4
TRKE84D42DB3E,0.797,0.978,2,-3.62,1,0.062,0.0,0.0,0.261,0.623,139.3,4
TRKE3AB0697B6,0.613,0.836,0,-1.49,1,0.068,0.119,0.024,0.207,0.694,102.3,4
TRK308AA3B262,0.796,0.687,6,-1.19,1,0.031,0.038,0.107,0.194,0.639,126.6,4
TRK51BD4A4FB5,0.687,0.651,2,-4.77,1,0.073,0.169,0.0,0.29,0.512,121.2,4
TRK21334B6E6B,0.655,0.686,4,-8.22,0,0.073,0.028,0.024,0.087,0.613,94.6,4
TRK5B092BF99A,0.5,0.285,11,-7.61,1,0.104,0.714,0.2,0.048,0.261,121.4,4
TRK3EB949F4D6,0.575,0.611,2,-7.46,1,0.0,0.238,0.0,0.194,0.322,112.4,4
TRK0F5FD635C9,0.744,0.734,11,-5.59,1,0.095,0.243,0.0,0.193,0.845,106.5,4
TRK5F1535A9BE,0.568,0.851,10,-10.33,1,0.094,0.325,0.011,0.17,0.317,98.7,4
TRK3ED80D339E,0.628,0.407,2,-6.33,0,0.061,0.329,0.023,0.168,0.442,79.5,4
TRKAAD74DE289,0.767,0.664,10,-3.09,0,0.034,0.0,,0.234,0.748,145.9,3
TRK1309462BCD,0.511,0.858,11,-3.53,1,0.041,0.159,0.153,0.259,0.384,122.7,4
TRK2FFFC6042D,0.455,0.323,5,-9.27,0,0.068,0.73,0.311,0.201,0.465,128.9,4
TRKAEF8041DB1,0.587,0.789,11,-6.12,1,0.004,0.021,0.187,0.193,0.401,128.1,3
TRKC00B2999D5,0.518,0.14,0,-13.54,1,0.004,0.324,0.618,0.186,0.366,72.8,4
TRKACDE6CFC6B,0.414,0.651,7,-10.38,0,0.064,0.429,0.011,0.158,0.449,122.0,3
TRK4F8ECFA14B,0.732,0.687,0,-5.8,1,0.165,0.262,0.096,0.135,0.678,105.7,4
TRKDD0AAECA9F,0.5,0.46,7,-12.58,0,0.069,0.613,0.679,0.137,0.472,66.1,3
TRK5B57E9E185,0.308,0.103,10,-19.67,0,0.024,0.975,0.981,0.156,0.505,50.0,4
TRK27A142E80E,0.725,0.767,6,-5.85,0,0.079,0.286,0.016,0.25,0.457,121.3,4
TRK0B94D22416,0.411,0.495,0,-5.83,1,0.121,0.088,0.155,0.221,0.68,85.0,3
TRK6CF1851A7F,0.739,0.058,3,-14.2,1,0.09,0.364,0.671,0.087,0.294,79.0,4
TRKF246CBD95E,0.469,0.688,8,-3.64,1,0.048,0.309,0.223,0.202,0.345,134.8,4
TRK6FCC598833,0.368,1.0,11,-6.01,1,0.006,0.0,,0.327,0.128,156.5,4
TRK97164523E4,0.667,0.846,4,-7.48,1,0.124,0.244,0.221,0.201,0.471,125.5,4
TRK601AC9940F,0.799,0.448,1,-4.1,1,0.215,0.155,0.039,0.158,0.303,87.4,4
TRK2135FE0D9E,0.539,0.832,3,-2.86,0,0.0,0.0,0.007,0.269,0.394,82.9,4
TRK8331B36797,0.741,0.551,6,-5.93,1,0.024,0.289,0.0,0.181,0.739,100.4,4
TRKCA17A8CA65,0.759,0.744,9,-4.52,1,0.071,0.116,0.0,0.196,0.349,147.8,4
TRK073C9D8B8D,0.314,0.942,11,-5.99,0,0.089,0.194,0.23,0.308,0.368,131.5,4
TRK7AB037F265,0.708,1.0,2,-4.21,0,0.129,0.079,0.0,0.226,0.524,128.4,4
TRKC6C1DB3B9E,0.538,0.461,4,-9.24,1,0.013,0.073,0.0,0.134,0.507,90.0,4
TRKFD57B6A9F9,0.803,0.4,8,-5.63,1,0.054,0.263,0.036,0.002,0.259,98.8,4
TRK12F5BCAEC7,0.587,0.223,2,-12.45,0,0.055,0.759,0.638,0.173,0.283,75.4,4
TRK34731EB124,0.621,0.786,1,-3.29,1,0.116,0.207,0.087,0.213,0.555,161.3,4
TRK016831FBB8,0.858,0.881,0,-3.17,0,0.069,0.247,0.0,0.062,0.586,96.4,4
TRKFBC84853CB,0.804,0.716,7,-3.94,1,0.022,0.29,0.014,0.152,0.689,114.1,4
TRK4766198981,0.498,0.534,10,-6.26,0,0.003,0.048,0.0,0.255,0.513,104.1,4
TRK6758FF88E9,0.24,0.008,4,-13.96,0,0.0,0.757,0.887,0.194,0.343,92.8,4
TRK2DF1AB8923,0.579,0.589,0,-3.89,1,0.168,0.238,0.036,0.213,0.862,101.9,4
TRK71360BBAAB,0.432,0.504,11,-4.87,0,0.048,0.395,0.092,0.1,0.288,109.7,4
TRK0B8DAA85F6,0.782,0.694,9,-1.28,0,0.082,0.238,0.0,0.016,0.739,114.6,4
TRK7F968D6D08,0.901,0.555,8,-5.94,1,0.071,0.097,0.044,0.119,0.564,106.3,4
TRKFDCEFB93D9,0.462,0.717,2,-7.28,0,0.044,0.004,0.165,0.27,0.611,116.9,4
TRK2BB50246D1,0.384,0.293,5,-13.98,1,0.018,1.0,0.776,0.0,0.288,73.8,4
TRK0F407523D0,0.334,0.637,9,-4.88,0,0.037,0.161,0.0,0.267,0.132,131.2,4
TRK7E074C296B,0.345,0.784,2,-1.49,0,0.168,0.166,0.005,0.34,0.392,140.0,4
TRK02339706A2,0.676,0.421,4,-8.91,1,0.14,0.155,0.0,0.157,0.165,85.2,4
TRKB8D3736C6E,0.607,0.411,7,-8.2,1,0.106,0.265,0.0,0.08,0.464,73.9,4
TRK1C652C1497,0.494,0.809,6,-3.55,1,0.033,0.38,0.053,0.114,0.566,160.7,4
TRK81FED7F2DB,0.75,0.879,4,-2.52,1,0.072,0.0,0.139,0.166,0.473,122.8,4
TRK48C74FF52A,0.415,0.57,9,-7.11,0,0.04,0.417,0.096,0.212,0.729,140.5,4
TRKF75004C212,0.278,0.204,11,-16.67,1,0.0,0.807,0.919,0.106,0.45,50.0,4
TRK8260770175,0.767,0.641,10,-6.54,1,0.067,0.185,0.182,0.105,0.718,122.0,4
TRKB2CE895518,0.786,0.348,10,-10.91,0,0.042,0.464,0.67,0.08,0.532,77.2,4
TRKCA5BCADC98,0.531,0.451,4,-5.37,0,0.032,0.174,0.005,0.139,0.515,110.3,3
TRK83E95AF513,0.444,0.442,5,-6.81,0,0.031,0.512,0.081,0.186,0.489,105.3,4
TRK439FA002FA,0.52,0.863,7,-3.18,1,0.065,0.077,0.0,0.223,0.506,123.4,4
TRKB5B6824182,0.619,0.408,6,-11.27,0,0.081,0.675,0.715,0.176,0.517,75.6,4
TRKD8450C92F7,0.521,0.786,3,-3.07,1,0.0,0.017,0.058,0.156,0.425,165.2,4
TRK83D5E4EB71,0.562,0.622,4,-8.43,1,0.026,0.47,0.0,0.149,0.433,88.1,4
TRKEF25D7D98A,0.664,0.668,10,-8.12,0,0.25,0.172,0.0,0.138,0.633,87.0,4
TRK434966A7B3,0.759,0.678,11,-4.06,0,0.11,0.149,0.02,0.185,0.573,102.7,4
TRKCFF7A7B519,0.713,0.335,0,-6.39,0,0.115,0.347,0.0,0.131,0.391,88.8,4
TRKE7D1B410BF,0.467,0.614,0,-10.04,1,0.044,0.389,0.16,0.2,0.292,114.7,4
TRKD85678862A,0.732,0.823,2,-5.11,1,0.032,0.105,0.0,0.206,0.62,110.3,4
TRK506ABBF552,0.667,0.199,9,-10.35,1,0.048,0.599,0.653,0.094,0.665,85.9,4
TRKB1D8506762,0.572,0.411,4,-14.18,0,0.049,0.558,0.708,0.096,0.61,72.2,4
TRKBCC095BC99,0.595,0.654,4,-6.81,1,0.057,0.128,0.069,0.064,0.458,135.8,4
TRKFC4D595C4F,0.691,0.613,8,-3.76,1,0.08,0.555,0.061,0.18,0.387,118.7,4
TRK12B6F07760,0.522,0.927,11,-5.38,1,0.107,0.098,0.195,0.393,0.203,132.5,3
TRKC819B6865A,0.431,1.0,6,-3.96,0,0.103,0.048,0.147,0.333,0.229,127.4,4
TRK3CF9A90FC1,0.656,0.618,10,-2.56,1,0.224,0.257,0.0,0.098,0.639,100.2,4
TRKB53BC286C0,0.675,0.348,7,-13.08,1,0.006,0.778,0.448,0.144,0.458,96.5,4
TRK2E9D3EDA91,0.549,0.605,4,-8.93,1,0.06,0.327,0.0,0.034,0.484,108.1,4
TRK4AEDBB75FD,0.41,0.951,9,-3.51,1,0.141,0.008,0.133,0.28,0.228,103.1,4
TRK7FC06DE1BD,0.693,0.748,5,-5.91,0,0.149,0.147,0.0,0.137,0.625,103.7,4
TRKBF0D1D010C,0.656,0.583,9,-2.85,0,0.117,0.137,0.087,0.224,0.596,122.1,4
TRKD1F29C950A,0.485,0.363,2,-10.86,0,0.035,0.677,0.523,0.033,0.48,79.8,4
TRK7874D7378B,0.594,0.579,6,-6.7,1,0.024,0.39,0.066,0.17,0.626,120.0,4
TRKBFE92F705C,0.443,0.793,3,-0.86,0,0.037,0.153,0.192,0.28,0.304,141.1,4
TRK690482420E,0.805,0.828,2,-0.68,1,0.057,0.254,0.181,0.215,0.471,138.8,4
TRK8A407435AA,0.745,0.913,6,-4.03,0,0.133,0.159,0.102,0.258,0.101,140.9,4
TRKDA66F266A9,0.452,0.253,1,-18.71,1,0.039,0.995,0.996,0.065,0.506,97.7,4
TRKEBEA37D2B5,0.785,0.417,2,-7.57,1,0.114,0.288,0.0,0.121,0.474,81.8,4
TRKAB1024BF0F,0.454,0.849,5,-4.44,0,0.0,0.169,0.0,0.293,0.478,110.8,4
TRK3FCAB773EC,0.68,0.679,10,-7.79,0,0.059,0.326,0.0,0.216,0.441,90.5,4
TRK5226238B18,0.803,0.623,0,-6.02,0,0.088,0.043,0.09,0.133,0.702,121.8,4
TRK66097FBA2E,0.775,0.728,5,-3.69,0,0.046,0.126,0.0,0.279,0.637,120.8,4
TRKF17F15BA26,0.583,0.871,6,-2.29,1,0.06,0.054,0.194,0.343,0.694,124.6,4
TRK9A1CBCB122,0.704,0.807,2,-4.99,0,0.099,0.174,0.008,0.056,0.485,98.4,4
TRK3BEEE10E49,0.294,0.385,7,-9.75,1,0.011,0.695,0.294,0.164,0.67,73.5,4
TRKAAE4317E76,0.596,0.785,9,-2.96,1,0.145,0.032,0.125,0.267,0.464,131.6,4
TRK02C956E47F,0.511,0.624,8,-7.24,1,0.05,0.268,0.145,0.222,0.497,96.2,4
TRK88F68B820F,0.759,0.711,9,-3.2,1,0.077,0.0,0.073,0.216,0.798,110.2,4
TRK616A90A704,0.756,0.617,0,-3.88,1,0.156,0.3,0.0,0.17,0.845,117.5,4
TRK74CA7FDBB1,0.711,0.302,6,-11.81,1,0.036,0.459,0.593,0.066,0.734,71.3,4
TRKC476CFA05E,0.857,0.805,7,-1.52,1,0.162,0.0,0.148,0.322,0.279,140.8,4
TRKC833F0E694,0.681,0.658,7,-7.9,1,0.056,0.127,0.0,0.107,0.875,128.0,4
TRK9A306D4512,0.565,0.31,3,-12.87,1,0.051,0.811,0.279,0.241,0.287,164.7,4
TRK236F4E38FC,0.622,0.63,8,-5.3,1,0.03,0.305,0.187,0.326,0.578,138.3,4
TRK1F1EB49010,0.63,0.546,2,-5.29,1,0.003,0.428,0.0,0.149,0.678,113.5,4
TRK52BD1C841B,0.68,0.296,6,-14.38,0,0.0,0.695,0.522,0.08,0.547,72.8,5
TRKC58918DB5F,0.46,0.906,4,-5.61,1,0.067,0.0,0.075,0.185,0.504,134.4,4
TRKF162A8858B,0.73,0.744,8,-8.7,1,0.073,0.0,0.0,0.122,0.627,94.6,5
TRKC273A044BE,0.674,0.874,8,-3.48,1,0.022,0.183,0.279,0.12,0.568,125.5,4
TRK924FA54DAA,0.627,0.78,4,-4.42,0,0.03,0.043,0.062,0.136,0.729,126.2,4
TRK4C66CF6BDB,0.631,0.605,3,-5.76,1,0.149,0.041,0.267,0.113,0.363,96.1,4
TRKFB3B9FA0D0,0.286,0.869,2,-0.83,0,0.029,0.032,0.16,0.237,0.325,158.7,4
TRK28BF78F577,0.537,0.798,3,-4.07,1,0.085,0.205,0.034,0.257,0.494,192.3,4
TRK79198F13FD,0.854,0.552,6,-6.14,1,0.046,0.369,0.0,0.088,0.627,141.5,4
TRK77290B8F1F,0.573,0.547,9,-6.94,1,0.098,0.276,0.02,0.121,0.538,93.0,4
TRKD3C4C50C57,0.835,0.798,8,-1.19,1,0.126,0.183,0.0,0.151,0.595,109.1,4
TRK85A7B129A2,0.691,0.75,6,-5.4,0,0.084,0.234,0.022,0.171,0.561,100.7,4
TRK04B01AD6AC,0.613,0.391,3,-6.96,1,0.19,0.241,0.0,0.25,0.504,106.9,4
TRKD70261A14F,0.949,0.839,5,-5.03,1,0.108,0.263,0.134,0.23,0.607,107.2,4
TRK8B58CCCD60,0.544,0.498,10,-6.43,1,0.127,0.282,0.0,0.137,0.702,96.3,4
TRKC17DC3273D,0.512,0.615,5,-8.25,0,0.022,0.257,0.051,0.158,0.198,113.3,4
TRK9FF6E25F32,0.79,0.755,5,-5.45,0,0.0,0.055,0.059,0.186,0.578,122.8,4
TRKF56049AFB8,0.827,0.766,6,-4.47,1,0.091,0.021,0.082,0.149,0.786,116.9,4
TRK5138EDE7CC,0.271,0.1,10,-14.6,1,0.105,0.749,0.991,0.105,0.602,98.9,4
TRK68687EB18F,0.582,0.525,11,-7.24,0,0.206,0.037,0.013,0.076,0.643,96.3,4
TRK0C2C405812,0.688,0.507,4,-5.16,0,0.057,0.221,0.093,0.24,0.742,111.7,4
TRKBA484C8413,0.63,0.883,5,-4.21,0,0.036,0.043,0.0,0.229,0.477,112.1,4
TRKB0C16277BB,0.802,0.712,7,-2.49,1,0.1,0.024,0.129,0.237,0.563,124.3,4
TRK5B50CF9069,0.757,0.74,0,-4.29,1,0.112,0.067,0.101,0.06,0.804,93.6,4
TRK33AFD869D4,0.584,0.825,10,-7.32,0,0.034,0.068,0.001,0.327,0.571,86.2,4
TRK34DB11F96B,0.596,0.704,11,-6.07,1,0.068,0.123,0.0,0.076,0.863,105.3,4
TRKD990DCA480,0.732,0.741,1,-3.25,1,0.154,0.136,0.041,0.265,0.597,100.9,4
TRK38C39C9E39,0.504,0.212,4,-14.45,1,0.038,0.701,0.779,0.119,0.328,74.3,4
TRK190B3C7095,0.292,0.865,11,-6.5,1,0.067,0.033,0.0,0.315,0.395,111.0,4
TRK9AD6683D4B,0.686,0.497,5,-6.87,0,0.124,0.245,0.143,0.059,0.434,95.3,3
TRK713638E472,0.568,0.511,5,-7.88,1,0.034,0.361,0.113,0.196,0.371,115.1,3
TRKEED5B065A5,0.661,0.65,0,-8.19,1,0.18,0.007,0.233,0.194,0.776,108.2,4
TRK9B0F84FBE6,0.648,0.355,10,-8.46,0,0.017,0.556,0.582,0.104,0.476,55.1,4
TRK4976A75783,0.625,0.76,8,-2.95,1,0.052,0.0,0.0,0.203,0.522,141.7,4
TRK1FB7FCAD5F,0.714,0.74,8,-7.98,1,0.091,0.058,0.0,0.157,0.496,139.3,4
TRKA8981BE0EE,0.781,0.576,7,-7.26,0,0.0,0.367,0.0,0.197,0.678,134.2,4
TRK74960A907B,0.401,0.979,0,-5.36,1,0.078,0.0,0.227,0.318,0.506,153.0,4
TRK58CBB1EF87,0.868,0.758,2,-1.7,0,0.14,0.069,0.0,0.125,0.726,108.1,4
TRK229646FE99,0.669,0.567,7,-8.71,1,0.053,0.296,0.006,0.132,0.712,118.2,4
TRKADFB00F2A8,0.52,0.742,3,-7.02,1,0.018,0.022,0.205,0.146,0.592,124.7,4
TRKF9E8EF2E33,0.628,0.0,1,-13.18,1,0.04,0.487,0.616,0.106,0.341,69.2,4
TRK2A0F1A094D,0.58,0.5,10,-5.63,1,0.003,0.561,0.0,0.092,0.404,105.3,4
TRK2EEEB18886,0.528,0.362,11,-8.06,1,0.018,0.562,0.283,0.199,0.203,100.2,4
TRK01F44028FC,0.43,0.987,10,-1.39,1,0.118,0.016,0.138,0.286,0.52,155.6,4
TRK723EE402E0,0.266,0.155,6,-18.04,0,0.075,1.0,0.972,0.09,0.11,93.6,4
TRK83B8E7754A,0.473,0.17,0,-12.92,1,0.0,0.926,0.874,0.003,0.453,133.3,4
TRK94918EB1E6,0.432,0.338,10,-11.89,1,0.016,0.655,0.152,0.062,0.303,111.3,4
TRK7E23EB7239,0.373,0.862,10,-4.83,1,0.048,0.0,0.203,0.298,0.456,138.3,4
TRK45BA929307,0.677,0.488,1,-2.13,1,0.044,0.372,0.0,0.088,0.168,96.6,4
TRK4F9D35A273,0.539,0.714,10,-3.94,1,0.066,0.157,0.191,0.18,0.484,111.2,3
TRKDF5C135E68,0.804,0.625,6,-10.6,1,0.107,0.191,0.108,0.0,0.647,94.1,4
TRK465042F929,0.912,0.788,0,-4.26,0,0.077,0.308,0.029,0.121,0.635,94.9,4
TRK4BCF4698E9,0.761,0.698,11,-6.66,1,0.084,0.179,0.0,0.203,0.771,111.5,4
TRK69106DC3E3,0.732,0.39,1,-11.21,1,0.04,0.541,0.745,0.075,0.527,71.3,4
TRK3CF5165BAF,0.842,0.87,8,-5.89,0,0.106,0.05,0.0,0.192,0.675,,4
TRK59DE8145D3,0.696,0.384,10,-9.95,1,0.13,0.264,0.015,0.122,0.284,107.2,4
TRK04DB8A112D,0.543,0.706,5,-7.39,1,0.032,0.403,0.104,0.128,0.671,101.8,4
TRKAC6F08EBA2,0.367,0.729,9,-5.89,1,0.135,0.001,0.129,0.258,0.249,115.8,4
TRK2620F17BC2,0.894,0.662,8,-4.35,0,0.249,0.23,0.0,0.159,0.49,95.0,4
TRKC1A5754402,0.621,0.615,3,-5.04,1,0.215,0.066,0.062,0.223,0.166,122.8,4
TRKB8D301F33C,0.475,0.531,9,-13.62,1,0.042,1.0,0.868,0.099,0.472,66.6,4
TRKBD326F9D17,0.548,0.578,3,-5.14,1,0.097,0.142,0.157,0.237,0.659,114.2,4
TRKD63B8D3ED0,0.668,0.503,4,-4.93,1,0.07,0.215,0.0,0.0,0.678,95.4,4
TRK66D1D911D8,0.794,0.683,2,-2.03,1,0.054,0.0,0.0,0.228,0.617,137.7,4
TRK0C9E770855,0.562,0.429,3,-7.81,1,0.124,0.284,0.01,0.192,0.822,89.7,4
TRK50EED5FA0F,0.616,0.638,5,-6.06,1,0.082,0.095,0.091,0.272,0.447,119.7,4
TRKE6FB588431,0.692,0.763,9,-9.23,0,0.065,0.102,0.1,0.25,0.913,133.8,4
TRK6FEB711017,0.564,0.82,2,-5.6,1,0.015,0.0,,0.388,0.688,147.7,4
TRKA437A7EE6D,0.775,0.478,2,-8.27,1,0.118,0.24,0.0,0.119,0.358,101.9,4
TRKA82D962250,0.636,0.519,8,-8.41,1,0.0,0.378,0.039,0.167,0.591,111.4,4
TRK1514724BAD,0.292,0.468,4,-4.48,0,0.061,0.024,0.0,0.254,0.316,101.7,4
TRKA36CA9EE1C,0.417,0.622,6,-6.97,1,0.0,0.444,0.029,0.139,0.432,112.6,4
TRKD7CBA93735,0.532,0.557,1,-9.12,0,0.037,0.377,0.085,0.225,0.691,97.0,5
TRKC4BE0B876B,0.934,0.504,3,-9.47,0,0.245,0.316,0.0,0.146,0.617,103.4,4
TRK354E8A8F7A,0.521,0.538,8,-5.92,1,0.042,0.174,0.151,0.127,0.389,87.6,4
TRKA997E11318,0.427,0.018,3,-16.51,1,0.0,0.951,0.902,0.0,0.152,86.8,4
TRK98B3C0A56C,0.529,0.668,1,-5.53,1,0.017,0.234,0.033,0.155,0.665,92.7,4
TRKF7F32F6745,0.557,0.368,0,-10.55,0,0.057,0.415,0.765,0.125,0.492,84.2,4
TRK44BA574C5C,0.498,0.563,2,-8.03,1,0.034,0.28,0.134,0.127,0.36,90.9,4
TRKEBC00E0E16,0.907,0.748,5,-3.1,1,0.078,0.343,0.014,0.138,0.565,109.8,4
TRK427DD9AC4E,0.325,0.576,11,-8.38,0,0.0,0.472,0.181,0.109,0.498,96.2,4
TRK7E3A9F8FF2,0.666,0.72,1,-4.93,0,0.08,0.251,0.0,0.154,0.482,132.8,4
TRKA45A7FE5B2,0.603,0.702,8,-5.9,0,0.056,0.093,0.037,0.239,0.363,168.4,4
TRKEE76C9B9EF,0.223,0.789,5,-5.91,0,0.026,0.291,0.146,0.214,0.465,128.7,5
TRK127FBD0A7A,0.625,0.817,7,-2.71,0,0.031,0.228,0.0,0.125,0.387,134.0,4
TRKE0A4EB6D71,0.891,0.634,4,-6.39,0,0.107,0.22,0.035,0.199,0.759,115.4,4
TRK1E1B25A1AD,0.718,0.319,5,-7.26,1,0.113,0.051,0.0,0.077,0.596,89.7,4
TRKADD2482DA3,0.791,0.724,9,-7.49,1,0.092,0.241,0.04,0.138,0.554,109.4,4
TRKCCEB09E039,0.587,0.488,1,-5.9,0,0.098,0.214,0.0,0.211,0.234,77.0,4
TRKA15EA0F390,0.629,0.671,3,-9.43,1,0.072,0.138,0.0,0.034,0.518,94.2,4
TRKEA9CFB8AEB,0.623,0.34,0,-9.08,1,0.0,0.756,0.497,0.261,0.306,50.3,3
TRK80E7284B5F,0.967,0.686,11,-4.75,1,0.07,0.075,0.0,0.165,0.779,115.8,4
TRKC929296704,0.9,0.388,8,-6.09,1,0.271,0.044,0.068,0.077,0.587,89.9,4
TRK89C4CEDE46,0.787,0.762,2,-8.61,1,0.06,0.0,0.064,0.068,0.629,118.6,4
TRK7765E7A612,0.606,0.918,7,-6.19,1,0.112,0.0,0.057,0.191,0.157,151.5,4
TRKB6523C462F,0.365,0.929,1,-9.5,0,0.069,0.154,0.0,0.289,0.224,128.5,4
TRKB87959C4AE,0.488,0.362,4,-6.73,1,0.063,0.619,0.612,0.274,0.611,83.3,3
TRKE71D7FBC45,0.164,0.14,3,-16.2,0,0.001,0.67,0.778,0.04,0.417,107.3,4
TRK1674812CBC,0.344,0.869,5,-3.65,1,0.018,0.114,0.137,0.199,0.482,157.6,4
TRK0E808610A5,0.724,0.807,5,-3.66,0,0.062,0.288,0.0,0.172,0.746,112.6,4
TRKDD68EC208F,0.378,0.879,10,-2.36,0,0.069,0.093,0.162,0.295,0.429,125.4,4
TRK3EE914C69F,0.906,0.942,1,-6.11,1,0.043,0.0,0.0,0.178,0.619,107.9,4
TRK1D02BE9A02,0.59,0.465,1,-7.33,1,0.0,0.45,0.098,0.209,0.642,120.5,4
TRK7077E9C3FA,0.636,0.741,8,-1.89,1,0.055,0.185,0.066,0.102,0.727,117.1,5
TRKE86F7E67A3,0.714,0.613,1,-10.5,0,0.0,0.006,0.007,0.211,0.386,125.9,4
TRK45F39252C1,0.588,0.643,4,-2.05,1,0.114,0.197,0.089,0.28,0.431,147.6,4
TRK64F0730F9C,0.464,0.399,6,-10.79,1,0.023,0.666,0.472,0.133,0.526,118.6,3
TRKF8CE82EC34,0.492,0.307,8,-11.45,1,0.022,0.769,0.41,0.207,0.336,70.6,4
TRK731F43018F,0.823,0.921,4,-5.53,0,0.085,0.176,0.03,0.126,0.461,117.7,4
TRK2B62180270,0.785,0.803,5,-1.85,1,0.091,0.214,0.077,0.122,0.185,107.9,4
TRK7F1D317136,0.817,0.661,4,-3.16,0,0.119,0.0,0.01,0.161,0.671,110.9,4
TRK4BED4A28D5,0.506,0.938,5,-6.88,1,0.042,0.126,0.121,0.293,0.165,139.8,4
TRK27A29F93B9,0.441,0.86,2,-7.37,1,0.0,0.0,0.0,0.188,0.333,115.9,4
TRK72F2860F4E,0.829,0.676,6,-3.3,0,0.1,0.227,0.0,0.121,0.559,104.7,4
TRKAFC4718B4E,0.698,0.689,7,-4.88,0,0.042,0.216,0.196,0.197,0.612,128.9,4
TRKEA6B33A0B1,0.363,0.208,10,-16.86,0,0.003,0.969,0.779,0.198,0.583,50.0,4
TRK109AA29ECE,0.905,0.66,6,-5.06,0,0.091,0.341,0.0,0.151,0.48,98.5,4
TRK6AA2E41A4F,0.833,0.795,8,-4.84,1,0.098,0.049,0.155,0.242,0.742,132.6,4
TRKB084B27D7F,0.678,0.36,6,-9.05,1,0.027,0.682,0.374,0.186,0.227,100.4,4
TRKF3DD2B93B9,0.848,0.808,11,-4.69,1,0.109,0.21,0.325,0.228,0.382,127.0,4
TRKCE985CCFC0,0.517,0.974,0,-8.03,1,0.038,0.306,0.085,0.178,0.519,138.3,4
TRKF8D1541D78,0.624,0.663,1,-6.85,0,0.048,0.038,0.0,0.197,0.809,123.6,4
TRKB38D9C5B9B,0.339,0.781,8,-3.86,0,0.047,0.094,0.0,0.339,0.289,162.6,4
TRK2742FECF99,0.765,0.705,1,-5.79,1,0.045,0.052,0.156,0.074,0.497,121.3,3
TRKEF81903090,0.522,0.49,9,-10.94,1,0.071,0.283,0.21,0.22,0.325,71.0,3
TRK7F8867294C,0.475,0.948,9,-2.34,0,0.04,0.0,0.198,0.298,0.569,135.5,4
TRKBBCD2E43AF,0.728,0.698,6,-3.46,0,0.005,0.06,0.0,0.179,0.921,106.9,5
TRK34EDFCBC84,0.807,0.165,11,-9.76,1,0.047,0.734,0.483,0.076,0.55,83.7,4
TRK1431C49987,0.471,0.753,7,-6.86,0,0.02,0.453,0.032,0.235,0.724,112.6,4
TRK4C713AF2E1,0.561,0.744,5,-4.73,1,0.082,0.033,0.0,0.193,0.637,115.5,5
TRKE65AEABDFC,0.617,0.733,9,-4.64,0,0.062,0.0,0.097,0.215,0.482,117.7,4
TRKDC58CDBD7A,0.748,0.711,10,-9.01,1,0.166,0.276,0.078,0.07,0.242,103.5,3
TRK7240A4BFDD,0.538,0.321,5,-9.81,0,0.026,0.56,0.567,0.038,0.057,73.1,4
TRK2B9713560A,0.556,0.668,6,-5.08,1,0.071,0.394,0.237,0.055,0.674,65.5,3
TRK91399333C8,0.364,0.935,11,-3.67,1,0.071,0.0,0.114,0.359,0.461,165.9,3
TRKD613A773E1,0.568,0.751,11,-7.34,1,0.052,0.0,0.035,0.145,0.683,111.5,4
TRK3B532771AC,0.389,0.791,1,-3.68,0,0.0,0.159,0.0,0.236,0.134,138.5,5
TRKC189748927,0.737,0.53,0,-6.51,1,0.187,0.054,0.0,0.17,0.386,,4
TRK43C9CC134E,0.556,0.326,5,-10.73,1,0.096,0.698,0.471,0.301,0.559,61.0,4
TRKFA45D84BCB,0.447,0.194,9,-11.26,0,0.064,0.515,0.649,0.181,0.41,,4
TRKC66DCF1BBD,0.429,0.74,8,-6.18,0,0.074,0.083,0.0,0.193,0.479,121.8,4
TRK9BA1567DAE,0.412,1.0,0,-6.16,0,0.073,0.074,0.191,0.342,0.281,136.4,4
TRKEBB73A637A,0.482,0.391,5,-11.4,1,0.0,0.524,0.567,0.203,0.373,64.5,4
TRK4F3883D36B,0.56,0.531,5,-8.96,1,0.051,0.246,0.0,0.137,0.466,77.3,4
TRK264D1EFDE7,0.577,0.262,0,-10.27,1,0.093,0.503,0.454,0.209,0.252,80.9,5
TRKEBDC4EE9AC,0.393,0.375,2,-13.55,0,0.081,0.657,0.323,0.11,0.193,121.3,4
TRK857C9FF650,0.722,0.711,11,-4.79,1,0.081,0.085,0.0,0.087,0.429,134.4,4
TRKF156910FF6,0.856,0.773,5,-3.2,0,0.036,0.11,0.0,0.194,0.496,95.3,4
TRK5179688AE0,0.894,0.937,0,-0.01,1,0.017,0.21,0.212,0.272,0.286,118.0,4
TRKF6F6623775,0.627,0.973,0,-3.89,1,0.171,0.0,0.059,0.181,0.609,154.6,4
TRKF1C8B6110B,0.545,0.74,6,0.74,0,0.02,0.095,0.0,0.116,0.702,125.9,4
TRKCA84E4C1A4,0.582,0.599,11,-8.99,1,0.175,0.168,0.0,0.175,0.444,113.5,4
TRK1CA9BBCC57,0.415,0.489,2,-9.67,1,0.054,0.375,0.002,0.253,0.474,95.2,4
TRKCC6517D7F6,0.944,0.805,1,-3.81,1,0.086,0.034,0.134,0.17,0.718,117.6,4
TRK6122206C90,0.352,1.0,4,-3.39,1,0.007,0.054,0.135,0.181,0.263,104.6,4
TRK8E7BE3EB6C,0.654,0.611,3,-2.83,1,0.1,0.269,0.0,0.207,0.444,113.2,4
TRK41126439DC,0.694,0.533,4,-3.7,0,0.121,0.202,0.134,0.089,0.391,96.3,4
TRKD1A09DD5D8,0.781,0.828,0,-3.94,1,0.092,0.313,0.045,0.248,0.542,101.8,4
TRK7AA02393DA,0.258,0.163,0,-16.02,1,0.0,0.92,0.674,0.145,0.434,57.5,4
TRKAB99555045,0.739,0.754,6,-8.45,1,0.051,0.41,0.0,0.079,0.489,97.3,4
TRK388692EE66,0.597,0.624,11,-0.97,1,0.016,0.264,0.22,0.222,0.818,137.4,4
TRKF0169DB91C,0.701,0.823,10,-3.19,1,0.068,0.229,0.012,0.159,0.833,101.2,4
TRK75B714683E,0.638,0.342,4,-14.28,1,0.002,0.596,0.524,0.023,0.429,64.5,4
TRK9156AA88C7,0.579,0.326,5,-10.41,0,0.021,0.38,0.743,0.208,0.424,62.0,4
TRK9A9AF8A44E,0.459,0.313,2,-15.04,1,0.015,0.565,0.631,0.057,0.621,81.5,4
TRK71429F293F,0.352,0.891,5,-3.02,1,0.154,0.196,0.229,0.332,0.294,147.9,4
TRK92DB1DA4A7,0.579,0.54,10,-10.35,1,0.027,0.849,0.366,0.129,0.376,84.0,4
TRK0944A995FA,0.677,0.792,1,-7.45,0,0.131,0.21,0.109,0.157,0.836,115.2,4
TRK2D166A118D,0.697,0.286,7,-11.53,1,0.038,0.695,0.493,0.114,0.244,70.2,3
TRKFCCCBE2B84,0.544,0.582,9,-3.7,1,0.035,0.0,0.0,0.179,0.647,122.1,4
TRK37EDAFD5E1,0.391,0.445,9,-8.66,1,0.122,0.425,0.089,0.044,0.21,89.0,4
TRKF732C7D834,0.321,1.0,0,-4.24,1,0.003,0.0,0.238,0.243,0.223,132.3,4
TRK8D349BCA40,0.778,0.919,7,-5.41,1,0.037,0.385,0.0,0.132,0.545,114.3,4
TRK684312F755,0.721,0.657,1,-3.56,0,0.058,0.113,0.0,0.173,0.637,100.0,4
TRK791AE2115A,0.747,0.739,7,-5.4,0,0.196,0.372,0.13,0.201,0.507,98.1,4
TRK99771F448F,0.834,0.743,10,-5.69,0,0.108,0.17,0.0,0.104,0.703,105.3,4
TRKB54282E466,0.754,0.696,7,-8.17,0,0.108,0.007,0.119,0.173,0.577,109.6,3
TRKD6594C2B52,0.575,0.597,7,-4.98,1,0.027,0.437,0.0,0.146,0.437,95.5,4
TRK474FC731AA,0.532,0.759,6,-5.11,1,0.109,0.0,0.009,0.153,0.541,150.5,4
TRK27E941A09A,0.44,0.115,11,-13.66,1,0.058,1.0,0.804,0.154,0.359,90.1,4
TRK01AD915C40,0.424,0.855,2,-4.84,1,0.062,0.0,0.087,0.181,0.608,146.1,4
TRKC23B24C7B7,0.44,0.71,1,-4.68,1,0.031,0.0,0.0,0.194,0.585,109.4,4
TRK21B12EC6DA,0.648,0.661,7,-6.59,0,0.085,0.126,0.053,0.202,0.623,108.3,4
TRKCF59980042,0.6,0.718,1,-6.98,1,0.051,0.172,0.0,0.193,0.602,122.2,4
TRK23F71D473A,0.418,0.0,5,-17.74,1,0.043,1.0,0.844,0.119,0.229,56.7,5
TRK930F827034,0.331,0.713,6,-7.82,1,0.054,0.218,0.0,0.325,0.57,121.7,4
TRKDAD83C0F5E,0.478,0.255,7,-15.98,0,0.021,0.676,0.408,0.22,0.207,78.2,4
TRKEBF6CB1D9D,0.734,0.642,8,-5.01,1,0.117,0.207,0.091,0.165,0.224,88.8,4
TRKCEBAC13511,0.476,0.134,7,-15.17,1,0.048,0.964,0.235,0.202,0.596,121.1,4
TRK5DAB6D5D4A,0.722,0.534,7,-6.22,1,0.094,0.118,0.0,0.085,0.491,101.5,4
TRK42C498551E,0.73,0.669,3,-3.97,1,0.035,0.24,0.0,0.191,0.602,101.8,4
TRK19089FD893,0.189,1.0,3,-2.6,1,0.05,0.0,0.118,0.306,0.523,160.0,5
TRK6571358B20,0.495,0.41,0,-12.38,1,0.058,0.684,0.372,0.144,0.393,93.5,4
TRK1429806302,0.476,0.719,1,-7.67,1,0.0,0.097,0.12,0.224,0.761,138.8,4
TRK5483DF218E,0.678,0.491,8,-8.73,1,0.019,0.364,0.0,0.344,0.457,100.4,4
TRKD8EFD85211,0.698,0.791,11,-2.02,1,0.137,0.039,0.034,0.198,0.718,139.5,4
TRK7D5E5F09F6,0.689,0.615,9,-3.33,1,0.0,0.327,0.084,0.207,0.637,111.6,4
TRK18402F4180,0.655,0.857,0,-4.04,1,0.078,0.186,0.013,0.124,0.631,90.0,4
TRKCC232C3A2C,0.836,0.717,5,-3.79,0,0.038,0.179,0.0,0.164,0.539,130.7,4
TRKCDE3DD6A47,0.48,0.196,1,-17.08,0,0.0,0.899,0.707,0.041,0.273,104.1,4
TRK8C09B16FA1,0.3,1.0,11,-2.59,1,0.04,0.0,0.282,0.34,0.343,142.0,4
TRKC5DADBC448,0.671,0.884,6,-7.01,0,0.037,0.031,0.0,0.298,0.272,117.8,4
TRK69BAC5BBC4,0.656,0.689,1,-7.69,0,0.272,0.0,0.068,0.104,0.547,105.9,4
TRK963AC8F198,0.728,0.394,3,-6.41,1,0.233,0.224,0.103,0.12,0.505,110.9,4
TRKE3EBE1186E,0.869,0.435,2,-4.08,1,0.209,0.06,0.115,0.205,0.377,82.9,4
TRKA891959FBB,0.676,0.582,6,-5.1,0,0.133,0.188,0.0,0.116,0.432,152.9,4
TRK8FE1233DC3,0.928,0.728,5,-4.14,1,0.125,0.288,0.0,0.113,0.725,98.8,4
TRK7B8F3A2A70,0.596,0.61,0,-4.88,1,0.078,0.196,0.0,0.149,0.718,144.2,4
TRK068D607C7F,0.638,0.38,3,-9.89,0,0.002,0.711,0.643,0.173,0.503,66.6,4
TRK7C91E43083,0.6,0.62,10,-3.5,0,0.048,0.073,0.058,0.208,0.48,109.4,4
TRK9F0C9E7C37,0.425,1.0,5,-4.34,1,0.05,0.0,0.196,0.448,0.07,177.8,4
TRK854BA1B782,0.689,0.581,11,-8.33,1,0.129,0.379,0.0,0.236,0.424,111.8,4
TRK740B01B090,0.433,0.573,2,-6.03,1,0.009,0.322,0.083,0.13,0.326,106.8,4
TRK2FDA2B1B43,0.614,0.753,4,-6.63,1,0.07,0.008,0.058,0.209,0.476,119.3,4
TRKDC503D0DCC,0.661,0.445,3,-7.0,1,0.087,0.266,0.188,0.15,0.359,80.6,4
TRK276687A5CE,0.748,0.605,6,-7.88,1,0.17,0.043,0.0,0.191,0.298,95.7,4
TRK42D774CA0D,0.711,0.424,0,-8.21,1,0.084,0.269,0.0,0.189,0.292,82.5,4
TRK49D141156E,0.732,0.879,5,-1.33,1,0.0,0.055,0.15,0.167,0.799,121.8,3
TRKBFA74CB444,0.746,0.565,1,-6.54,1,0.102,0.0,0.014,0.167,0.509,112.2,4
TRK0E055B6E75,0.604,0.439,0,-9.37,1,0.059,0.154,0.06,0.136,0.672,84.9,4
TRKF85DDDA0D6,0.5,0.368,11,-9.72,1,0.0,0.572,0.697,0.094,0.221,73.0,4
TRKF7237EA7C3,0.748,0.746,0,-4.21,1,0.0,0.135,0.081,0.24,0.468,129.2,4
TRKEAF51F5166,0.597,0.238,5,-13.05,0,0.035,0.467,0.796,0.053,0.595,86.9,4
TRKA689FAD23A,0.61,0.75,6,-2.3,0,0.076,0.0,0.044,0.179,0.718,122.4,3
TRKDC9ED00816,0.754,0.735,5,-5.38,0,0.008,0.2,0.272,0.248,0.857,123.5,4
TRK8E1236D7C0,0.605,0.836,6,-5.33,0,0.0,0.053,0.0,0.169,0.541,113.5,4
TRK9607D2AC64,0.496,0.723,6,-10.61,1,0.04,0.449,0.182,0.22,0.735,119.5,4
TRK5AC8A12E7E,0.638,1.0,3,0.24,0,0.081,0.127,0.268,0.202,0.653,135.2,4
TRKD54A3703BC,0.4,0.999,10,-2.53,1,0.078,0.022,0.234,0.318,0.266,130.5,4
TRKA1A28A266C,0.657,1.0,4,-5.84,0,0.066,0.075,0.276,0.21,0.805,129.7,4
TRKFC2ADFFBE4,0.488,0.308,10,-9.81,1,0.084,0.856,0.534,0.188,0.393,123.0,4
TRKBCBA0BA1F0,0.621,0.244,8,-12.69,0,0.019,0.783,0.305,0.178,0.52,74.1,4
TRK832235F87B,0.521,0.289,10,-13.31,1,0.031,0.491,0.551,0.148,0.241,85.0,4
TRK72E29D56D1,0.47,0.788,6,-3.57,1,0.089,0.065,0.172,0.276,0.337,131.6,3
TRK54CF741599,0.729,0.521,6,-5.9,1,0.028,0.424,0.0,0.103,0.727,97.2,4
TRK7724272A2B,0.727,0.684,3,-7.08,0,0.033,0.27,0.085,0.169,0.681,,4
TRK7FC3F4A40C,0.62,0.65,2,-5.6,0,0.024,0.045,0.09,0.198,0.741,110.0,4
TRK858BDE592A,0.621,0.717,5,-5.06,1,0.203,0.017,0.0,0.231,0.476,156.4,4
TRKEC2CE680B7,0.389,0.16,11,-10.81,0,0.047,0.742,0.368,0.228,0.339,73.4,4
TRK59EF43772B,0.349,0.134,3,-10.55,0,0.149,0.503,0.475,0.091,0.787,74.7,4
TRK25434DC455,0.719,0.647,7,-3.08,1,0.119,0.048,0.0,0.148,0.245,115.2,4
TRKA6235EECC4,0.729,0.23,8,-12.39,0,0.003,0.638,0.519,0.077,0.256,68.2,4
TRKD6A3B7636A,0.68,0.812,10,-3.63,1,0.109,0.077,0.008,0.295,0.505,123.8,4
TRK9C6DD328C8,0.96,0.578,6,-6.12,1,0.089,0.109,0.163,0.195,0.751,112.7,5
TRK2C4C661FFC,0.684,0.816,0,-3.11,1,0.019,0.096,0.025,0.189,0.678,110.4,4
TRK906CE57B27,0.665,0.52,4,-5.72,1,0.0,0.464,0.0,0.123,0.273,120.6,4
TRK63C38449C4,0.649,0.151,4,-9.95,1,0.084,0.368,0.728,0.122,0.2,86.9,3
TRK1BDF559083,0.41,0.242,10,-20.34,1,0.0,0.749,0.89,0.067,0.393,112.0,4
TRK0BC6E81DB3,0.786,0.799,1,-5.14,0,0.169,0.302,0.0,0.117,0.435,91.1,3
TRK23A92D4795,0.894,0.748,8,-7.12,1,0.083,0.129,0.0,0.227,0.745,98.9,4
TRKEDB01067FE,0.684,0.754,3,-4.0,1,0.08,0.075,0.0,0.031,0.767,102.8,4
TRKB38A523F4C,0.792,0.541,7,-5.85,1,0.238,0.07,0.0,0.204,0.4,118.3,4
TRK771EA4ED09,0.525,0.734,1,-3.78,1,0.048,0.159,0.174,0.089,0.63,141.3,4
TRKA5501025B6,0.307,0.747,8,-3.86,0,0.077,0.014,0.036,0.29,0.053,136.8,4
TRK84FDEA033D,0.797,0.636,10,-6.85,0,0.021,0.117,0.0,0.261,0.707,112.7,4
TRK1E325E32A8,0.419,0.402,8,-5.24,1,0.018,0.349,0.003,0.183,0.547,117.3,5
TRK25C4DE9A64,0.401,0.704,0,-6.67,1,0.098,0.121,0.09,0.195,0.578,118.0,4
TRK3D3D98A485,0.739,0.73,0,-6.2,1,0.067,0.184,0.0,0.157,0.697,109.5,4
TRK87C25E2B88,0.819,0.521,9,-7.46,1,0.084,0.11,0.0,0.175,0.542,83.1,4
TRK750EAD24E3,0.372,0.845,7,-7.02,1,0.05,0.048,0.269,0.31,0.471,189.8,4
TRK7D33B76D55,0.499,0.819,3,-6.75,0,0.027,0.082,0.072,0.307,0.436,115.9,4
TRK931FC8BA67,0.557,0.706,2,-4.9,1,0.052,0.084,0.0,0.213,0.505,150.2,4
TRK254CB913E4,0.845,0.842,0,-5.65,0,0.048,0.079,0.142,0.142,0.738,132.2,4
TRKD66ECF0314,0.567,0.622,4,-7.09,0,0.098,0.167,,0.202,0.381,138.9,4
TRK50D170AFB0,0.824,0.742,10,-7.61,1,0.06,0.292,0.0,0.104,0.564,107.2,4
TRK74C28500C0,0.521,0.752,8,-6.85,0,0.109,0.033,0.1,0.123,0.629,107.4,4
TRK7AE4DF1439,0.563,0.468,2,-8.87,0,0.054,0.137,0.0,0.26,0.377,148.6,4
TRK1237E2CF8F,0.581,0.52,5,-6.93,0,0.082,0.399,0.0,0.159,0.27,83.6,4
TRK850EB3C467,0.539,0.206,9,-11.16,0,0.09,0.365,0.719,0.165,0.328,74.6,4
TRKD8F3E3370C,0.538,0.641,7,-7.52,1,0.008,0.291,0.106,0.198,0.675,91.8,4
TRKA013C3DB23,0.242,0.323,9,-13.9,0,0.012,0.762,0.976,0.079,0.422,101.5,4
TRK3468F65B47,0.755,0.759,3,-3.28,1,0.1,0.249,0.015,0.117,0.711,111.9,4
TRK8E0E2AC5F9,0.605,0.41,5,-16.15,0,0.038,0.388,0.604,0.167,0.241,78.2,4
TRK5B3159A922,0.714,0.628,8,-8.94,0,0.142,0.326,0.109,0.095,0.385,95.0,4
TRK64C77325BB,0.34,0.887,10,-2.11,1,0.062,0.093,0.041,0.278,0.226,142.9,4
TRK0F8DC35DFA,0.441,0.277,8,-15.09,1,0.098,0.473,0.517,0.066,0.672,86.5,4
TRK96E5441226,0.55,0.524,4,-3.89,0,0.06,0.176,0.201,0.098,0.57,133.7,4
TRK311EB5F90C,0.711,0.677,10,-1.97,0,0.028,0.099,0.0,0.164,0.809,86.7,4
TRK6247458C62,0.717,0.549,2,-6.65,1,0.041,0.625,0.014,0.117,0.629,116.3,4
TRK62D3A0792B,0.539,0.301,9,-13.71,1,0.108,0.712,0.583,0.128,0.436,71.8,4
TRK4B3425E4F9,0.768,0.714,1,-4.37,1,0.096,0.159,0.0,0.226,0.808,115.7,5
TRKC04ECA2370,0.181,0.39,2,-16.71,0,0.081,0.961,0.788,0.112,0.22,97.9,4
TRKECE312BABC,0.612,0.755,1,-6.65,1,0.171,0.227,0.193,0.092,0.349,139.5,4
TRK9E852DBAB0,0.514,0.434,0,-9.3,0,0.038,0.764,0.268,0.163,0.611,103.4,4
TRK4ED7389A80,0.391,0.784,6,-7.79,1,0.066,0.035,0.223,0.155,0.328,138.9,4
TRK908F4D6090,0.372,0.801,11,-2.4,1,0.021,0.136,0.02,0.356,0.409,134.3,4
TRKFDE72C5AD4,0.478,0.494,2,-5.53,1,0.049,0.013,0.0,0.302,0.566,131.1,4
TRK01512FCD76,0.855,0.72,10,-5.85,0,0.095,0.117,0.03,0.125,0.759,101.7,4
TRKD1BB914A11,0.607,0.577,9,-9.07,1,0.091,0.208,0.095,0.133,0.416,88.9,4
TRKC26CDA6189,0.647,0.593,9,-5.85,1,0.148,0.246,0.0,0.155,0.545,109.6,4
TRK4A993291D8,0.779,0.568,7,-2.81,1,0.04,0.156,0.0,0.326,0.514,113.1,4
TRKAED523299E,0.799,0.717,1,-5.22,1,0.135,0.316,0.114,0.1,0.564,107.1,4
TRKE202DE5645,0.649,0.872,0,-3.37,1,0.084,0.11,0.0,0.154,0.782,144.7,4
TRK555B66AA51,0.541,0.706,9,-6.9,1,0.05,0.132,0.0,0.144,0.794,106.3,4
TRKC91F8FFF59,0.55,0.561,9,-6.69,1,0.119,0.379,0.151,0.077,0.597,89.3,4
TRKDD5F97D985,0.859,0.816,0,-5.54,1,0.034,0.255,0.018,0.149,0.389,116.2,4
TRK4C8A1CDF14,0.605,0.504,4,-5.36,0,0.079,0.084,0.0,0.173,0.826,107.2,4
TRKD0CF5AE806,0.712,0.559,6,-6.73,0,0.083,0.367,0.005,0.043,0.697,103.8,4
TRKB8E47696D0,0.31,1.0,0,-6.29,1,0.0,0.0,0.048,0.343,0.424,145.9,4
TRKB9D9A5DCB7,0.774,0.832,7,-7.8,1,0.143,0.055,0.136,0.181,0.484,111.8,4
TRK1940BEF4EA,0.666,0.647,9,-9.76,1,0.003,0.253,0.003,0.109,0.211,108.2,3
TRK693C6132B4,0.649,0.843,10,-7.72,0,0.059,0.031,0.0,0.235,0.69,114.6,4
TRKE6357DAB07,0.826,0.701,3,-4.75,0,0.092,0.037,0.0,0.103,0.862,102.5,4
TRK3DB78563B5,0.331,1.0,2,-0.58,1,0.079,0.0,0.148,0.27,0.231,120.1,4
TRK084ADC16E3,0.705,0.344,5,-6.73,0,0.143,0.098,0.029,0.048,0.544,90.2,4
TRK50E05391C8,0.447,0.523,7,-7.79,0,0.013,0.359,0.12,0.194,0.276,107.9,4
TRKFD3E644539,0.664,0.895,2,-3.7,1,0.14,0.012,0.04,0.244,0.573,147.0,3
TRKF31545B402,0.615,0.755,6,-5.26,1,0.056,0.233,0.284,0.34,0.498,123.3,5
TRK7F33FA43EE,0.581,0.597,9,-9.13,1,0.103,0.123,0.03,0.172,0.233,84.6,3
TRKC8B3A51F37,0.566,0.564,2,-9.88,1,0.137,0.149,0.045,0.093,0.746,92.6,4
TRKF123F13BBD,0.506,0.73,4,-0.86,0,0.074,0.089,0.283,0.224,0.579,132.0,4
TRK05415E6B93,0.533,0.849,3,-5.65,1,0.065,0.26,0.015,0.366,0.331,137.1,4
TRK55CD981D6F,0.593,0.811,0,-5.84,0,0.072,0.01,0.0,0.233,0.281,149.7,4
TRK4F8D4D3E0C,0.52,0.474,1,-10.63,1,0.066,0.761,0.419,0.174,0.467,105.2,5
TRKE9C0DEC246,0.522,0.631,0,-8.99,1,0.035,0.424,0.177,0.103,0.714,139.3,4
TRK695BF66AF4,0.59,0.965,9,-3.86,0,0.09,0.118,0.207,0.425,0.044,143.5,4
TRK4CE0DA2D80,0.4,0.407,6,-6.96,0,0.036,0.28,0.0,0.036,0.588,89.8,4
TRKD2E7A8D558,0.822,0.602,10,-5.06,0,0.057,0.222,0.0,0.15,0.786,95.1,4
TRKC67B094806,0.688,0.388,7,-9.66,1,0.0,0.391,0.01,0.217,0.385,117.5,4
TRK679DACA35B,0.89,0.655,8,-5.67,0,0.198,0.125,0.0,0.177,0.777,81.1,4
TRK8F7E3EA94A,0.86,0.641,2,-3.12,0,0.105,0.004,0.0,0.143,0.76,103.8,4
TRK89DF94B039,0.608,0.413,9,-5.22,1,0.012,0.506,0.123,0.143,0.493,109.3,4
TRK422E69BCC6,0.53,0.166,8,-7.38,1,0.028,0.816,0.537,0.253,0.521,110.6,4
TRK791BDEA5C5,0.434,0.843,3,-3.25,1,0.068,0.0,0.264,0.29,0.488,106.8,4
TRKE205D63AA1,0.48,1.0,8,-5.41,0,0.094,0.011,0.0,0.248,0.231,119.9,4
TRK0C87CB5718,0.506,0.462,7,-8.17,0,0.053,0.314,0.002,0.13,0.558,111.8,4
TRK4C188385D8,0.772,0.759,10,-5.25,1,0.118,0.189,0.0,0.145,0.42,94.1,4
TRKE8C61339F2,0.689,0.488,3,-9.42,1,0.115,0.459,0.172,0.176,0.396,98.1,4
TRKC5F25FEBC1,0.72,0.747,3,-2.07,1,0.036,0.047,0.166,0.264,0.357,126.6,4
TRKF9D66DDE7F,0.59,0.593,5,-5.85,1,0.061,0.0,0.0,0.158,0.499,123.5,4
TRK58D64449D7,0.924,0.525,1,-2.85,0,0.044,0.288,0.03,0.155,0.677,112.8,4
TRK744A83EE2D,0.605,0.183,4,-11.21,1,0.012,0.549,0.717,0.079,0.343,83.6,4
TRKC877B8417D,0.65,0.416,10,-11.46,1,0.153,0.168,0.0,0.163,0.315,94.5,4
TRK6A9161BBDE,0.723,0.596,3,-4.33,1,0.109,0.273,0.127,0.215,0.883,108.5,4
TRK8526822190,0.6,0.398,7,-6.21,0,0.15,0.447,0.071,0.237,0.562,87.5,3
TRKBDE0C012BA,0.412,0.546,8,-5.93,1,0.0,0.3,0.022,0.182,0.532,95.0,4
TRK71913B0FF1,0.409,0.213,0,-19.18,1,0.0,0.785,0.961,0.145,0.435,89.8,4
TRKACFD8FCF07,0.691,0.609,1,-5.06,0,0.035,0.11,0.033,0.244,0.643,110.6,4
TRK72CE668BC6,0.845,0.742,5,-2.21,1,0.061,0.338,0.003,0.195,0.549,133.4,4
TRKC43F7B5C90,0.648,0.975,5,-3.96,0,0.082,0.0,0.05,0.264,0.512,128.8,4
TRK8B3641A95E,0.646,0.604,7,-4.53,1,0.0,0.275,0.028,0.156,0.637,92.2,3
TRKABC8DF6B86,0.838,0.764,1,-4.03,1,0.085,0.0,0.046,0.112,0.63,108.9,4
TRK3069A67142,0.608,0.405,5,-12.58,0,0.038,0.612,0.644,0.064,0.66,73.2,4
TRK823B346329,0.799,0.531,9,-5.73,1,0.0,0.117,0.0,0.188,0.774,118.3,4
TRKC7F40462E8,0.543,0.716,7,-3.31,1,0.017,0.058,0.0,0.112,0.762,103.5,4
TRK0567140C91,0.542,0.655,5,-7.91,1,0.11,0.25,0.086,0.192,0.263,148.4,3
TRKD54CB9A9B0,0.762,0.804,3,-1.86,1,0.0,0.28,0.159,0.139,0.468,128.7,4
TRKD28F143F76,0.695,0.667,7,-2.75,1,0.142,0.251,0.0,0.119,0.527,90.1,4
TRK55EC4B56B7,0.315,0.398,3,-11.29,1,0.055,0.717,0.319,0.237,0.761,54.9,4
TRK979D067846,0.787,0.866,1,-5.75,1,0.086,0.248,0.093,0.16,0.548,120.5,4
TRKDE9A7D11A8,0.69,0.87,4,-4.8,0,0.105,0.247,0.0,0.194,0.531,93.5,4
TRKA8E08B33A9,0.589,0.679,5,-9.78,1,0.04,0.182,0.136,0.141,0.415,94.8,4
TRKD8830122C0,0.844,0.555,9,-5.05,0,0.101,0.121,0.0,0.232,0.983,90.7,4
TRKE88B88057F,0.483,0.682,3,-4.04,1,0.048,0.501,0.142,0.161,0.991,111.2,5
TRK1F50722CBF,0.259,0.212,10,-16.29,1,0.018,0.802,0.769,0.138,0.415,155.9,4
TRK68013E3479,0.851,0.474,6,-5.13,0,0.043,0.104,0.0,0.19,0.811,102.7,4
TRK9E2B08CCA2,0.887,0.66,0,-4.18,1,0.205,0.0,0.0,0.188,0.749,89.2,4
TRK25148A39B4,0.735,0.747,5,-4.39,0,0.023,0.053,0.143,0.227,0.449,135.7,4
TRK3BC58B98FA,0.669,0.851,4,-4.16,1,0.099,0.193,0.0,0.14,0.542,111.8,4
TRK2F8306F733,0.442,0.713,2,-6.0,0,0.043,0.169,0.167,0.252,0.202,132.9,4
TRK9EC01586FB,0.469,0.698,3,-8.31,0,0.003,0.0,0.027,0.136,0.367,120.7,4
TRKD60A4D2E2D,0.899,0.735,6,-4.69,0,0.047,0.255,0.0,0.134,0.748,101.8,4
TRKA061C7AD93,0.756,0.82,5,-3.19,0,0.144,0.0,0.055,0.248,0.509,158.7,4
TRK7E294C6F0E,0.352,0.285,11,-17.43,1,0.0,1.0,0.765,0.161,0.469,97.8,4
TRK5322F8BE38,0.479,0.446,9,-7.39,1,0.11,0.326,0.02,0.14,0.593,100.6,4
TRK01891519DC,0.878,0.735,7,-6.53,1,0.11,0.198,0.123,0.065,0.915,85.4,5
TRK8276A5FB44,0.718,0.637,3,-6.01,0,0.067,0.438,0.117,0.076,0.581,103.0,5
TRK6F54BB7289,0.649,0.799,10,-4.98,1,0.134,0.211,0.0,0.26,0.577,97.0,4
TRK1AA85E4A7D,0.664,0.484,3,-10.27,1,0.061,0.718,0.278,0.092,0.415,114.3,4
TRKC7D2F77EE5,0.722,0.523,2,-6.01,1,0.161,0.0,0.0,0.119,0.569,117.2,4
TRK3859801A24,0.669,0.676,11,-5.88,1,0.334,0.063,0.019,0.205,0.401,101.8,4
TRK062AA2027B,0.33,0.526,3,-8.92,0,0.119,0.821,0.288,0.091,0.531,120.7,4
TRK09890AA518,0.52,0.186,11,-10.77,0,0.052,0.462,0.784,0.054,0.354,76.6,4
TRK2F80BBD790,0.341,0.94,8,-4.82,0,0.062,0.0,0.345,0.271,0.205,132.0,4
TRKF089F739EF,0.82,0.51,4,-7.42,1,0.075,0.104,0.0,0.076,0.583,101.3,4
TRK7FB49E2035,0.491,0.516,7,-7.07,1,0.127,0.135,0.005,0.097,0.438,99.1,4
TRKCC9CA55DAB,0.573,0.259,4,-12.43,0,0.0,0.621,0.593,0.006,0.351,64.9,4
TRKC42064EF14,0.379,0.431,0,-9.74,0,0.027,0.74,0.333,0.216,0.311,107.9,4
TRKD63429EF24,0.693,0.823,11,-4.48,1,0.075,0.224,0.026,0.32,0.796,115.0,4
TRK64E094E141,0.606,0.347,10,-6.0,1,0.0,0.418,0.153,0.232,0.428,97.8,4
TRKB2D6B61CB1,0.355,0.245,0,-16.11,1,0.049,0.982,0.848,0.14,0.308,115.0,4
TRK2B9160A564,0.636,0.529,1,-7.0,1,0.116,0.139,0.0,0.177,0.266,93.5,3
TRKF76A6536C0,0.634,0.506,2,-4.17,0,0.087,0.07,0.023,0.225,0.742,109.5,4
TRKD44BB09FDA,0.434,1.0,4,-1.52,1,0.082,0.087,0.39,0.244,0.188,138.5,4
TRKA1FC2954B9,0.88,0.782,8,-5.64,1,0.128,0.276,0.118,0.241,0.674,102.0,4
TRKA44310DE7B,0.559,0.831,9,-5.94,0,0.237,0.292,0.126,0.059,0.534,101.1,4
TRK094AFC98C3,0.527,0.902,3,-9.27,0,0.019,0.043,0.077,0.193,0.474,110.0,4
TRK458F1D79BB,0.582,0.529,4,-5.75,1,0.146,0.115,0.16,0.219,0.604,98.1,4
TRK0B82B0711D,0.55,0.828,10,-6.4,0,0.0,0.308,0.216,0.291,0.409,123.5,4
TRK5AED28FF6F,0.781,0.769,9,-5.61,1,0.102,0.14,0.0,0.145,0.742,109.0,4
TRK678ABB044C,0.556,0.324,9,-12.52,0,0.009,0.472,0.641,0.013,0.584,70.8,4
TRKD78B4E9C5D,0.878,0.728,11,-5.57,1,0.104,0.018,0.0,0.079,0.436,121.8,4
TRKAD171D12A7,0.445,0.762,4,-3.11,0,0.138,0.054,0.082,0.373,0.333,115.6,4
TRK43922818FA,0.58,0.655,3,-6.42,0,0.011,0.269,0.221,0.184,0.827,123.7,4
TRK46847507F6,0.748,0.546,1,-6.5,1,0.059,0.337,0.0,0.161,0.759,119.9,4
TRK72879CC87F,0.579,0.618,2,-9.98,1,0.152,0.169,0.0,0.179,0.577,83.8,5
TRKF6116DAD7E,0.444,0.197,11,-15.93,1,0.005,0.836,0.976,0.077,0.45,58.5,4
TRK7C4FEFDDB0,0.816,0.724,10,-5.32,1,0.061,0.113,0.149,0.26,0.666,113.3,4
TRKEE4EBEF7B8,0.742,0.878,2,-7.16,1,0.286,0.125,0.0,0.189,0.237,112.7,3
TRK1E43BDA898,0.699,0.885,1,-6.45,0,0.044,0.124,0.018,0.201,0.795,92.0,4
TRK4F48576A29,0.562,0.561,9,-6.22,1,0.219,0.143,0.148,0.156,0.512,99.6,4
TRK8B5482E5BD,0.293,0.812,1,-1.65,1,0.035,0.134,0.0,0.358,0.334,99.0,3
TRK3C562CC4C0,0.434,0.395,10,-8.62,1,0.077,0.059,0.0,0.09,0.471,102.3,4
TRK7A1BDC6634,0.792,0.92,9,-3.96,1,0.063,0.111,0.065,0.242,0.483,88.9,4
TRK7D7D37A75B,0.665,0.718,1,-4.24,1,0.025,0.055,0.0,0.14,0.57,106.9,4
TRK780D26F537,0.513,0.956,11,-5.33,1,0.008,0.161,0.071,0.199,0.452,126.0,4
TRK77838976C0,0.829,0.691,6,-7.79,1,0.07,0.314,0.0,0.122,0.473,107.5,4
TRK169149702F,0.755,0.617,9,-3.96,1,0.102,0.407,0.149,0.141,0.68,103.4,4
TRK51F122AC0F,0.871,0.758,4,-2.97,1,0.051,0.183,0.0,0.037,0.94,95.9,4
TRKFFCD0AF657,0.569,0.571,8,-8.98,1,0.125,0.377,0.032,0.037,0.346,87.2,4
TRK39A47978D4,0.178,0.205,6,-16.82,1,0.028,0.806,1.0,0.076,0.286,51.8,4
TRKE676BDF086,0.405,0.882,8,-4.51,1,0.085,0.0,0.158,0.244,0.487,124.0,5
TRK96574E981B,0.685,0.637,1,-6.41,0,0.0,0.351,0.0,0.021,0.465,96.6,4
TRK2E2E907F9D,0.779,0.644,8,-5.92,1,0.135,0.221,0.0,0.169,0.713,114.1,4
TRK60F3AF28CE,0.577,0.699,5,-5.32,0,0.042,0.505,0.053,0.189,0.616,140.5,4
TRKF63181F6B9,0.504,0.325,9,-8.01,1,0.03,0.691,0.443,0.162,0.263,66.5,4
TRK756A0D64ED,0.686,0.714,2,-9.16,0,0.075,0.198,0.0,0.11,0.243,106.0,4
TRKD7318D4CA8,0.805,0.655,9,-3.57,1,0.034,0.144,0.0,0.046,0.855,95.7,4
TRKB1AEEBE6BD,0.889,0.616,6,-7.87,0,0.266,0.0,0.083,0.22,0.662,99.3,3
TRK4CA1BBB901,0.709,0.636,6,-7.2,1,0.013,0.163,0.014,0.086,0.588,130.7,4
TRK63FA898AC5,0.454,0.331,7,-13.36,1,0.023,0.51,0.283,0.312,0.458,,5
TRKA423ECB986,0.607,0.507,1,-4.45,1,0.233,0.328,0.022,0.162,0.456,91.5,4
TRK7FFF4EC0E1,0.36,0.282,6,-14.11,0,0.0,0.719,0.773,0.079,0.303,110.2,4
TRKC38FE951F3,0.563,0.925,0,-1.75,1,0.045,0.014,0.156,0.395,0.374,145.4,4
TRKD516247327,0.648,0.54,2,-7.72,1,0.108,0.134,0.0,0.11,0.593,93.7,4
TRK5CDD0682B4,0.489,0.907,0,-5.74,0,0.103,0.123,0.12,0.167,0.317,146.5,4
TRK0A3DD9C1A0,0.804,0.702,8,-4.89,0,0.107,0.0,0.01,0.171,0.58,106.9,4
TRK4BEA5C938D,0.425,0.764,0,-4.86,0,0.098,0.043,0.114,0.188,0.177,146.7,4
TRK846E9225C6,0.711,0.816,11,-4.14,1,0.11,0.195,0.127,0.179,0.695,143.4,4
TRK4CF8A84C07,0.516,0.596,4,-8.7,1,0.102,0.267,0.135,0.056,0.628,110.2,4
TRK6270DE0737,0.693,0.735,1,-4.0,1,0.147,0.163,0.159,0.144,0.707,107.1,4
TRK672BD0929A,0.52,0.459,8,-7.12,0,0.064,0.186,0.126,0.054,0.436,104.3,4
TRK4F72EC1DE6,0.504,0.783,3,-5.79,1,0.058,0.017,0.0,0.22,0.638,86.9,4
TRK96B03D25CA,0.856,0.702,3,0.23,1,0.026,0.297,0.0,0.267,0.721,95.6,4
TRKEF56C14F9C,0.838,0.479,11,-7.12,1,0.098,0.186,0.0,0.12,0.542,110.6,4
TRKB61AA0D5CA,0.647,0.572,2,-8.94,1,0.295,0.174,0.0,0.216,0.395,99.6,4
TRK8C0987E06C,0.676,0.391,4,-10.49,1,0.037,0.585,0.303,0.126,0.476,99.4,5
TRK1B6CB75B3F,0.847,0.814,9,-5.55,1,0.04,0.255,0.292,0.253,0.725,127.3,3
TRK7076E65500,0.772,0.442,10,-4.97,1,0.036,0.579,0.0,0.223,0.194,100.2,4
TRK19FCAC660F,0.749,0.604,11,-4.59,1,0.246,0.0,0.0,0.127,0.643,117.2,4
TRKC42B43A1AB,0.846,0.938,11,-4.82,1,0.057,0.15,0.061,0.171,0.626,122.6,4
TRK32C1D7C198,0.679,0.566,6,-6.19,1,0.177,0.356,0.248,0.162,0.474,113.7,4
TRK1B2501791C,0.507,0.888,10,-3.64,1,0.11,0.181,0.042,0.227,0.661,114.0,4
TRK9E0CDE2917,0.681,0.807,11,-5.69,1,0.071,0.273,0.0,0.122,0.893,138.7,4
TRK94BDE21A96,0.719,0.613,4,-4.73,1,0.2,0.193,0.0,0.195,0.457,98.3,4
TRKE949158D79,0.498,1.0,6,-3.12,0,0.074,0.0,0.0,0.361,0.263,113.4,4
TRK4C9FE3D71C,0.526,0.278,5,-14.67,0,0.026,0.892,0.879,0.133,0.319,82.5,4
TRK5A6218B3CD,0.805,0.971,0,-4.45,1,0.146,0.0,0.097,0.151,0.377,128.8,4
TRK4690E0063B,0.535,0.559,7,-7.69,1,0.036,0.246,0.061,0.077,0.422,125.1,4
TRK29DF45561B,0.694,0.728,1,-5.77,1,0.078,0.055,0.116,0.108,0.797,112.6,4
TRKCCD7EBC4AB,0.519,0.981,6,-4.96,1,0.083,0.0,0.087,0.288,0.454,133.1,4
TRK1F061D98EB,0.579,0.498,7,-7.56,1,0.071,0.162,0.127,0.185,0.414,87.8,4
TRK3CFA795624,0.578,0.418,7,-7.27,1,0.017,0.768,0.412,0.159,0.888,70.1,3
TRK5B7149EFF5,0.865,0.771,1,-7.35,1,0.153,0.255,0.067,0.075,0.496,106.5,4
TRKF6D09FA1DA,0.659,0.591,2,-9.25,1,0.092,0.275,0.16,0.142,0.577,84.1,4
TRKA0E089B2E9,0.724,0.244,9,-12.63,1,0.0,0.703,0.574,0.081,0.647,85.4,4
TRKD534331AB2,0.753,0.53,11,-4.17,0,0.181,0.327,0.075,0.178,0.698,108.2,4
TRKD70EBF6371,0.845,0.951,5,-6.18,0,0.144,0.235,0.013,0.243,0.38,122.2,4
TRKA5894923EA,0.405,0.82,5,-2.56,1,0.082,0.093,0.142,0.331,0.379,147.2,4
TRK92CE1807ED,0.481,0.665,5,-3.64,0,0.022,0.0,0.265,0.153,0.454,130.1,4
TRKDD6AD711C4,0.775,0.976,9,-6.16,1,0.112,0.201,0.197,0.161,0.692,102.0,4
TRKBF431C9E82,0.572,0.629,6,-4.42,1,0.103,0.21,0.0,0.176,0.688,109.6,4
TRK37009AA96F,0.48,0.264,1,-13.02,0,0.053,0.638,0.405,0.178,0.595,69.9,4
TRK31E2748FF0,0.433,1.0,10,-2.25,1,0.078,0.0,0.047,0.254,0.692,138.0,4
TRK03D4FFD2E5,0.667,0.703,5,-3.09,1,0.059,0.28,0.156,0.157,0.532,122.3,4
TRK5AF3F7E0DB,0.822,0.573,10,-11.31,0,0.136,0.309,0.016,0.084,0.515,90.6,4
TRKA903D41435,0.222,0.069,6,-17.02,1,0.125,0.816,0.721,0.098,0.331,50.0,4
TRK3BB5DC6D9A,0.564,0.788,8,-5.99,1,0.06,0.111,0.212,0.218,0.493,116.7,4
TRK8FF9D8D23A,0.429,0.442,5,-10.28,0,0.0,0.473,0.397,0.16,0.32,74.9,4
TRK7553586667,0.5,0.252,5,-12.35,1,0.02,0.647,0.737,0.209,0.278,74.7,5
TRK454531CE97,0.826,0.718,6,-5.76,0,0.14,0.0,0.152,0.278,0.572,101.0,4
TRK601351D4EF,0.557,0.454,1,-13.71,0,0.059,0.648,0.393,0.091,0.386,60.5,4
TRKF4E00BF1F3,0.805,0.65,0,-3.3,0,0.07,0.0,0.131,0.165,0.739,96.4,4
TRKA76A93C314,0.725,0.548,1,-4.48,0,0.056,0.189,0.0,0.153,0.615,134.1,4
TRKD3D942E78F,0.347,0.862,7,-4.86,1,0.0,0.182,0.166,0.303,0.265,116.6,4
TRK0B8A9ED98F,0.686,0.808,7,-2.76,0,0.077,0.089,0.0,0.07,0.495,101.8,4
TRKDEA881BB51,0.465,0.345,1,-12.67,1,0.031,0.401,0.533,0.092,0.479,69.5,4
TRK2FEC5FBC14,0.782,0.657,3,-5.48,1,0.126,0.382,0.0,0.11,0.582,108.1,4
TRKC597822FE9,0.677,0.595,3,-4.71,0,0.06,0.0,,0.235,0.632,154.4,4
TRK48BD33323F,0.679,0.799,7,-5.09,0,0.072,0.024,0.226,0.212,0.606,92.2,3
TRK58B2DA7E28,0.497,0.679,3,-9.23,0,0.064,0.167,0.0,0.016,0.443,71.6,4
TRK371D80A350,0.698,0.89,4,-3.33,0,0.044,0.0,0.073,0.182,0.414,122.1,5
TRK09EEEEDBEE,0.361,1.0,11,-4.72,1,0.101,0.007,0.078,0.328,0.501,145.1,4
TRK90BF821BE1,0.691,0.763,1,-3.94,1,0.236,0.0,0.0,0.049,0.664,104.4,4
TRK79493BE2F2,0.897,0.483,9,-4.62,0,0.086,0.28,0.0,0.135,0.634,113.9,4
TRK05C1788E54,0.604,0.535,4,-5.98,1,0.001,0.0,0.222,0.178,0.389,81.8,4
TRK0399A6A2CA,0.239,0.984,1,-1.93,1,0.002,0.0,0.118,0.235,0.129,120.4,4
TRK09AC5FD7C7,0.389,0.857,0,-3.09,1,0.083,0.032,0.157,0.255,0.0,126.0,4
TRK66CC8463B5,0.432,0.689,8,-2.32,0,0.065,0.0,0.182,0.241,0.512,139.2,4
TRKBBF2AF3EFB,0.582,0.552,2,-8.02,1,0.12,0.177,0.039,0.196,0.393,81.9,4
TRK0B40E92FFE,0.586,0.813,11,-5.51,0,0.173,0.0,0.0,0.116,0.596,161.2,4
TRK6410DA2E55,0.65,0.889,7,-6.18,0,0.087,0.24,0.017,0.234,0.071,155.4,4
TRKFB81826630,0.593,0.793,4,-7.33,1,0.072,0.107,0.0,0.381,0.407,130.0,4
TRK8E6E188DBF,0.693,0.718,8,-6.16,1,0.032,0.068,0.052,0.186,0.631,128.9,4
TRKFAC143E386,0.514,0.561,8,-5.86,1,0.014,0.548,0.0,0.085,0.415,129.5,4
TRK9E878C408F,0.357,0.221,6,-17.53,0,0.051,0.884,0.888,0.0,0.52,76.9,4
TRKB59A9572E4,0.706,0.675,2,-4.79,0,0.155,0.069,0.043,0.179,0.507,112.8,4
TRK2C69949C1E,0.68,0.691,9,-4.7,1,0.161,0.061,0.0,0.054,0.604,107.4,4
TRKD4C36728CB,0.666,0.678,7,-4.08,1,0.074,0.291,0.098,0.106,0.795,96.9,4
TRK51365EEC0E,0.578,0.538,3,-7.36,0,0.124,0.371,0.0,0.221,0.419,115.7,4
TRK0F2F56B45C,0.669,0.739,4,-6.74,1,0.204,0.091,0.084,0.154,0.279,125.3,4
TRK0E44AC721B,0.477,0.84,6,-4.31,1,0.068,0.0,0.224,0.183,0.503,143.3,4
TRK07AA82E10E,0.629,0.722,2,-7.24,1,0.126,0.0,0.0,0.249,0.709,100.4,4
TRKE45C86D1FD,0.682,0.702,9,-3.81,1,0.04,0.085,0.0,0.079,0.404,119.6,4
TRKC050ACAA6A,0.517,0.797,10,-4.24,1,0.03,0.141,0.028,0.289,0.649,125.0,4
TRKE444D28343,0.157,0.277,5,-14.08,0,0.068,0.871,0.979,0.087,0.277,50.0,4
TRK675FB0AB18,0.73,0.521,6,-8.77,1,0.128,0.02,0.066,0.021,0.359,84.0,4
TRK6447339DBB,0.661,0.564,3,-6.0,1,0.219,0.11,0.0,0.197,0.484,117.0,4
TRK10F01437D0,0.371,0.837,7,-4.64,0,0.024,0.154,0.0,0.284,0.569,163.1,4
TRKC6A5DC0DCC,0.689,0.712,0,-7.42,1,0.064,0.229,0.179,0.2,0.528,126.6,4
TRKF3D6DDD814,0.829,0.801,2,-6.97,1,0.064,0.113,0.013,0.109,0.786,111.1,4
TRKFC0A193651,0.725,0.7,0,-5.88,1,0.0,0.0,0.127,0.199,0.421,122.6,4
TRKACD44BD8F9,0.36,0.612,4,-3.98,1,0.035,0.12,0.316,0.342,0.506,127.5,4
TRK2ABBF8DE9B,0.446,0.978,6,-6.48,1,0.0,0.106,0.2,0.432,0.2,135.7,4
TRK3D6F5881AF,0.73,0.698,7,-2.83,1,0.0,0.118,0.163,0.181,0.822,107.6,4
TRK748A6D2AB6,0.594,0.333,6,-12.55,0,0.038,0.833,0.316,0.113,0.475,107.7,4
TRK8D319BDD43,0.615,0.619,7,-4.88,0,0.086,0.123,0.082,0.141,0.562,94.4,4
TRK8CE6D9AB1C,0.635,0.791,9,-6.06,1,0.033,0.0,0.045,0.181,0.475,130.7,4
TRK45AC4B265B,0.568,0.809,4,-5.71,1,0.118,0.094,0.09,0.351,0.478,146.4,4
TRK7A1AD2E13B,0.748,0.789,7,-3.79,1,0.121,0.153,0.17,0.216,0.597,120.7,4
TRKBDF2D0AE1A,0.776,0.864,6,-4.71,1,0.089,0.271,0.042,0.193,0.45,96.0,4
TRK812C52CD63,0.264,0.388,7,-16.16,0,0.05,0.975,0.97,0.097,0.387,88.5,4
TRKB3D9D40D5C,0.334,1.0,9,-4.51,1,0.053,0.18,0.057,0.25,0.529,142.6,4
TRK5B926F1B42,0.794,0.517,0,-5.76,0,0.0,0.049,0.052,0.183,0.607,132.3,4
TRK522C803742,0.756,0.74,10,-3.91,1,0.116,0.231,0.178,0.143,0.504,132.2,4
TRK833594BC97,0.544,0.538,6,-6.8,0,0.006,0.096,0.002,0.168,0.822,74.8,3
TRK987A1E1B65,0.362,0.976,11,-5.29,0,0.076,0.0,0.0,0.285,0.551,129.5,4
TRK2EEC16DDA6,0.569,0.579,10,-10.63,1,0.197,0.307,0.223,0.15,0.748,89.6,4
TRK21AA9BADF8,0.428,1.0,2,-7.72,1,0.162,0.054,0.07,0.275,0.503,127.0,4
TRKECA4A3F12A,0.676,0.524,10,-8.57,1,0.056,0.178,0.132,0.182,0.515,147.6,4
TRKC716EBA890,0.619,0.94,3,-4.22,1,0.132,0.082,0.0,0.199,0.646,101.1,4
TRK5091DBB4AF,0.734,0.961,6,-6.7,0,0.031,0.0,0.0,0.149,0.78,114.4,4
TRK6995A667A8,0.679,0.685,4,-4.94,1,0.045,0.0,0.0,0.257,0.495,135.2,4
TRK63CC2F3792,0.318,0.285,3,-15.79,0,0.002,0.983,1.0,0.0,0.256,111.6,4
TRK7AC2344F8D,0.591,0.574,7,-4.67,1,0.278,0.135,0.088,0.148,0.454,91.8,4
TRK81612328CF,0.448,0.886,4,-9.48,1,0.0,0.122,0.103,0.185,0.295,132.5,4
TRK70176D4C24,0.375,0.953,4,-2.2,1,0.039,0.0,0.119,0.323,0.093,130.3,4
TRK94B5C2B3B2,0.518,0.542,11,-6.34,1,0.03,0.235,0.0,0.205,0.689,134.0,4
TRKDE18E791FF,0.832,0.731,6,-7.88,1,0.177,0.277,0.067,0.213,0.71,117.9,4
TRK25BB1F3405,0.623,0.73,3,-1.6,1,0.081,0.332,0.0,0.088,0.649,117.0,4
TRK0E6914C789,0.725,0.615,6,-5.87,0,0.031,0.225,0.0,0.128,0.525,80.1,4
TRK928E8DF78F,0.409,0.417,3,-7.91,1,0.083,0.133,0.046,0.248,0.539,103.3,4
TRK02776A8A0A,0.413,0.177,1,-20.95,1,0.04,0.703,0.899,0.174,0.27,111.8,4
TRK695314B3DD,0.797,0.379,7,-4.19,0,0.175,0.253,0.0,0.247,0.675,84.1,4
TRK5599341643,0.501,0.495,0,-4.97,1,0.088,0.436,0.0,0.157,0.579,109.2,4
TRK6ADE859193,0.488,0.94,8,0.95,1,0.043,0.0,0.222,0.165,0.5,117.2,4
TRKD70FCA6E0F,0.596,0.679,4,-0.89,0,0.084,0.0,0.0,0.133,0.664,103.0,4
TRK4FA03B9543,0.847,0.642,11,-6.51,0,0.002,0.327,0.063,0.016,0.61,132.2,4
TRKC07EF55516,0.67,0.69,1,-8.79,1,0.061,0.179,0.042,0.205,0.201,89.9,4
TRKB5DAEB8622,0.717,0.544,9,-6.25,0,0.225,0.058,0.0,0.211,0.759,117.6,4
TRK04009C9058,0.732,0.561,9,-3.02,1,0.115,0.054,0.133,0.122,0.559,113.9,4
TRKD47B32D49D,0.011,0.238,4,-16.78,1,0.013,0.823,0.942,0.033,0.459,50.7,3
TRK67B3BCECE5,0.267,0.286,9,-15.18,1,0.06,0.866,0.811,0.172,0.543,121.1,4
TRKDA9D5D7009,0.587,0.66,2,-1.58,0,0.034,0.162,0.039,0.185,0.7,108.4,4
TRKFA317D5164,0.531,0.859,7,-2.15,1,0.026,0.116,0.155,0.357,0.606,123.2,4
TRKFFEBF99889,0.757,0.683,0,-5.02,0,0.049,0.294,0.063,0.203,0.518,133.9,4
TRK7BC55F9E58,0.585,0.777,1,-2.81,0,0.05,0.094,0.127,0.297,0.305,162.1,4
TRK1B7D83CC2D,0.288,0.192,2,-13.81,1,0.0,0.995,0.653,0.194,0.441,84.6,4
TRK4F37C2EEAF,0.375,1.0,0,-5.53,0,0.034,0.099,0.074,0.309,0.491,127.1,5
TRKBC61EA588C,0.69,0.777,10,-2.98,1,0.105,0.202,0.093,0.225,0.449,130.0,4
TRK9399858E70,0.36,0.891,1,-6.89,0,0.078,0.014,0.232,0.373,0.539,137.5,4
TRKBA1EC4D894,0.45,0.291,8,-12.41,1,0.038,0.745,0.34,0.206,0.566,66.0,4
TRKDADF39E197,0.473,0.267,8,-12.07,0,0.011,0.665,0.616,0.162,0.489,72.1,4
TRKA34673F1D9,0.89,0.706,11,-7.59,1,0.026,0.207,0.0,0.015,0.737,114.8,4
TRK7E705ED757,0.502,0.671,11,-7.14,1,0.0,0.295,0.061,0.201,0.551,149.9,4
TRKF64B0C7252,0.942,0.813,8,-3.69,0,0.065,0.023,0.032,0.151,0.547,115.7,4
TRKB58EAD1234,0.713,0.532,2,-4.4,1,0.082,0.087,0.165,0.052,0.736,96.9,4
TRKE310DBD9DF,0.726,0.658,5,-7.36,1,0.037,0.0,0.189,0.097,0.644,107.8,5
TRKEA52E846D1,0.622,0.798,10,-3.75,1,0.046,0.145,0.055,0.241,0.377,110.4,4
TRK59F5E554E8,0.467,0.525,2,-2.97,0,0.036,0.124,0.0,0.232,0.446,114.3,4
TRKAE3C0B06AD,0.93,0.679,3,-1.23,1,0.111,0.35,0.0,0.1,0.753,107.0,4
TRK0F8B6129B2,0.661,0.85,8,-5.47,0,0.159,0.0,0.0,0.213,0.604,171.8,4
TRK27850B0ED0,0.665,0.843,3,-4.69,1,0.069,0.141,0.0,0.103,0.707,108.2,4
TRK23416F80B8,0.733,0.874,4,-1.28,1,0.138,0.224,0.201,0.244,0.593,125.6,5
TRK0AA8541574,0.353,1.0,7,-4.04,1,0.133,0.117,0.0,0.233,0.292,131.4,4
TRK33640A0AA4,0.231,0.988,5,-6.8,1,0.047,0.068,0.136,0.395,0.389,149.6,4
TRKCF7F5D7436,0.715,0.812,8,-6.75,0,0.068,0.081,0.024,0.264,0.506,134.1,4
TRK341799999A,0.818,0.698,3,-2.81,0,0.05,0.136,0.076,0.223,0.675,113.3,4
TRK3F1249ED2A,0.588,0.493,8,-6.42,1,0.157,0.161,0.0,0.208,0.245,84.5,4
TRK445AEF036C,0.714,0.953,8,-4.31,1,0.14,0.217,0.282,0.239,0.508,145.3,4
TRKF21490C4E5,0.751,0.803,0,-4.4,1,0.083,0.148,0.014,0.057,0.643,155.0,4
TRKEF60F23F76,0.56,0.479,3,-5.45,1,0.009,0.46,0.0,0.264,0.465,110.5,4
TRK74C8F70FDB,0.734,0.691,2,-6.86,0,0.189,0.093,0.0,0.096,0.392,85.3,4
TRKE521EA7D12,0.806,0.718,9,-4.88,1,0.063,0.216,0.04,0.093,0.385,91.8,4
TRKE34B0C5A32,0.268,0.937,10,-4.14,1,0.022,0.001,0.0,0.376,0.467,136.1,4
TRKC9D4AFD082,0.819,0.803,1,-4.38,0,0.188,0.037,0.157,0.224,0.395,128.9,4
TRK2E3B08B425,0.747,0.604,8,-4.55,1,0.266,0.203,0.0,0.219,0.261,97.6,4
TRK17BBC5C435,0.713,0.228,8,-11.1,1,0.004,0.677,0.698,0.015,0.202,76.0,4
TRKC2B5BD8218,0.703,0.562,11,-7.63,1,0.101,0.276,0.0,0.108,0.329,88.5,5
TRK6C331B658A,0.758,0.671,5,-5.33,1,0.011,0.087,0.065,0.265,0.592,110.7,4
TRKF4D68E3713,0.505,0.617,2,-5.82,0,0.187,0.108,0.087,0.104,0.46,106.5,3
TRK6BF8D6324D,0.558,0.323,5,-14.2,0,0.054,0.499,0.672,0.161,0.343,71.6,4
TRK682A47EDFD,0.444,0.959,7,-1.08,1,0.097,0.0,0.188,0.298,0.242,139.1,4
TRK2726A30807,0.443,0.796,7,-4.08,1,0.049,0.305,0.218,0.212,0.561,113.9,4
TRK8C40FF2D31,0.233,0.187,2,-16.33,1,0.049,1.0,0.755,0.115,0.351,116.1,4
TRKE8D9AD1E04,0.655,0.58,0,-10.41,1,0.256,0.0,0.088,0.08,0.659,105.4,4
TRK46ED8C6F3C,0.68,0.678,4,-7.9,1,0.054,0.326,0.113,0.169,0.389,112.5,4
TRK3AFB6FB807,0.587,0.449,11,-6.31,1,0.101,0.169,0.063,0.023,0.601,80.1,4
TRKFDDC92BE4B,0.36,0.268,3,-13.99,1,0.0,0.404,0.681,0.059,0.476,90.2,3
TRK9C20464DA2,0.382,0.998,11,-5.14,1,0.057,0.0,0.188,0.348,0.321,132.2,5
TRKD0FCD22279,0.62,0.832,3,-4.86,0,0.178,0.153,0.104,0.245,0.494,144.2,4
TRK4704433638,0.816,0.457,0,-7.95,1,0.225,0.078,0.056,0.147,0.562,100.7,5
TRK9C03BFEB26,0.481,0.414,0,-8.71,0,0.068,0.173,0.0,0.11,0.509,99.3,4
TRK226FD003A0,0.539,0.536,10,-5.68,0,0.13,0.238,0.058,0.14,0.705,110.9,4
TRKBA4FFDF5E8,0.669,0.665,11,-4.34,1,0.062,0.286,0.025,0.162,0.558,93.3,4
TRK2445AFAE76,0.634,0.518,3,-7.88,1,0.069,0.155,0.111,0.149,0.374,75.2,4
TRK2214187417,0.464,0.789,7,-5.05,1,0.042,0.09,0.055,0.233,0.508,136.8,4
TRK308D0C9208,0.268,0.992,2,-3.6,1,0.0,0.076,0.169,0.465,0.527,152.0,4
TRK66CA7095AA,0.726,0.723,3,-2.06,1,0.112,0.063,0.169,0.17,0.493,112.8,4
TRK37CEC5C4F4,0.252,0.249,8,-14.81,0,0.0,0.915,0.963,0.064,0.295,124.4,5
TRK01558CB2AA,0.229,0.942,5,-5.16,1,0.066,0.093,0.184,0.226,0.305,156.0,4
TRKBF02712890,0.583,0.194,3,-12.92,1,0.04,0.491,0.542,0.084,0.031,87.3,4
TRK5DEEA3F225,0.51,0.661,0,-7.89,0,0.0,0.418,0.17,0.205,0.565,94.1,4
TRK6687680172,0.7,0.535,2,-6.88,1,0.101,0.31,0.092,0.123,0.403,85.4,4
TRKB2D7003CFC,0.872,0.706,1,-3.39,0,0.213,0.247,0.032,0.206,0.67,84.4,4
TRKEEB61C70A8,0.711,0.13,3,-14.86,1,0.028,0.581,0.509,0.111,0.538,81.2,4
TRK3B3417D0A1,0.731,0.682,11,-6.83,0,0.095,0.0,0.139,0.323,0.465,160.5,4
TRKE603342B57,0.382,0.302,10,-15.13,1,0.011,1.0,0.835,0.039,0.63,111.9,4
TRK2EE7584512,0.382,0.161,8,-16.28,1,0.084,0.788,0.918,0.1,0.52,83.6,4
TRKA35232868C,0.451,0.37,2,-8.81,0,0.111,0.311,0.076,0.386,0.506,132.4,3
TRK41CCA7C89C,0.858,0.776,10,-4.25,1,0.075,0.428,0.0,0.18,0.459,109.0,4
TRKEB5E1F211C,0.675,0.686,10,-4.77,0,0.207,0.211,0.116,0.122,0.708,107.0,4
TRK78EE9863C9,0.724,0.736,10,-6.39,0,0.269,0.119,0.0,0.19,0.416,111.5,4
TRKF35FB73A46,0.581,0.872,0,-6.47,0,0.107,0.044,0.062,0.162,0.393,129.9,4
TRK6FC267DEFA,0.411,0.834,4,-2.67,1,0.044,0.086,0.105,0.323,0.428,163.4,4
TRK8688050C37,0.863,0.62,4,-7.55,0,0.155,0.281,0.081,0.148,0.833,114.0,4
TRKCAE87B79E0,0.45,0.316,0,-14.1,0,0.029,0.718,0.601,0.0,0.564,71.3,4
TRK6D17A0B62F,0.608,0.693,6,-5.17,1,0.06,0.395,0.078,0.252,0.575,125.7,4
TRKA7A66441C9,0.723,0.714,6,-6.26,0,0.048,0.077,0.073,0.13,0.581,90.3,4
TRKA106091B47,0.464,0.822,4,-4.38,1,0.079,0.0,0.275,0.256,0.377,135.6,4
TRKE1392F6EF2,0.791,0.747,7,-5.61,1,0.044,0.218,0.0,0.108,0.586,116.2,4
TRK90537C1459,0.574,1.0,2,-5.49,1,0.034,0.0,0.09,0.358,0.403,135.3,3
TRK02ADC0AD9F,0.84,0.668,7,-1.56,0,0.059,0.301,0.0,0.221,0.626,84.0,4
TRK7B696D6EE4,0.795,0.59,8,-5.85,1,0.058,0.102,0.037,0.158,0.68,106.3,4
TRK545CB12801,0.59,0.87,0,-7.34,1,0.03,0.171,0.088,0.229,0.541,117.4,4
TRKC18AD3E246,0.793,0.696,3,-6.62,0,0.24,0.135,0.117,0.167,0.635,108.8,4
TRK1D88FB6860,0.179,0.943,11,-2.29,0,0.038,0.197,0.159,0.332,0.599,135.8,4
TRK7507FA8865,0.361,0.291,2,-11.06,1,0.028,0.614,0.284,0.153,0.486,98.5,4
TRKBC5A2DAB80,0.356,0.904,3,-4.41,1,0.095,0.0,0.077,0.266,0.483,130.5,4
TRK58FE16F664,0.524,0.821,0,-5.67,1,0.025,0.096,0.096,0.145,0.59,72.5,4
TRKE7303A6511,0.403,0.937,7,-3.09,1,0.075,0.0,0.274,0.34,0.421,161.0,4
TRK7AA0DC06C3,0.688,0.968,5,-7.05,1,0.021,0.014,0.248,0.292,0.122,166.4,4
TRK328FB46F57,0.628,0.819,11,-7.75,1,0.04,0.059,0.144,0.099,0.525,163.1,4
TRK731DB9C7AE,0.578,0.278,7,-11.58,1,0.076,0.515,0.337,0.254,0.441,131.0,3
TRKF62B9262FC,0.588,0.492,9,-14.08,1,0.059,0.666,0.221,0.117,0.624,113.9,4
TRK8A272A063B,0.628,0.599,1,-6.3,1,0.07,0.196,0.0,0.05,0.429,98.8,4
TRKE2EC78645D,0.706,0.641,3,-10.11,1,0.146,0.142,0.096,0.145,0.605,86.6,4
TRKC058FC3984,0.739,0.656,8,-4.88,1,0.326,0.142,0.0,0.257,0.486,79.8,4
TRK00DDEB6148,0.622,0.71,3,-5.01,0,0.087,0.022,0.07,0.247,0.38,113.6,4
TRK8824957C52,0.862,0.789,7,-4.58,1,0.14,0.302,0.0,0.118,0.718,110.9,4
TRKB979C91A19,0.522,0.766,5,-1.39,1,0.006,0.082,0.053,0.259,0.681,120.6,3
TRK7A0BD6C832,0.728,0.861,6,-6.04,1,0.056,0.056,0.0,0.153,0.635,120.1,4
TRK83F1DD5244,0.538,0.928,0,-2.71,1,0.0,0.16,0.039,0.192,0.585,132.7,4
TRK4BAF5604F5,0.647,0.702,2,-7.42,1,0.033,0.0,0.0,0.186,0.561,95.3,4
TRKEE784941D4,0.514,0.649,8,-6.54,0,0.002,0.158,0.005,0.154,0.468,103.2,4
TRKB7C2B0B988,0.624,0.644,4,-5.53,0,0.01,0.0,0.0,0.267,0.619,144.8,3
TRK276304B7CD,0.29,0.25,3,-17.71,0,0.03,0.822,0.953,0.164,0.428,70.1,4
TRK0EE9A133EB,0.782,0.723,7,-8.36,0,0.237,0.0,0.0,0.15,0.611,94.7,4
TRK33D1CE7167,0.594,0.621,3,-8.77,0,0.047,0.095,0.001,0.163,0.656,139.9,3
TRK3DAAAFCBE6,0.712,0.933,4,-5.7,1,0.0,0.0,0.21,0.231,0.443,120.3,4
TRK8876C8A700,0.624,0.776,8,-7.04,0,0.037,0.022,0.124,0.154,0.841,112.2,4
TRKC8E24F2327,0.678,0.355,4,-6.18,0,0.064,0.37,0.0,0.034,0.252,101.5,4
TRKAE486CFDDF,0.522,0.464,1,-9.89,1,0.119,0.649,0.419,0.157,0.392,50.0,4
TRKE0BB637E11,0.806,0.853,4,-4.48,1,0.082,0.287,0.0,0.115,0.743,133.0,4
TRK48D23F1B17,0.456,0.952,6,-4.15,0,0.064,0.018,0.136,0.26,0.347,126.3,4
TRK5F9FD5CCA5,0.17,0.233,8,-15.78,0,0.035,0.881,0.828,0.156,0.109,65.0,4
TRK5718FACEE2,0.214,0.0,8,-16.83,0,0.058,0.862,0.749,0.121,0.226,73.8,4
TRKCB9AA0CD18,0.383,0.475,9,-10.7,0,0.0,0.534,0.286,0.202,0.696,103.8,4
TRK9E0A9D8975,0.663,0.381,4,-5.23,0,0.086,0.21,0.0,0.104,0.545,85.0,4
TRKFE14789DE5,0.897,0.693,9,-6.38,1,0.214,0.14,0.08,0.209,0.302,85.2,3
TRK5302D51897,0.799,0.893,4,-5.3,0,0.05,0.038,0.188,0.171,0.751,116.1,4
TRK1E97214473,0.799,0.727,10,-6.74,1,0.09,0.004,0.039,0.128,0.624,98.3,5
TRK03D10131F0,0.476,0.899,8,-5.98,1,0.074,0.0,0.143,0.236,1.0,125.0,4
TRK084B3DF074,0.722,0.662,4,-6.13,0,0.104,0.0,0.0,0.137,0.684,,4
TRK4DAE096D90,0.692,0.739,11,-1.99,1,0.128,0.059,0.004,0.188,0.636,104.2,4
TRK0AEDD66FED,0.865,0.749,10,-3.63,0,0.175,0.179,0.0,0.087,0.474,116.2,4
TRK3D25907ABF,0.678,0.709,5,-2.29,0,0.186,0.163,0.039,0.199,0.57,96.1,4
TRK256FB80364,0.739,0.64,11,-6.08,0,0.104,0.14,0.022,0.125,0.694,130.1,4
TRKE4AA250048,0.255,0.932,1,-6.55,1,0.044,0.001,0.009,0.313,0.355,147.9,4
TRKC1F9BA86BA,0.722,0.856,3,-6.33,0,0.083,0.381,0.014,0.159,0.625,116.1,4
TRKB8EA84A3FA,0.621,0.652,4,-6.22,1,0.102,0.0,0.0,0.218,0.277,146.9,4
TRK93B8349504,0.698,0.373,5,-11.34,1,0.069,0.042,0.0,0.105,0.404,91.0,4
TRK9DA02339D5,0.382,0.604,3,-5.41,1,0.058,0.396,0.012,0.31,0.7,92.7,4
TRK7EECEE5731,0.468,0.592,11,-8.36,0,0.03,0.5,0.059,0.062,0.431,153.0,4
TRKA59C9A34E0,0.593,0.154,7,-13.07,1,0.0,0.453,0.497,0.104,0.337,85.6,4
TRKB7C5F7C364,0.192,0.111,4,-16.4,1,0.0,0.945,0.8,0.0,0.274,66.6,4
TRK34ABED7D01,0.896,0.655,1,-8.66,1,0.204,0.146,0.0,0.195,0.358,125.4,4
TRK5E0A3B1AD8,0.755,0.723,9,-6.03,0,0.0,0.093,0.225,0.153,0.4,128.2,4
TRKEA014B4426,0.871,0.586,9,-5.68,1,0.126,0.134,0.091,0.136,0.757,94.7,4
TRK8FF902CA05,0.776,0.837,6,-3.69,1,0.156,0.09,0.0,0.11,0.435,110.2,4
TRK89A14F4796,0.392,0.773,4,-3.76,1,0.0,0.017,0.0,0.162,0.536,135.3,4
TRK9DEE3051EC,0.538,0.631,5,-2.25,1,0.1,0.292,0.14,0.181,0.687,75.2,4
TRKFA284F9D9D,0.323,1.0,11,-4.26,0,0.02,0.112,0.084,0.297,0.359,117.3,4
TRKC3E55C9BC7,0.626,0.489,4,-10.02,1,0.026,0.185,0.024,0.061,0.602,94.8,4
TRKE073B7722C,0.686,0.67,0,-3.9,1,0.063,0.162,0.064,0.127,0.824,111.5,4
TRK6F838C54D5,0.582,0.604,1,-7.63,0,0.227,0.094,0.055,0.116,0.422,,4
TRKCEFBA353EB,0.645,0.265,3,-16.94,1,0.0,0.874,0.629,0.082,0.32,80.8,4
TRKC04D097E0A,0.659,0.696,7,-4.08,1,0.1,0.161,0.131,0.186,0.631,114.5,4
TRK0154179C09,0.411,0.818,1,-8.49,1,0.038,0.0,0.053,0.271,0.289,124.1,4
TRKAD82615687,0.733,0.596,6,-6.64,0,0.1,0.007,0.01,0.157,0.568,101.8,4
TRKA5C79BAC46,0.581,0.475,7,-5.16,1,0.0,0.426,0.0,0.199,0.335,108.3,3
TRKE6D3D6E299,0.581,0.877,10,-10.2,1,0.037,0.0,0.024,0.29,0.456,161.9,4
TRKD618895B06,0.363,0.39,0,-16.8,1,0.003,1.0,0.848,0.057,0.338,135.2,3
TRKEBE674AB72,0.982,0.869,9,-8.12,1,0.051,0.093,0.113,0.082,0.68,104.7,4
TRK378CA4FB60,0.501,0.818,9,-2.69,1,0.049,0.071,0.214,0.278,0.094,117.5,3
TRK4D34DDDB57,0.658,0.378,4,-8.45,0,0.048,0.567,0.572,0.004,0.463,83.2,4
TRKBF902ABAAF,0.776,0.65,5,-4.41,0,0.0,0.278,0.09,0.185,0.766,106.6,5
TRK30537E35E6,0.51,0.444,8,-8.22,1,0.061,0.15,0.0,0.113,0.427,101.2,4
TRK33000A0082,0.584,0.699,1,-8.72,0,0.088,0.206,0.0,0.192,0.28,115.7,4
TRK202FC22B06,0.703,0.624,1,-5.68,1,0.166,0.026,0.0,0.128,0.622,107.4,4
TRKF956472560,0.512,0.372,2,-7.17,1,0.128,0.41,0.009,0.273,0.437,122.5,4
TRKDFE2A59FDE,0.786,0.897,5,-7.12,0,0.103,0.157,0.0,0.301,0.763,136.4,4
TRKC45FAEF2F3,0.511,0.727,5,-3.81,1,0.141,0.303,0.009,0.171,0.25,162.8,4
TRK35AA09EDD7,0.701,0.756,11,-6.03,1,0.125,0.281,0.012,0.153,0.502,99.4,4
TRKE95FE87C4A,0.615,0.344,4,-7.76,1,0.064,0.246,0.0,0.178,0.387,88.9,4
TRK10E8D68550,0.694,0.663,10,-7.37,1,0.021,0.203,0.021,0.242,0.41,126.7,4
TRK27D5FD753B,0.943,0.605,0,-2.89,1,0.008,0.061,0.111,0.077,0.559,122.5,4
TRKF1684C1F6A,0.677,0.284,4,-11.92,0,0.074,0.632,0.596,0.284,0.335,54.4,4
TRK7CF5F78763,0.423,0.477,1,-13.03,0,0.039,0.357,0.037,0.095,0.286,139.9,4
TRK30E5C8161F,0.476,0.29,9,-12.13,1,0.039,0.84,0.291,0.15,0.449,110.5,4
TRK9A3C7393BC,0.632,0.525,0,-8.76,1,0.146,0.431,0.0,0.161,0.681,86.1,3
TRKEBCDD96094,0.684,0.631,6,-9.47,1,0.089,0.184,0.0,0.292,0.761,99.5,4
TRK3B70CA173B,0.83,0.48,10,-6.38,1,0.092,0.32,0.0,0.167,0.604,67.8,4
TRK249A2437A2,0.508,0.924,8,-4.77,1,0.052,0.05,0.268,0.324,0.429,120.4,5
TRKA0FB7AF601,0.634,0.255,7,-11.87,1,0.018,0.751,0.603,0.119,0.322,76.7,4
TRK1415984CBC,0.916,0.597,6,-5.03,1,0.05,0.0,0.046,0.143,0.553,87.7,3
TRK87F5CEFAF2,0.881,0.553,8,-3.36,1,0.083,0.069,0.078,0.02,0.606,111.1,3
TRKACCBFBDC13,0.499,0.868,8,-5.91,0,0.064,0.011,0.148,0.235,0.211,133.6,4
TRK29AF298920,0.366,0.666,6,-8.77,0,0.051,0.0,0.199,0.236,0.529,97.2,4
TRK370E86B1B1,0.345,0.492,2,-12.34,0,0.0,0.564,0.559,0.143,0.494,88.2,4
TRKAD1AFF361C,0.581,0.611,10,-8.54,0,0.016,0.273,0.119,0.174,0.388,100.8,3
TRK4A9ABFBA82,0.446,0.425,2,-3.96,1,0.024,0.382,0.023,0.166,0.537,111.7,4
TRK91639941C8,0.263,0.485,1,-10.51,0,0.066,0.642,0.351,0.155,0.33,112.3,4
TRK7ECC9F0142,0.818,0.725,5,-8.48,1,0.092,0.286,0.073,0.171,0.629,116.0,4
TRKB6B499D760,0.57,0.737,6,-4.69,1,0.061,0.243,0.074,0.257,0.56,101.2,4
TRK91C5A46A80,0.815,0.636,9,-7.36,0,0.069,0.118,0.0,0.091,0.574,117.5,4
TRKF978F6EBBC,0.363,0.666,0,-6.63,0,0.109,0.152,0.186,0.168,0.745,117.2,4
TRK7803D0AD5C,0.43,0.384,11,-9.91,1,0.055,0.651,0.623,0.153,0.436,90.1,4
TRK4E88544F30,0.645,0.794,10,-1.84,1,0.0,0.0,0.165,0.271,0.351,117.5,4
TRKB21FF9DAA0,0.483,0.071,11,-20.67,1,0.013,1.0,0.792,0.134,0.337,50.9,4
TRKB67689946F,0.457,0.986,6,1.31,0,0.08,0.0,0.251,0.413,0.517,156.2,4
TRKDD3054C245,0.613,0.571,7,-5.72,0,0.277,0.138,0.034,0.13,0.641,91.1,4
TRK335B6EF41A,0.492,0.324,7,-8.31,1,0.124,0.804,0.382,0.185,0.597,140.5,4
TRKB31ED8C079,0.646,0.746,11,-4.39,1,0.023,0.266,0.0,0.172,0.527,142.6,4
TRK1E2C0ECB3D,0.518,0.604,9,-6.98,1,0.057,0.436,0.0,0.165,0.492,85.2,4
TRK8ED452DB86,0.424,0.358,1,-9.2,0,0.057,0.79,0.268,0.098,0.419,72.3,4
TRKD2828E3043,0.582,1.0,2,-5.37,1,0.066,0.147,0.095,0.262,0.515,150.3,3
TRK1E44BEAE38,0.303,0.883,9,-1.31,1,0.059,0.0,0.139,0.309,0.337,143.1,3
TRK726A3514ED,0.452,0.636,11,-6.91,1,0.036,0.529,0.0,0.19,0.581,93.2,4
TRK985F705F99,0.756,0.49,10,-5.93,1,0.118,0.136,0.122,0.13,0.488,79.3,4
TRKA3FC146349,0.539,0.323,7,-6.22,1,0.045,0.789,0.336,0.199,0.4,55.5,4
TRK20EB996739,0.381,0.932,4,-4.55,1,0.026,0.0,0.11,0.189,0.325,128.3,4
TRK4D359B42A1,0.809,0.734,7,-4.59,1,0.275,0.0,0.0,0.187,0.662,107.0,4
TRK9069F6A8EC,0.456,0.566,3,-6.51,1,0.056,0.372,0.005,0.152,0.551,91.2,4
TRKAC9ACF3171,0.799,0.57,8,-6.82,1,0.091,0.242,0.078,0.119,0.94,109.8,4
TRK8C69401FAD,0.618,0.614,4,-7.65,0,0.096,0.395,0.18,0.246,0.376,95.5,4
TRK3ABE8D5AD6,0.548,0.714,11,-8.73,0,0.031,0.0,0.134,0.228,0.459,158.5,4
TRK7EF7320DDE,0.353,0.993,4,-5.19,1,0.041,0.0,0.077,0.258,0.402,125.6,4
TRKE035880087,0.611,0.341,7,-12.94,1,0.07,0.503,0.622,0.087,0.101,70.0,4
TRK8C61BF99D3,0.541,0.243,6,-14.18,1,0.022,0.615,0.522,0.041,0.382,75.4,4
TRK248A7A2223,0.769,0.738,1,-4.48,1,0.119,0.236,0.0,0.255,0.518,108.2,4
TRKC860198884,0.814,0.613,8,-6.56,1,0.107,0.063,0.0,0.223,0.394,95.7,4
TRK183E5F52C2,0.483,0.802,3,-8.81,0,0.059,0.084,0.193,0.143,0.36,158.6,4
TRK27D84DBEA9,0.438,0.519,1,-7.12,0,0.019,0.138,0.098,0.152,0.225,84.1,4
TRK230F74DF80,0.605,0.195,2,-7.37,1,0.003,0.931,0.377,0.176,0.542,90.2,4
TRK6ACA19B3CD,0.313,0.764,2,-4.6,1,0.152,0.0,0.172,0.251,0.114,143.2,4
TRKD28A1D137F,0.843,0.551,1,-5.82,1,0.214,0.244,0.0,0.096,0.639,91.9,4
TRK83E8215911,0.727,0.878,1,-5.29,1,0.02,0.027,0.032,0.129,0.799,135.1,3
TRKB8E5830789,0.297,0.244,9,-13.92,1,0.04,0.784,0.652,0.138,0.155,94.2,4
TRKB6EA53F265,0.627,0.866,11,-5.43,0,0.084,0.0,0.182,0.247,0.552,145.8,3
TRKF1B10B6FD5,0.395,0.56,7,-8.38,0,0.092,0.616,0.147,0.085,0.392,89.2,4
TRK3D930A767C,0.797,0.812,0,-2.94,1,0.038,0.131,0.0,0.182,0.779,117.4,4
TRK3107A338C0,0.926,0.603,3,-6.73,0,0.074,0.149,0.112,0.128,0.545,114.5,3
TRK5BDC75FD1A,0.65,0.612,10,-4.07,0,0.099,0.006,0.075,0.083,0.59,109.0,4
TRKA7BD82A0C0,0.672,0.967,10,-5.15,0,0.0,0.178,0.05,0.184,0.413,134.9,4
TRK0BB9F86532,0.421,0.59,3,-2.08,0,0.09,0.184,0.031,0.162,0.436,106.5,4
TRK718F0CEFAB,0.485,0.345,8,-13.1,1,0.013,0.51,0.385,0.142,0.079,69.5,4
TRK5440A3EBBA,0.348,0.683,6,-2.54,1,0.055,0.082,0.067,0.329,0.706,122.4,4
TRKF65EDE1701,0.689,0.734,2,-3.1,1,0.238,0.342,0.0,0.174,0.443,103.1,4
TRK222BE3155D,0.746,0.747,0,-7.9,1,0.071,0.257,0.0,0.191,0.934,113.5,4
TRK55EE1014EC,0.742,0.584,4,-6.23,0,0.088,0.324,0.087,0.09,0.429,80.0,4
TRKCE3FF6BD41,0.636,0.621,11,-5.69,1,0.035,0.207,0.035,0.214,0.685,115.7,4
TRK396F4D4937,0.733,0.774,5,-7.24,1,0.017,0.223,0.113,0.153,0.403,111.6,3
TRKD0B7CD72F8,0.476,0.975,5,-1.13,1,0.0,0.071,0.159,0.143,0.323,143.3,5
TRKEFD09EF839,0.83,0.696,0,-7.5,1,0.086,0.063,0.129,0.061,0.665,120.2,4
TRK4F4D2325DA,0.666,0.802,5,-4.39,1,0.04,0.274,0.0,0.18,0.55,96.0,4
TRK92050BAA48,0.617,0.356,10,-10.86,1,0.072,0.872,0.508,0.187,0.671,99.4,4
TRK2A8E14F431,0.372,0.779,7,-6.12,0,0.024,0.218,0.197,0.263,0.333,107.9,4
TRKBBACA685E3,0.71,0.631,11,-9.19,0,0.263,0.0,0.042,0.134,0.43,102.6,4
TRKE6461681F9,0.877,0.553,9,-10.23,0,0.306,0.147,0.0,0.228,0.206,97.1,4
TRK5A599D3CB7,0.409,0.273,6,-15.55,1,0.02,0.921,0.782,0.013,0.312,54.1,4
TRK869E848373,0.487,0.489,11,-5.21,0,0.023,0.363,0.25,0.15,0.436,151.3,4
TRK093EDF7585,0.34,0.724,5,-4.24,1,0.017,0.049,0.0,0.337,0.51,151.5,4
TRK2A9135974C,0.426,0.695,6,-9.52,0,0.064,0.191,0.04,0.269,0.476,127.2,4
TRK05BFED9ECD,0.739,0.551,3,-5.67,0,0.141,0.019,0.0,0.174,0.358,88.8,4
TRKE196099913,0.525,0.544,10,-9.16,0,0.069,0.303,0.09,0.176,0.325,84.1,4
TRK67B2A5C76D,0.855,0.756,8,-5.5,0,0.0,0.0,0.0,0.128,0.483,107.2,4
TRKBB866DA380,0.98,0.571,1,-6.12,1,0.222,0.195,0.042,0.159,0.64,99.8,4
TRK480278001F,0.652,0.757,2,-3.66,1,0.032,0.067,0.253,0.157,0.418,123.7,4
TRK48A2C3E7C5,0.73,0.642,0,-5.7,0,0.235,0.259,0.136,0.13,0.686,100.0,4
TRKD4DD210AEB,0.589,0.511,3,-10.44,0,0.07,0.314,0.0,0.132,0.432,105.8,4
TRKB47BCEDCAC,0.735,0.816,8,-1.89,1,0.129,0.02,0.031,0.241,0.36,130.6,5
TRKC670E6D1C2,0.593,0.836,5,-5.51,1,0.115,0.076,0.0,0.338,0.313,178.2,4
TRK82CC7B4BAD,0.729,0.884,5,-4.21,1,0.083,0.152,0.157,0.254,0.76,125.9,4
TRK4DA78ED2AD,0.558,0.711,1,-4.36,1,0.056,0.0,0.023,0.197,0.599,135.4,3
TRKE1268C3F57,0.571,0.769,2,-6.78,1,0.107,0.12,0.0,0.197,0.399,135.9,4
TRK46E7FC3479,0.518,0.269,2,-6.48,0,0.078,0.601,0.477,0.174,0.442,69.9,4
TRK52DBF47325,0.609,0.462,5,-7.12,1,0.124,0.415,0.167,0.099,0.463,94.6,4
TRK48FA01703D,0.524,0.597,9,-6.07,0,0.0,0.263,0.107,0.174,0.577,112.7,4
TRK5807AA95FB,0.591,0.555,10,-5.75,0,0.125,0.268,0.0,0.2,0.495,77.2,4
TRK46F0720469,0.48,0.833,6,-6.44,1,0.11,0.066,0.358,0.22,0.533,103.9,3
TRKEA4836EB72,0.732,0.89,10,-1.11,1,0.08,0.0,0.0,0.121,0.463,128.5,4
TRK06505BB51D,0.58,0.622,2,-2.71,1,0.08,0.0,0.0,0.282,0.533,92.3,4
TRKB817DEA80B,0.171,0.634,9,-7.77,1,0.05,0.35,0.081,0.139,0.465,91.8,4
TRK7D044A1024,0.734,0.791,11,-3.77,1,0.123,0.211,0.0,0.135,0.368,146.6,4
TRK212A6F6155,0.778,0.563,2,-7.78,1,0.06,0.0,0.129,0.076,0.644,121.1,4
TRK1F6E5250F0,0.754,0.69,1,-5.36,1,0.253,0.129,0.046,0.128,0.29,110.1,4
TRK00AC1D5685,0.672,0.635,8,-8.13,1,0.0,0.224,0.0,0.221,0.613,115.5,4
TRKA8BEB77F57,0.654,0.729,8,-4.33,1,0.128,0.205,0.128,0.213,0.241,158.5,4
TRKC569D03B8C,0.738,0.755,10,-7.32,1,0.127,0.481,0.0,0.091,0.416,56.1,4
TRK025ADEA9BC,0.779,0.777,7,-7.12,1,0.088,0.048,0.064,0.182,1.0,106.2,5
TRKE11AB069F1,0.713,0.771,0,-8.31,1,0.136,0.0,0.051,0.212,0.66,124.2,5
TRK7EE9D81DEF,0.27,0.974,11,-4.22,1,0.046,0.099,0.29,0.264,0.565,150.0,4
TRKD4BBE452C4,0.777,0.758,8,-6.38,1,0.104,0.185,0.0,0.075,0.703,105.9,4
TRKAA3674D7F6,0.473,0.825,3,-4.15,1,0.046,0.0,0.063,0.32,0.466,116.1,4
TRK83C61BCAFF,0.49,0.905,7,-6.07,1,0.075,0.0,0.118,0.393,0.136,128.8,4
TRK65355E101A,0.69,0.795,11,-4.55,1,0.094,0.229,0.017,0.148,0.794,94.4,4
TRK02BF34B91D,0.536,0.447,11,-9.9,0,0.069,0.794,0.223,0.134,0.52,152.3,3
TRK6B14187731,0.704,0.833,1,-2.37,1,0.157,0.046,0.016,0.101,0.495,91.8,4
TRKB8E1689D85,0.541,0.207,9,-11.79,1,0.002,0.658,0.433,0.149,0.421,133.6,4
TRKB8CBC21B96,0.312,0.276,11,-13.47,0,0.024,0.888,,0.088,0.32,95.2,3
TRK2CB7A22945,0.359,0.097,4,-13.51,1,0.011,1.0,0.967,0.026,0.302,70.5,4
TRK97EEF7136A,0.695,0.543,7,-12.55,0,0.065,0.329,0.0,0.158,0.491,88.3,4
TRK5A13A70CB1,0.156,0.98,2,-1.27,1,0.133,0.021,0.024,0.38,0.099,126.3,3
TRKB39E4E5112,0.893,0.626,5,-5.29,1,0.228,0.278,0.0,0.233,0.362,87.4,4
TRK09CC96326B,0.229,0.952,11,-1.17,0,0.103,0.0,0.0,0.297,0.195,118.4,4
TRKA719C62CD3,0.81,0.518,5,-1.35,1,0.068,0.242,0.0,0.19,1.0,92.2,4
TRK2BE9B8CD16,0.19,0.264,6,-15.62,0,0.103,1.0,0.826,0.149,0.352,93.5,4
TRKBE820BFB19,0.754,0.518,4,-5.59,1,0.047,0.404,0.007,0.232,0.598,121.4,4
TRKB539EEA3D5,0.559,0.472,2,-10.78,1,0.067,0.385,0.0,0.069,0.014,70.3,4
TRK1E837D3966,0.856,0.73,4,-3.14,1,0.165,0.118,0.127,0.149,0.795,111.2,4
TRK9F73F30720,0.426,0.576,3,-5.19,1,0.027,0.279,0.08,0.017,0.57,94.9,4
TRK741BA41F30,0.874,0.739,6,-5.79,1,0.058,0.218,0.001,0.165,0.885,94.6,4
TRK39AD2F6F2D,0.651,0.455,10,-5.06,1,0.125,0.233,0.128,0.227,0.677,103.4,4
TRK8609FD7729,0.465,0.609,4,-5.53,0,0.068,0.159,0.151,0.235,0.454,145.8,4
TRKD37BC5B92B,0.203,0.313,1,-16.0,1,0.072,1.0,0.972,0.227,0.248,124.2,4
TRK1CE9040697,0.404,0.742,1,-3.51,0,0.008,0.08,0.332,0.403,0.193,141.1,4
TRK018EAE08B4,0.716,0.7,2,-5.2,1,0.198,0.219,0.177,0.269,0.568,129.0,4
TRK98CF1FB98E,0.741,0.463,6,-8.28,1,0.113,0.175,0.038,0.131,0.313,69.6,3
TRKE9C0DEC246,0.522,0.631,0,-8.99,1,0.035,0.424,0.177,0.103,0.714,139.3,4
TRK008087D9D1,0.801,0.829,9,-3.93,1,0.085,0.016,0.047,0.219,0.558,122.7,4
TRK07EB08C942,0.408,0.223,0,-15.02,1,0.008,0.792,0.838,0.105,0.237,69.8,4
TRK9129CF3C5F,0.385,1.0,1,-5.41,1,0.022,0.119,0.113,0.226,0.132,129.0,4
TRKA60B1A7D22,0.881,0.534,3,-5.53,1,0.235,0.016,0.108,0.293,0.322,90.0,4
TRKDFFBD93EC1,0.797,0.624,8,-4.68,0,0.126,0.115,0.09,0.129,0.635,113.7,4
TRKADC75A30CE,0.572,0.538,2,-6.27,0,0.066,0.299,0.0,0.138,0.275,74.4,4
TRKF64CA390BB,0.824,0.539,7,-3.89,1,0.104,0.205,0.205,0.209,0.61,96.6,4
TRK58D6A91330,0.619,0.452,6,-12.21,1,0.08,0.646,0.718,0.038,0.0,76.1,4
TRK4BA4D1921E,0.635,0.082,5,-13.95,1,0.069,0.263,0.748,0.046,0.435,91.0,4
TRK90661FB146,0.703,0.841,10,-0.7,0,0.089,0.124,0.039,0.318,0.682,124.7,5
TRKDB3DB61669,0.789,0.701,9,-5.67,0,0.122,0.289,0.149,0.144,0.857,114.3,4
TRK3E1F16D313,0.635,0.561,4,-5.14,1,0.178,0.0,0.0,0.19,0.36,96.5,4
TRK0B5D1B1890,0.58,0.494,4,-8.61,0,0.099,0.432,0.113,0.219,0.479,107.3,4
TRKB7A3AAEABA,0.449,0.815,1,-5.39,1,0.07,0.073,0.059,0.326,0.36,120.4,4
TRKAC9CDA33A9,0.614,0.796,8,-4.33,1,0.055,0.064,0.288,0.27,0.478,125.8,3
TRKAA929897BE,0.334,0.324,1,-17.27,1,0.009,0.939,0.97,0.151,0.291,81.6,3
TRK3BC0776371,0.274,0.875,5,-3.06,1,0.043,0.0,0.332,0.406,0.281,145.8,5
TRKD39A3D3E93,0.712,0.793,0,-4.02,1,0.0,0.021,0.17,0.26,0.705,119.2,4
TRK56475ED165,0.742,0.495,0,-6.08,0,0.261,0.025,0.0,0.173,0.615,91.2,3
TRK94123450B0,0.588,0.605,1,-3.02,1,0.076,0.675,0.008,0.213,0.556,137.4,4
TRKF5BE460526,0.699,0.767,7,-0.17,1,0.084,0.049,0.29,0.302,0.435,145.3,4
