track_id,artist_id,track_name,album_name,genre,release_date,release_year,duration_ms,explicit,popularity,popularity_tier
TRK661497BC3E,ART0058,Static Motion,Electric Nights,edm,2020-11-18,2020,214854.0,False,28.0,Niche
TRK45BA929307,ART0025,Wildfire Gold,Velvet Hearts,rnb,2025-01-18,2025,175007.0,False,33.4,Niche
TRKB5B93DDC50,ART0027,Aftertaste Motion,Crimson Shadows,hip_hop,2022-04-28,2022,197966.0,True,22.3,Niche
TRKD516247327,ART0082,Static Gold,Ember Streets,rnb,2026-07-04,2026,231631.0,False,51.2,Mid
TRK533154CA0E,ART0064,Slowburn Blue,Wild Shadows,classical,2026-05-31,2026,178338.0,False,23.6,Niche
TRKD10206DC23,ART0126,Neon Signal,Broken Roses,indie,2024-09-11,2024,169647.0,False,49.8,Mid
TRK8E0934E1B3,ART0122,Skyline Blue,Faded Shadows,pop,2025-04-09,2025,231669.0,False,16.4,Flop
TRK6571358B20,ART0044,Lonely Bones,Electric Tapes,jazz,2020-08-31,2020,200677.0,False,10.3,Flop
TRK8C0987E06C,ART0079,Runaway Sky,Wild Roses,jazz,2026-12-13,2026,210322.0,False,17.7,Flop
TRK0EC89698D4,ART0017,Overdrive Gold,Static Rivers,pop,2025-02-28,2025,191586.0,False,46.7,Mid
TRKB2D6B61CB1,ART0022,Gravity Heart,Static Tapes,classical,2023-03-07,2023,154317.0,False,3.8,Flop
TRKEBE674AB72,ART0084,Velvet Bones,Neon Lights,afrobeats,2022-07-14,2022,179731.0,False,35.8,Niche
TRK5B7F27032A,ART0110,Gravity Motion,Crimson Rivers,edm,2025-03-04,2025,206969.0,False,46.0,Mid
TRK127FBD0A7A,ART0058,Neon Rain,Electric Nights,edm,2020-07-27,2020,192316.0,False,20.4,Niche
TRKABFFB6DE47,ART0043,Runaway Ghost,Velvet Streets,hip_hop,2025-07-26,2025,190889.0,False,39.5,Niche
TRKBBACA685E3,ART0043,Static Glow,Midnight Skies,hip_hop,2026-04-06,2026,249823.0,False,79.1,Hit
TRK3FD5FF7058,ART0099,Fever Sky,Wild Signals,jazz,2024-06-08,2024,137404.0,False,20.4,Niche
TRKA61A273B57,ART0080,Sunday Bones,Golden Dreams,afrobeats,2020-10-21,2020,157381.0,False,39.7,Niche
TRKA248E222DA,ART0035,Slowburn Tape,Velvet Lights,edm,2020-05-29,2020,176765.0,False,30.1,Niche
TRK545CB12801,ART0050,Velvet Tape,Silent Dreams,rock,2021-11-03,2021,206163.0,False,34.4,Niche
TRK9002DCA5C1,ART0085,Aftertaste Sky,Velvet Ashes,rock,2024-04-13,2024,218568.0,False,12.9,Flop
TRK68013E3479,ART0060,Lonely Bones,Golden Streets,afrobeats,2023-08-27,2023,235370.0,False,66.0,Hit
TRKAAD74DE289,ART0121,Lonely Sky,Broken Signals,pop,2023-08-21,2023,230149.0,False,31.4,Niche
TRK0C5D0BCCDE,ART0030,Echoes Motion,Paper Shadows,afrobeats,2024-12-13,2024,200962.0,True,51.1,Mid
TRK48EC63EE68,ART0055,Overdrive Static,Broken Waves,rnb,2023-03-08,2023,202661.0,False,20.7,Niche
TRK1E44BEAE38,ART0032,Overdrive Static,Golden Roses,metal,2020-07-23,2020,189630.0,False,11.6,Flop
TRK3B70CA173B,ART0098,Gravity Signal,Golden Hearts,country,2026-09-07,2026,185623.0,False,55.1,Mid
TRK601351D4EF,ART0112,Velvet Fire,Wild Signals,jazz,2022-11-20,2022,199855.0,True,23.6,Niche
TRK9422BF8C3B,ART0076,Sunday Ghost,Faded Roses,metal,2025-08-27,2025,236205.0,False,19.4,Flop
TRK1B2501791C,ART0087,Neon Blue,Golden Hearts,rock,2026-09-22,2026,194575.0,False,28.8,Niche
TRKAE42C39592,ART0048,Gravity Sky,Faded Lights,latin,2024-07-17,2024,226437.0,False,68.0,Hit
TRK89171E086E,ART0117,Skyline Sky,Midnight Tapes,jazz,2024-10-31,2024,205131.0,False,9.4,Flop
TRK3BEEE10E49,ART0099,Runaway Heart,Wild Signals,jazz,2026-01-17,2026,190872.0,False,18.3,Flop
TRK084ADC16E3,ART0082,Echoes Glow,Crimson Dreams,rnb,2024-07-07,2024,166623.0,False,42.8,Mid
TRK016831FBB8,ART0073,Overdrive Tape,Echo Tapes,latin,2024-10-03,2024,243849.0,False,50.9,Mid
TRKF1AF70E7FC,ART0014,Gravity Tape,Ember Static,rnb,2026-12-29,2026,162844.0,False,39.8,Niche
TRK8A37DBED88,ART0075,Sunday Motion,Crimson Bones,country,2025-07-22,2025,220441.0,False,30.8,Niche
TRK5CAB92D668,ART0129,Neon Heart,Velvet Signals,metal,2026-11-05,2026,195673.0,True,25.1,Niche
TRK1CEE6BA979,ART0047,Gravity Tape,Paper Signals,hyperpop,2020-12-12,2020,196733.0,False,15.6,Flop
TRKB8D3736C6E,ART0055,Echoes Rain,Broken Waves,rnb,2023-12-27,2023,140858.0,True,14.9,Flop
TRK5718FACEE2,ART0104,Aftertaste Signal,Glass Signals,classical,2021-10-22,2021,200124.0,False,0.0,Flop
TRK51F122AC0F,ART0054,Neon Static,Glass Hearts,afrobeats,2021-04-29,2021,202573.0,False,29.8,Niche
TRK3AE820A363,ART0096,Slowburn Blue,Glass Dreams,kpop,2023-06-01,2023,206618.0,False,43.4,Mid
TRK1242819231,ART0078,Lonely Glow,Echo Tapes,country,2026-07-29,2026,241752.0,False,30.4,Niche
TRK6CF1851A7F,ART0034,Neon Dust,Electric Static,lofi,2023-05-31,2023,210136.0,True,15.5,Flop
TRKCB18DEEF24,ART0050,Paper Fire,Silent Dreams,rock,2023-08-21,2023,169790.0,False,37.4,Niche
TRKE84D42DB3E,ART0113,Gravity Static,Wild Signals,hyperpop,2020-02-13,2020,171816.0,True,42.0,Mid
TRKD990DCA480,ART0003,Paper Heart,Neon Nights,kpop,2025-08-02,2025,281676.0,False,37.1,Niche
TRK7CF5F78763,ART0126,Runaway Sky,Midnight Bones,indie,2024-08-09,2024,202057.0,False,54.1,Mid
TRKEE4EBEF7B8,ART0040,Paper Blue,Echo Signals,hip_hop,2020-04-11,2020,234707.0,False,25.0,Niche
TRKB48F5DF01B,ART0013,Gravity Motion,Paper Rivers,hip_hop,2025-03-11,2025,193835.0,False,55.4,Mid
TRK2738A4FB49,ART0100,Gravity Fire,Neon Lights,classical,2023-06-08,2023,181313.0,False,5.5,Flop
TRKC96E9BB3ED,ART0069,Lonely Sky,Wild Roses,lofi,2026-12-20,2026,185508.0,False,24.6,Niche
TRK12370F2932,ART0084,Echoes Blue,Neon Lights,afrobeats,2021-12-17,2021,244869.0,False,34.5,Niche
TRK67B6187EC9,ART0054,Skyline Blue,Glass Hearts,afrobeats,2023-07-30,2023,190209.0,False,44.3,Mid
TRK123A79A322,ART0088,Aftertaste Glow,Ember Horizon,rock,2022-12-03,2022,141282.0,False,13.4,Flop
TRKE035880087,ART0070,Static Dust,Faded Shadows,lofi,2021-08-15,2021,233103.0,False,0.0,Flop
TRK64F0730F9C,ART0117,Slowburn Motion,Midnight Tapes,jazz,2022-03-19,2022,236167.0,False,8.2,Flop
TRK4BA4D1921E,ART0119,Overdrive Blue,Ember Ashes,lofi,2022-05-30,2022,164298.0,False,18.7,Flop
TRK6D17A0B62F,ART0078,Skyline Signal,Echo Tapes,country,2026-11-12,2026,197299.0,False,39.0,Niche
TRKF38AF40936,ART0116,Aftertaste Static,Paper Roses,rock,2026-02-06,2026,194354.0,False,24.1,Niche
TRK1E2C0ECB3D,ART0057,Wildfire Ghost,Echo Horizon,rnb,2021-01-16,2021,198455.0,False,22.4,Niche
TRK3C46EB26EE,ART0006,Fever Heart,Silent Ashes,afrobeats,2022-10-04,2022,177565.0,False,23.0,Niche
TRK02ED12E319,ART0080,Lonely Sky,Golden Dreams,afrobeats,2020-12-21,2020,184040.0,False,35.0,Niche
TRKED2B5318D4,ART0128,Neon Heart,Electric Streets,jazz,2022-01-21,2022,87900.0,False,9.0,Flop
TRKFD5E934119,ART0046,Paper Static,Silent Static,rnb,2021-09-27,2021,160964.0,False,7.8,Flop
TRKF76A6536C0,ART0089,Fever Motion,Midnight Skies,pop,2026-09-22,2026,251202.0,False,40.3,Mid
TRK7D5E5F09F6,ART0078,Paper Rain,Echo Tapes,country,2022-05-31,2022,237943.0,False,29.9,Niche
TRK679DACA35B,ART0107,Lonely Blue,Ember Signals,hip_hop,2024-01-05,2024,141073.0,False,33.1,Niche
TRK83E95AF513,ART0009,Velvet Motion,Hollow Skies,country,2022-11-06,2022,204236.0,False,14.8,Flop
TRK0F8B6129B2,ART0113,Skyline Signal,Wild Signals,hyperpop,2026-03-17,2026,188889.0,True,40.2,Mid
TRKB9786F08AF,ART0128,Aftertaste Heart,Electric Streets,jazz,2024-03-09,2024,218883.0,False,10.3,Flop
TRK7BC55F9E58,ART0024,Lonely Heart,Midnight Roses,metal,2023-06-30,2023,211129.0,True,27.9,Niche
TRK6C05025C38,ART0130,Fever Lights,Ember Nights,kpop,2024-05-11,2024,181609.0,False,47.1,Mid
TRK0F407523D0,ART0115,Lonely Motion,Velvet Shadows,metal,2026-06-16,2026,203831.0,True,28.9,Niche
TRK81DF7C6454,ART0079,Aftertaste Heart,Wild Roses,jazz,2022-03-05,2022,149781.0,False,16.8,Flop
TRK07D4EFA9EA,ART0054,Slowburn Motion,Glass Hearts,afrobeats,2026-03-04,2026,235637.0,False,48.9,Mid
TRK555B66AA51,ART0033,Overdrive Glow,Ember Hearts,latin,2024-08-05,2024,188790.0,False,56.1,Mid
TRK0FE092CCE9,ART0055,Slowburn Blue,Broken Waves,rnb,2020-02-22,2020,206632.0,False,15.8,Flop
TRK791AE2115A,ART0013,Velvet Glow,Paper Rivers,hip_hop,2020-10-21,2020,144998.0,True,34.8,Niche
TRKF6116DAD7E,ART0104,Static Dust,Glass Signals,classical,2022-05-06,2022,256390.0,False,0.0,Flop
TRK65355E101A,ART0033,Echoes Gold,Ember Hearts,latin,2026-08-08,2026,226382.0,False,58.6,Mid
TRK72327B8347,ART0011,Sunday Signal,Paper Tapes,hyperpop,2021-09-30,2021,228054.0,True,33.5,Niche
TRKA76A93C314,ART0049,Wildfire Tape,Wild Tapes,pop,2026-05-20,2026,216049.0,False,39.0,Niche
TRK964FADD35D,ART0085,Gravity Sky,Velvet Ashes,rock,2023-12-05,2023,,True,9.1,Flop
TRK4BEA5C938D,ART0129,Wildfire Fire,Silent Static,metal,2024-04-07,2024,225747.0,True,13.4,Flop
TRKEE784941D4,ART0130,Static Heart,Ember Nights,kpop,2021-10-14,2021,239995.0,False,43.9,Mid
TRK60F3AF28CE,ART0126,Fever Blue,Broken Roses,indie,2021-09-14,2021,181172.0,False,30.7,Niche
TRK68A1B8DD60,ART0082,Lonely Heart,Crimson Dreams,rnb,2024-01-23,2024,169316.0,False,34.1,Niche
TRKE782AB2745,ART0025,Sunday Gold,Velvet Hearts,rnb,2024-12-11,2024,168589.0,False,29.0,Niche
TRK6AA2E41A4F,ART0125,Wildfire Signal,Wild Tapes,kpop,2021-04-01,2021,186497.0,False,36.1,Niche
TRKA106091B47,ART0077,Sunday Signal,Faded Hearts,metal,2022-12-24,2022,243694.0,True,12.7,Flop
TRK80E7284B5F,ART0021,Velvet Glow,Echo Streets,latin,2021-01-15,2021,231369.0,True,31.1,Niche
TRKCA84E4C1A4,ART0043,Fever Glow,Midnight Skies,hip_hop,2024-03-23,2024,242194.0,True,42.1,Mid
TRK159CBEAE3D,ART0049,Lonely Heart,Echo Lights,pop,2024-06-08,2024,209003.0,False,21.3,Niche
TRKAD2179F7D2,ART0010,Fever Rain,Glass Tapes,rock,2022-11-14,2022,197246.0,True,30.3,Niche
TRK6B48190E2E,ART0115,Aftertaste Rain,Velvet Shadows,metal,2021-11-23,2021,187304.0,False,14.3,Flop
TRK1F50722CBF,ART0100,Velvet Fire,Neon Lights,classical,2025-12-01,2025,211075.0,False,14.2,Flop
TRK79E6FB6B3B,ART0130,Paper Tape,Ember Nights,kpop,2023-11-06,2023,194594.0,False,42.0,Mid
TRKE6D3D6E299,ART0088,Fever Blue,Broken Shadows,rock,2020-06-21,2020,212530.0,False,30.0,Niche
TRK219E1357B8,ART0049,Sunday Ghost,Wild Tapes,pop,2022-07-29,2022,176295.0,True,30.2,Niche
TRKC91478E9AA,ART0078,Gravity Motion,Echo Tapes,country,2025-03-11,2025,188806.0,False,27.5,Niche
TRKC607417583,ART0116,Skyline Lights,Paper Roses,rock,2023-09-05,2023,231615.0,False,26.6,Niche
TRK23F71D473A,ART0022,Overdrive Static,Static Tapes,classical,2022-09-06,2022,215969.0,False,0.0,Flop
TRK4A3FE8A07A,ART0001,Sunday Tape,Broken Rivers,lofi,2024-10-10,2024,142592.0,False,46.5,Mid
TRK33640A0AA4,ART0076,Sunday Fire,Faded Roses,metal,2023-03-14,2023,220444.0,True,27.6,Niche
TRKC42064EF14,ART0128,Lonely Blue,Electric Streets,jazz,2024-03-04,2024,195072.0,False,11.3,Flop
TRK740B01B090,ART0075,Runaway Lights,Crimson Bones,country,2026-10-17,2026,183950.0,False,45.5,Mid
TRK97DAA6D2B7,ART0002,Runaway Glow,Midnight Ashes,rnb,2020-10-11,2020,174878.0,False,31.2,Niche
TRK58FE16F664,ART0026,Skyline Bones,Electric Tapes,indie,2021-10-27,2021,181027.0,False,15.3,Flop
TRKF4E00BF1F3,ART0031,Sunday Dust,Wild Horizon,latin,2022-06-09,2022,255766.0,False,18.6,Flop
TRK2FEC5FBC14,ART0122,Slowburn Signal,Faded Shadows,pop,2023-03-17,2023,192948.0,False,29.7,Niche
TRK0A65967034,ART0129,Wildfire Lights,Midnight Roses,metal,2020-10-23,2020,183691.0,False,27.1,Niche
TRKB67689946F,ART0077,Runaway Bones,Faded Hearts,metal,2026-10-20,2026,270777.0,False,1.4,Flop
TRKE196099913,ART0126,Overdrive Bones,Midnight Bones,indie,2022-11-17,2022,152227.0,False,26.9,Niche
TRKA99F104452,ART0082,Gravity Signal,Ember Streets,rnb,2025-09-05,2025,193206.0,False,51.8,Mid
TRK0B5D1B1890,ART0082,Wildfire Gold,Ember Streets,rnb,2024-03-28,2024,206743.0,False,49.0,Mid
TRK3B14575379,ART0130,Aftertaste Tape,Ember Nights,kpop,2020-11-15,2020,173081.0,False,20.8,Niche
TRKE14C6836A5,ART0045,Lonely Gold,Glass Hearts,country,2026-05-27,2026,170084.0,True,39.6,Niche
TRK0399A6A2CA,ART0118,Gravity Lights,Static Signals,metal,2021-03-02,2021,164381.0,False,13.3,Flop
TRK6687680172,ART0014,Runaway Ghost,Static Dreams,rnb,2025-10-14,2025,197474.0,False,33.3,Niche
TRK04009C9058,ART0008,Runaway Lights,Static Streets,latin,2024-11-10,2024,212638.0,False,48.9,Mid
TRK522C803742,ART0097,Lonely Motion,Silent Static,kpop,2022-10-27,2022,149838.0,False,20.7,Niche
TRK7335E5EAF4,ART0112,Static Lights,Velvet Waves,jazz,2024-05-27,2024,180307.0,False,11.6,Flop
TRK53E0D98565,ART0002,Paper Dust,Midnight Ashes,rnb,2023-01-05,2023,235497.0,False,30.2,Niche
TRK65320F78F2,ART0002,Echoes Heart,Hollow Horizon,rnb,2021-12-19,2021,112069.0,False,25.2,Niche
TRK5E1F5A28CD,ART0118,Neon Gold,Static Signals,metal,2025-02-04,2025,164112.0,False,14.7,Flop
TRK5599341643,ART0078,Lonely Glow,Echo Tapes,country,2023-03-24,2023,164058.0,False,22.4,Niche
TRK5AC8A12E7E,ART0018,Aftertaste Bones,Electric Tapes,edm,2026-10-08,2026,180965.0,False,34.1,Niche
TRK4296E00B96,ART0073,Lonely Gold,Echo Tapes,latin,2022-08-29,2022,208723.0,False,44.8,Mid
TRK10F01437D0,ART0050,Paper Fire,Silent Dreams,rock,2021-10-05,2021,254287.0,True,35.4,Niche
TRKC189748927,ART0068,Velvet Lights,Crimson Streets,hip_hop,2021-05-14,2021,243335.0,False,44.9,Mid
TRK458F1D79BB,ART0015,Runaway Gold,Hollow Skies,hip_hop,2021-01-30,2021,201093.0,True,45.4,Mid
TRKF6D09FA1DA,ART0046,Neon Tape,Silent Static,rnb,2025-01-23,2025,221086.0,False,20.4,Niche
TRK0154179C09,ART0106,Skyline Static,Velvet Signals,metal,2020-09-18,2020,141920.0,True,9.7,Flop
TRK354DB2776F,ART0127,Paper Tape,Broken Horizon,hip_hop,2023-12-26,2023,146588.0,False,22.1,Niche
TRK105AC61C0E,ART0064,Wildfire Static,Wild Shadows,classical,2024-05-07,2024,224251.0,False,37.5,Niche
TRK6C331B658A,ART0050,Wildfire Ghost,Silent Dreams,rock,2021-11-07,2021,230309.0,True,43.9,Mid
TRK31B9701C5B,ART0104,Sunday Blue,Glass Signals,classical,2025-06-23,2025,192347.0,False,0.0,Flop
TRK2EE7584512,ART0083,Skyline Sky,Paper Skies,classical,2025-11-03,2025,218193.0,False,16.0,Flop
TRK2445AFAE76,ART0025,Aftertaste Gold,Broken Rivers,rnb,2023-04-21,2023,146623.0,False,39.7,Niche
TRK4C9FE3D71C,ART0074,Neon Sky,Silent Horizon,classical,2026-07-30,2026,196140.0,False,5.1,Flop
TRK90661FB146,ART0035,Lonely Sky,Velvet Lights,edm,2023-12-05,2023,164547.0,False,40.2,Mid
TRKC819B6865A,ART0109,Echoes Glow,Wild Horizon,metal,2026-06-25,2026,159628.0,False,6.8,Flop
TRKA3FC146349,ART0044,Static Ghost,Electric Tapes,jazz,2025-10-20,2025,196335.0,False,16.2,Flop
TRK34DB11F96B,ART0049,Neon Fire,Echo Lights,pop,2022-06-12,2022,219886.0,False,32.6,Niche
TRK2E020101AE,ART0023,Wildfire Ghost,Electric Horizon,latin,2021-11-12,2021,220824.0,False,19.8,Flop
TRK8E30FDEDAA,ART0100,Lonely Motion,Neon Lights,classical,2026-10-28,2026,182623.0,False,6.8,Flop
TRK8688050C37,ART0054,Runaway Gold,Glass Hearts,afrobeats,2025-08-28,2025,234786.0,False,49.0,Mid
TRK38895994FF,ART0100,Wildfire Signal,Neon Lights,classical,2024-05-23,2024,193407.0,False,1.0,Flop
TRK98CF1FB98E,ART0002,Fever Ghost,Hollow Horizon,rnb,2020-07-13,2020,244491.0,False,10.6,Flop
TRK9D88A1C81D,ART0002,Static Fire,Midnight Ashes,rnb,2020-08-31,2020,233758.0,False,22.3,Niche
TRK64E094E141,ART0053,Runaway Motion,Electric Lights,indie,2026-01-25,2026,178451.0,False,19.1,Flop
TRK597556E178,ART0033,Skyline Dust,Ember Hearts,latin,2023-03-28,2023,185278.0,False,45.2,Mid
TRK7A901AB57D,ART0130,Neon Ghost,Ember Nights,kpop,2024-12-26,2024,184428.0,False,44.4,Mid
TRK3729831F8D,ART0028,Aftertaste Static,Ember Waves,country,2020-02-15,2020,235202.0,False,11.9,Flop
TRKDEA881BB51,ART0070,Velvet Dust,Hollow Shadows,lofi,2020-10-26,2020,214682.0,False,6.2,Flop
TRK2F80BBD790,ART0106,Sunday Gold,Velvet Signals,metal,2025-12-23,2025,171007.0,False,19.3,Flop
TRKF85DDDA0D6,ART0069,Gravity Gold,Wild Roses,lofi,2025-08-12,2025,240033.0,False,22.2,Niche
TRK1D8621FD39,ART0003,Wildfire Signal,Paper Static,kpop,2023-10-01,2023,127721.0,False,35.6,Niche
TRKFDC9A96E81,ART0112,Runaway Gold,Wild Signals,jazz,2026-09-13,2026,144700.0,False,41.7,Mid
TRK5AF3F7E0DB,ART0114,Wildfire Rain,Silent Horizon,rnb,2025-10-04,2025,207718.0,False,35.0,Niche
TRK068D607C7F,ART0070,Gravity Signal,Faded Shadows,lofi,2025-12-13,2025,278402.0,False,27.5,Niche
TRK396F4D4937,ART0121,Skyline Sky,Golden Shadows,pop,2021-04-26,2021,217588.0,True,18.5,Flop
TRK8E0E2AC5F9,ART0062,Lonely Bones,Velvet Ashes,lofi,2022-04-16,2022,255407.0,False,45.5,Mid
TRK57B5454FAE,ART0034,Fever Lights,Golden Rivers,lofi,2022-12-24,2022,158613.0,False,20.9,Niche
TRK72C8E413E6,ART0059,Lonely Blue,Hollow Rivers,hyperpop,2026-05-30,2026,253409.0,False,27.4,Niche
TRK3AED991170,ART0087,Lonely Signal,Wild Hearts,rock,2023-02-20,2023,131968.0,False,35.2,Niche
TRK79493BE2F2,ART0066,Fever Sky,Broken Shadows,afrobeats,2026-02-21,2026,205626.0,False,54.6,Mid
TRK93B8349504,ART0002,Velvet Bones,Hollow Horizon,rnb,2021-02-03,2021,189146.0,False,16.8,Flop
TRKA2321E18F3,ART0080,Velvet Dust,Golden Dreams,afrobeats,2022-07-31,2022,208259.0,False,41.9,Mid
TRK930D5253CE,ART0086,Gravity Motion,Faded Ashes,afrobeats,2025-07-08,2025,187771.0,False,59.2,Mid
TRK9902B4E9A6,ART0003,Overdrive Sky,Paper Static,kpop,2022-02-14,2022,259519.0,False,24.1,Niche
TRKCB7E99BB25,ART0071,Lonely Tape,Neon Nights,rnb,2022-04-11,2022,204244.0,False,27.5,Niche
TRKD534331AB2,ART0016,Aftertaste Static,Crimson Signals,afrobeats,2025-09-04,2025,263299.0,False,64.6,Hit
TRKF4D0A31254,ART0020,Neon Rain,Glass Shadows,rock,2026-07-20,2026,147185.0,True,35.3,Niche
TRK45BC44C54B,ART0025,Neon Sky,Broken Rivers,rnb,2024-04-01,2024,169775.0,False,36.0,Niche
TRKD02D2F15EC,ART0020,Aftertaste Sky,Glass Shadows,rock,2026-12-10,2026,203142.0,False,24.2,Niche
TRK37EDAFD5E1,ART0025,Wildfire Rain,Broken Rivers,rnb,2022-11-19,2022,230207.0,False,25.7,Niche
TRKFC2ADFFBE4,ART0117,Neon Heart,Midnight Tapes,jazz,2024-12-15,2024,203417.0,False,3.4,Flop
TRKEEA5E184C4,ART0077,Overdrive Rain,Velvet Lights,metal,2021-07-29,2021,160907.0,False,8.1,Flop
TRKE91635D040,ART0026,Gravity Glow,Electric Tapes,indie,2021-11-13,2021,201843.0,False,18.7,Flop
TRK718F0CEFAB,ART0069,Slowburn Blue,Wild Roses,lofi,2021-05-26,2021,197343.0,False,18.7,Flop
TRK02339706A2,ART0002,Static Glow,Hollow Horizon,rnb,2024-04-24,2024,225649.0,False,28.2,Niche
TRKD3C4C50C57,ART0048,Skyline Tape,Faded Lights,latin,2025-09-05,2025,141932.0,False,61.8,Hit
TRKDBCD037CB0,ART0019,Wildfire Signal,Glass Shadows,hip_hop,2020-06-14,2020,251391.0,False,39.5,Niche
TRK741BA41F30,ART0003,Lonely Motion,Paper Static,kpop,2023-11-24,2023,187080.0,False,44.1,Mid
TRKF2222D9E99,ART0102,Overdrive Fire,Electric Rivers,kpop,2026-12-12,2026,239232.0,False,56.2,Mid
TRK4D6065E2CB,ART0037,Overdrive Lights,Silent Bones,rnb,2026-04-18,2026,175789.0,False,23.3,Niche
TRK89A14F4796,ART0085,Neon Static,Crimson Streets,rock,2024-06-12,2024,118350.0,False,15.0,Flop
TRKE79F82349B,ART0059,Static Rain,Hollow Rivers,hyperpop,2021-05-22,2021,224071.0,True,61.9,Hit
TRK42ACBD29A2,ART0054,Lonely Blue,Glass Hearts,afrobeats,2026-01-08,2026,188670.0,False,55.0,Mid
TRK589A457070,ART0113,Paper Heart,Wild Signals,hyperpop,2025-02-06,2025,213307.0,False,51.6,Mid
TRK7AC2344F8D,ART0027,Runaway Gold,Crimson Shadows,hip_hop,2021-08-15,2021,187110.0,False,17.1,Flop
TRK5450272202,ART0066,Paper Signal,Broken Shadows,afrobeats,2025-12-19,2025,269544.0,False,56.8,Mid
TRKEC2CE680B7,ART0099,Echoes Dust,Wild Signals,jazz,2020-04-26,2020,237521.0,False,13.7,Flop
TRK6A46A195E5,ART0129,Slowburn Static,Silent Static,metal,2023-09-06,2023,183781.0,False,5.9,Flop
TRK9F0FDF2AD0,ART0034,Overdrive Bones,Golden Rivers,lofi,2022-09-08,2022,191615.0,False,14.4,Flop
TRK02C956E47F,ART0098,Fever Static,Golden Hearts,country,2022-03-20,2022,194309.0,False,15.1,Flop
TRK95E119D67D,ART0029,Lonely Blue,Midnight Lights,rock,2024-01-01,2024,242087.0,False,24.5,Niche
TRKD7B7CB39D7,ART0086,Static Tape,Faded Ashes,afrobeats,2022-03-25,2022,184201.0,False,50.5,Mid
TRK5CD3816852,ART0121,Wildfire Static,Golden Shadows,pop,2021-05-12,2021,244495.0,False,14.4,Flop
TRKE6A1C07539,ART0129,Wildfire Fire,Midnight Roses,metal,2022-02-22,2022,193375.0,False,22.6,Niche
TRK254CB913E4,ART0039,Paper Glow,Hollow Tapes,pop,2025-01-29,2025,189190.0,False,41.6,Mid
TRKF9E8EF2E33,ART0070,Wildfire Rain,Faded Shadows,lofi,2020-09-09,2020,216371.0,False,3.8,Flop
TRKD74A00874B,ART0050,Neon Bones,Silent Dreams,rock,2022-12-30,2022,170489.0,False,23.1,Niche
TRKCD54254A6B,ART0119,Runaway Heart,Neon Hearts,lofi,2022-06-27,2022,186646.0,False,24.4,Niche
TRKFB3B9FA0D0,ART0109,Static Heart,Wild Horizon,metal,2025-12-21,2025,186466.0,False,7.1,Flop
TRKD83245F52C,ART0117,Skyline Dust,Midnight Tapes,jazz,2020-09-16,2020,239437.0,False,0.0,Flop
TRKA73D3869E9,ART0053,Skyline Fire,Electric Lights,indie,2021-12-20,2021,220836.0,False,11.0,Flop
TRK256FB80364,ART0121,Lonely Glow,Broken Signals,pop,2022-04-18,2022,201374.0,False,22.1,Niche
TRKF76B76238A,ART0042,Static Glow,Static Tapes,kpop,2020-06-01,2020,270446.0,False,32.7,Niche
TRKB87959C4AE,ART0034,Wildfire Gold,Electric Static,lofi,2021-08-07,2021,215478.0,False,8.6,Flop
TRK5F9FD5CCA5,ART0038,Paper Dust,Electric Bones,classical,2026-03-11,2026,232410.0,False,4.3,Flop
TRK4657F927C6,ART0117,Fever Static,Midnight Lights,jazz,2023-01-16,2023,178233.0,False,0.0,Flop
TRKA1A28A266C,ART0061,Overdrive Sky,Crimson Bones,edm,2024-02-15,2024,213338.0,False,44.8,Mid
TRK4DC31DD578,ART0040,Echoes Heart,Echo Signals,hip_hop,2026-09-24,2026,255933.0,True,29.7,Niche
TRKE603342B57,ART0074,Wildfire Bones,Silent Horizon,classical,2022-01-09,2022,202891.0,True,5.7,Flop
TRK6855EC66C5,ART0058,Aftertaste Tape,Electric Nights,edm,2025-04-24,2025,288862.0,False,31.9,Niche
TRK1CD409ACE3,ART0107,Echoes Blue,Ember Signals,hip_hop,2024-04-14,2024,248548.0,False,28.8,Niche
TRK3D25907ABF,ART0013,Sunday Tape,Paper Rivers,hip_hop,2024-11-13,2024,225281.0,False,48.8,Mid
TRK92C94B2CC7,ART0120,Overdrive Lights,Glass Nights,rnb,2020-05-31,2020,153510.0,False,34.9,Niche
TRKA82D962250,ART0028,Fever Lights,Midnight Static,country,2020-06-05,2020,200662.0,False,28.1,Niche
TRK672BD0929A,ART0025,Wildfire Blue,Broken Rivers,rnb,2024-06-07,2024,167306.0,False,45.0,Mid
TRK96B03D25CA,ART0130,Velvet Lights,Ember Nights,kpop,2023-05-01,2023,219578.0,False,48.7,Mid
TRK0F8DC35DFA,ART0093,Lonely Bones,Static Bones,lofi,2021-02-27,2021,233595.0,False,24.6,Niche
TRKE2EC78645D,ART0014,Paper Tape,Static Dreams,rnb,2021-11-20,2021,205076.0,False,36.6,Niche
TRK25148A39B4,ART0091,Velvet Lights,Hollow Signals,edm,2021-07-03,2021,223506.0,False,20.3,Niche
TRK106FC2659D,ART0019,Gravity Gold,Glass Shadows,hip_hop,2022-04-17,2022,175090.0,True,22.7,Niche
TRKB3D1A0F327,ART0008,Fever Rain,Static Streets,latin,2024-05-24,2024,209072.0,False,62.6,Hit
TRK33AFD869D4,ART0029,Static Glow,Faded Lights,rock,2025-10-22,2025,240015.0,False,25.1,Niche
TRK7AB51D6F48,ART0107,Aftertaste Signal,Ember Signals,hip_hop,2022-04-06,2022,183354.0,False,26.8,Niche
TRKB26E2CF9A8,ART0111,Static Ghost,Midnight Lights,afrobeats,2026-09-24,2026,165819.0,False,64.7,Hit
TRK018C6DEB3A,ART0070,Overdrive Bones,Faded Shadows,lofi,2022-03-27,2022,171102.0,False,20.7,Niche
TRKE34B0C5A32,ART0109,Aftertaste Ghost,Silent Skies,metal,2022-04-07,2022,176570.0,True,17.5,Flop
TRK75A76A4A5D,ART0086,Wildfire Dust,Faded Ashes,afrobeats,2026-10-04,2026,221756.0,False,69.8,Hit
TRK906CE57B27,ART0098,Skyline Fire,Static Static,country,2025-12-29,2025,155952.0,False,40.9,Mid
TRK062AA2027B,ART0044,Echoes Blue,Electric Tapes,jazz,2022-05-26,2022,196406.0,False,17.7,Flop
TRK5FB08DC002,ART0068,Slowburn Motion,Crimson Streets,hip_hop,2020-04-01,2020,137025.0,False,28.8,Niche
TRK2F8306F733,ART0050,Slowburn Sky,Silent Dreams,rock,2021-12-07,2021,190304.0,True,18.3,Flop
TRK48D39192F7,ART0075,Lonely Rain,Crimson Bones,country,2021-01-24,2021,246730.0,False,17.2,Flop
TRK2B9160A564,ART0002,Velvet Bones,Midnight Ashes,rnb,2026-05-30,2026,255372.0,False,20.1,Niche
TRK6270DE0737,ART0073,Gravity Dust,Echo Tapes,latin,2026-03-21,2026,194192.0,False,62.7,Hit
TRKB6EA53F265,ART0047,Overdrive Fire,Paper Signals,hyperpop,2022-06-01,2022,238941.0,True,54.0,Mid
TRK3CDC463985,ART0028,Lonely Glow,Midnight Static,country,2020-02-14,2020,198952.0,False,23.4,Niche
TRK9CE7D2DFB9,ART0039,Runaway Dust,Hollow Tapes,pop,2021-08-30,2021,173324.0,False,34.3,Niche
TRK7FB49E2035,ART0025,Static Glow,Broken Rivers,rnb,2021-10-21,2021,299716.0,False,31.0,Niche
TRK675FB0AB18,ART0094,Neon Rain,Paper Tapes,rnb,2025-01-07,2025,245415.0,False,24.4,Niche
TRK67C727D4F3,ART0089,Fever Signal,Midnight Skies,pop,2022-01-31,2022,225317.0,False,33.8,Niche
TRK0E111F0A76,ART0075,Wildfire Fire,Crimson Bones,country,2020-11-01,2020,228957.0,False,12.8,Flop
TRK39AD2F6F2D,ART0033,Aftertaste Blue,Ember Hearts,latin,2022-06-30,2022,146949.0,False,53.6,Mid
TRK4253471B34,ART0040,Overdrive Blue,Echo Signals,hip_hop,2023-10-23,2023,207409.0,False,21.1,Niche
TRKB817DEA80B,ART0053,Velvet Sky,Electric Lights,indie,2021-01-15,2021,194310.0,False,4.5,Flop
TRK4690E0063B,ART0017,Wildfire Tape,Static Rivers,pop,2026-07-23,2026,178752.0,False,43.0,Mid
TRK3CF5165BAF,ART0048,Overdrive Dust,Faded Lights,latin,2023-04-02,2023,265481.0,False,57.9,Mid
TRK2577F12785,ART0034,Fever Rain,Electric Static,lofi,2025-07-17,2025,189797.0,False,11.4,Flop
TRK4DAE096D90,ART0111,Gravity Glow,Midnight Lights,afrobeats,2026-06-11,2026,240534.0,False,59.1,Mid
TRK8876C8A700,ART0072,Neon Static,Broken Static,pop,2024-03-30,2024,208783.0,False,34.3,Niche
TRKBD326F9D17,ART0123,Fever Fire,Hollow Static,country,2024-06-03,2024,172447.0,False,41.3,Mid
TRK5B3159A922,ART0037,Fever Rain,Silent Bones,rnb,2022-03-06,2022,203284.0,False,28.2,Niche
TRK01F1C5BE46,ART0024,Fever Static,Midnight Roses,metal,2023-10-02,2023,206590.0,False,36.3,Niche
TRKA061C7AD93,ART0101,Slowburn Bones,Velvet Signals,hyperpop,2022-02-08,2022,208102.0,True,26.4,Niche
TRK81FED7F2DB,ART0035,Velvet Gold,Velvet Lights,edm,2026-12-06,2026,202889.0,False,54.3,Mid
TRK4FA8857A43,ART0020,Paper Dust,Glass Shadows,rock,2021-07-11,2021,227958.0,False,37.2,Niche
TRK8B58CCCD60,ART0014,Echoes Fire,Ember Static,rnb,2021-08-17,2021,284744.0,False,31.7,Niche
TRKFDCEFB93D9,ART0088,Velvet Tape,Broken Shadows,rock,2021-10-24,2021,161008.0,False,22.1,Niche
TRK0EE9A133EB,ART0027,Slowburn Glow,Wild Signals,hip_hop,2021-05-26,2021,216924.0,False,35.7,Niche
TRK66097FBA2E,ART0023,Gravity Lights,Midnight Lights,latin,2024-04-25,2024,139979.0,False,48.7,Mid
TRKA36CA9EE1C,ART0065,Overdrive Motion,Golden Skies,indie,2023-07-05,2023,204364.0,False,22.7,Niche
TRKE68A91473B,ART0067,Fever Lights,Ember Bones,rnb,2024-03-04,2024,205617.0,False,33.5,Niche
TRK22BBDF4FE0,ART0045,Gravity Ghost,Static Roses,country,2024-04-15,2024,176878.0,False,30.1,Niche
TRK2BD79FF4FD,ART0034,Echoes Lights,Golden Rivers,lofi,2026-06-28,2026,229980.0,False,22.6,Niche
TRK7077E9C3FA,ART0066,Paper Signal,Broken Shadows,afrobeats,2025-08-18,2025,186430.0,False,48.2,Mid
TRKAB8BCA224A,ART0084,Aftertaste Ghost,Neon Lights,afrobeats,2024-05-17,2024,306352.0,False,58.7,Mid
TRKFA20A4F270,ART0083,Skyline Signal,Paper Skies,classical,2020-12-06,2020,246931.0,False,8.8,Flop
TRK5FA827765B,ART0111,Lonely Signal,Midnight Lights,afrobeats,2022-08-25,2022,188240.0,False,48.5,Mid
TRK7E705ED757,ART0065,Runaway Tape,Golden Skies,indie,2026-05-12,2026,206295.0,False,31.8,Niche
TRK45AC4B265B,ART0020,Wildfire Dust,Glass Shadows,rock,2022-12-06,2022,178224.0,True,28.1,Niche
TRKC058FC3984,ART0127,Slowburn Fire,Broken Horizon,hip_hop,2024-08-22,2024,205116.0,False,13.8,Flop
TRKD1F29C950A,ART0034,Gravity Static,Electric Static,lofi,2020-11-26,2020,255642.0,False,5.6,Flop
TRK3C6A54445E,ART0071,Slowburn Static,Neon Nights,rnb,2020-10-24,2020,193935.0,False,17.9,Flop
TRK979D067846,ART0039,Runaway Sky,Hollow Tapes,pop,2026-09-15,2026,294593.0,False,41.5,Mid
TRK695314B3DD,ART0127,Wildfire Heart,Broken Horizon,hip_hop,2023-11-17,2023,179547.0,True,30.1,Niche
TRK2C4C661FFC,ART0023,Wildfire Glow,Midnight Lights,latin,2021-07-30,2021,169671.0,True,43.2,Mid
TRK2214187417,ART0087,Lonely Tape,Wild Hearts,rock,2021-10-26,2021,289390.0,True,30.7,Niche
TRK84FDEA033D,ART0017,Lonely Ghost,Static Rivers,pop,2025-12-10,2025,220230.0,False,33.3,Niche
TRKDE86275915,ART0031,Neon Dust,Electric Hearts,latin,2026-04-04,2026,150785.0,False,32.8,Niche
TRKBA1EC4D894,ART0044,Runaway Glow,Electric Tapes,jazz,2021-05-03,2021,189941.0,False,8.1,Flop
TRKA437A7EE6D,ART0025,Velvet Lights,Velvet Hearts,rnb,2023-11-05,2023,172850.0,False,43.2,Mid
TRKF246CBD95E,ART0088,Static Heart,Ember Horizon,rock,2024-05-03,2024,180557.0,False,18.3,Flop
TRK695BF66AF4,ART0109,Lonely Fire,Wild Horizon,metal,2020-06-09,2020,180337.0,False,8.1,Flop
TRKA013C3DB23,ART0100,Paper Heart,Neon Lights,classical,2026-09-12,2026,201569.0,False,6.5,Flop
TRK475056E5FC,ART0024,Wildfire Lights,Midnight Roses,metal,2022-04-26,2022,222957.0,False,16.9,Flop
TRKC58918DB5F,ART0050,Sunday Glow,Silent Dreams,rock,2021-04-11,2021,193551.0,False,40.6,Mid
TRKBC5A2DAB80,ART0118,Static Blue,Golden Nights,metal,2025-05-12,2025,198545.0,False,23.3,Niche
TRK10A8B92928,ART0039,Neon Glow,Hollow Tapes,pop,2023-08-28,2023,161697.0,False,39.8,Niche
TRK05415E6B93,ART0085,Static Signal,Velvet Ashes,rock,2021-12-26,2021,201906.0,False,24.3,Niche
TRKCE29AEDDC7,ART0024,Skyline Heart,Echo Horizon,metal,2025-07-17,2025,209761.0,False,15.8,Flop
TRK21AD2E9C58,ART0087,Lonely Static,Golden Hearts,rock,2024-02-16,2024,232002.0,False,22.2,Niche
TRK0F949276D1,ART0073,Echoes Fire,Echo Tapes,latin,2024-12-29,2024,198155.0,True,57.7,Mid
TRK0AEDD66FED,ART0066,Runaway Blue,Broken Shadows,afrobeats,2021-02-28,2021,264223.0,False,62.3,Hit
TRKE5585FC999,ART0016,Neon Gold,Crimson Signals,afrobeats,2024-04-28,2024,186456.0,False,66.3,Hit
TRK87C25E2B88,ART0002,Skyline Fire,Hollow Horizon,rnb,2023-03-23,2023,184186.0,False,21.5,Niche
TRK8E1236D7C0,ART0096,Runaway Motion,Glass Dreams,kpop,2020-10-26,2020,180611.0,False,35.9,Niche
TRK70D0A47D32,ART0094,Runaway Dust,Paper Tapes,rnb,2020-07-11,2020,211033.0,False,24.0,Niche
TRKBCC095BC99,ART0122,Lonely Tape,Faded Shadows,pop,2026-11-15,2026,224185.0,False,28.0,Niche
TRKFC0A193651,ART0121,Slowburn Motion,Broken Signals,pop,2020-05-08,2020,256266.0,False,22.7,Niche
TRK6995A667A8,ART0047,Static Fire,Paper Signals,hyperpop,2026-04-09,2026,216422.0,False,18.3,Flop
TRK4F48576A29,ART0107,Skyline Sky,Ember Signals,hip_hop,2023-09-29,2023,245389.0,True,27.8,Niche
TRKC5F25FEBC1,ART0091,Static Heart,Hollow Signals,edm,2022-06-03,2022,299924.0,False,24.0,Niche
TRK3F1249ED2A,ART0094,Wildfire Static,Paper Tapes,rnb,2024-07-08,2024,187990.0,False,23.3,Niche
TRKD63B8D3ED0,ART0046,Velvet Gold,Silent Static,rnb,2022-11-28,2022,134348.0,True,21.8,Niche
TRK46F0720469,ART0024,Paper Ghost,Midnight Roses,metal,2022-08-10,2022,200156.0,False,30.2,Niche
TRKA7BD82A0C0,ART0110,Aftertaste Rain,Crimson Rivers,edm,2026-09-21,2026,182093.0,False,55.3,Mid
TRK858BDE592A,ART0012,Slowburn Static,Electric Skies,hyperpop,2022-09-30,2022,186777.0,False,52.8,Mid
TRK26B157767E,ART0037,Runaway Bones,Silent Bones,rnb,2026-02-08,2026,221288.0,False,15.8,Flop
TRK6247458C62,ART0045,Fever Static,Glass Hearts,country,2021-10-14,2021,210759.0,False,35.0,Niche
TRKD7CBA93735,ART0045,Gravity Blue,Static Roses,country,2023-03-16,2023,180917.0,False,27.5,Niche
TRKA1275FBE57,ART0027,Paper Glow,Crimson Shadows,hip_hop,2021-06-14,2021,182190.0,False,18.3,Flop
TRKB32E3848E9,ART0003,Paper Blue,Paper Static,kpop,2024-05-17,2024,156503.0,False,40.6,Mid
TRKA7566CE187,ART0031,Velvet Blue,Electric Hearts,latin,2021-03-26,2021,181639.0,False,25.6,Niche
TRK05942768AA,ART0032,Velvet Blue,Glass Rivers,metal,2026-07-14,2026,163642.0,False,16.9,Flop
TRKE6FB588431,ART0096,Skyline Tape,Glass Dreams,kpop,2025-09-17,2025,160883.0,False,47.0,Mid
TRKBFA74CB444,ART0103,Skyline Ghost,Broken Roses,hip_hop,2024-10-20,2024,180797.0,False,39.9,Niche
TRK3CF9A90FC1,ART0040,Skyline Sky,Echo Signals,hip_hop,2024-06-02,2024,182674.0,True,35.3,Niche
TRKBF0D1D010C,ART0052,Echoes Glow,Electric Bones,kpop,2020-04-17,2020,172826.0,False,28.2,Niche
TRK9999D67388,ART0076,Overdrive Static,Faded Roses,metal,2024-04-25,2024,233622.0,False,25.0,Niche
TRK0B290738EF,ART0121,Skyline Signal,Broken Signals,pop,2022-01-31,2022,233146.0,False,25.6,Niche
TRK787A2F4A9C,ART0007,Skyline Heart,Paper Dreams,metal,2023-12-22,2023,226854.0,False,12.7,Flop
TRKBF8048047E,ART0107,Static Lights,Ember Signals,hip_hop,2024-04-19,2024,227664.0,True,26.9,Niche
TRKBB866DA380,ART0068,Aftertaste Heart,Crimson Streets,hip_hop,2022-01-10,2022,220685.0,False,48.4,Mid
TRK49C042E93D,ART0107,Neon Heart,Ember Signals,hip_hop,2023-02-12,2023,247791.0,False,24.6,Niche
TRKF75004C212,ART0064,Static Fire,Wild Shadows,classical,2024-09-17,2024,176591.0,False,28.5,Niche
TRKA79E09C7AC,ART0101,Lonely Ghost,Velvet Signals,hyperpop,2023-08-08,2023,276172.0,False,21.7,Niche
TRKDC503D0DCC,ART0002,Velvet Glow,Midnight Ashes,rnb,2020-12-12,2020,209395.0,False,24.2,Niche
TRK2B06FDA491,ART0086,Neon Rain,Faded Ashes,afrobeats,2025-04-05,2025,149414.0,False,57.8,Mid
TRKC5DADBC448,ART0088,Static Dust,Broken Shadows,rock,2025-11-26,2025,237551.0,False,24.8,Niche
TRK2B62180270,ART0121,Echoes Fire,Golden Shadows,pop,2021-11-14,2021,161711.0,False,12.3,Flop
TRKE8C61339F2,ART0014,Skyline Ghost,Ember Static,rnb,2020-06-25,2020,182077.0,False,64.1,Hit
TRK5BDC75FD1A,ART0003,Runaway Gold,Paper Static,kpop,2024-10-16,2024,186112.0,False,37.4,Niche
TRK7A2466ECF1,ART0015,Sunday Blue,Hollow Skies,hip_hop,2026-04-26,2026,246733.0,False,36.2,Niche
TRK72879CC87F,ART0094,Echoes Static,Paper Tapes,rnb,2025-12-20,2025,194422.0,False,26.5,Niche
TRKAA2D6372CD,ART0117,Lonely Motion,Midnight Tapes,jazz,2023-05-20,2023,244926.0,True,5.7,Flop
TRK36052BA575,ART0096,Neon Rain,Glass Dreams,kpop,2022-06-22,2022,102482.0,False,34.6,Niche
TRK506ABBF552,ART0062,Velvet Gold,Velvet Ashes,lofi,2026-11-23,2026,209182.0,False,34.2,Niche
TRKDC58CDBD7A,ART0068,Fever Bones,Crimson Streets,hip_hop,2025-12-16,2025,233326.0,False,28.5,Niche
TRKA21310E954,ART0116,Lonely Glow,Paper Roses,rock,2021-12-15,2021,219813.0,False,68.6,Hit
TRK0F2F56B45C,ART0043,Paper Ghost,Midnight Skies,hip_hop,2024-12-27,2024,267907.0,False,41.9,Mid
TRKC569D03B8C,ART0114,Runaway Heart,Silent Horizon,rnb,2022-07-27,2022,271688.0,False,18.4,Flop
TRK439FA002FA,ART0087,Velvet Heart,Wild Hearts,rock,2024-04-22,2024,244571.0,False,30.5,Niche
TRK1F061D98EB,ART0055,Runaway Sky,Broken Waves,rnb,2021-12-16,2021,177399.0,False,17.6,Flop
TRK2ABBF8DE9B,ART0106,Slowburn Bones,Velvet Signals,metal,2023-10-13,2023,247537.0,True,13.4,Flop
TRKD2828E3043,ART0024,Sunday Fire,Midnight Roses,metal,2020-01-28,2020,148144.0,False,22.4,Niche
TRK1940BEF4EA,ART0053,Gravity Rain,Electric Lights,indie,2021-08-23,2021,185999.0,False,24.5,Niche
TRK2FDA2B1B43,ART0087,Neon Ghost,Wild Hearts,rock,2026-11-29,2026,181171.0,False,39.0,Niche
TRK8478AFD3E4,ART0089,Static Sky,Midnight Skies,pop,2023-03-18,2023,212945.0,False,39.0,Niche
TRK3689D49FEE,ART0078,Lonely Signal,Echo Tapes,country,2023-04-30,2023,196418.0,False,27.7,Niche
TRKC66DCF1BBD,ART0087,Lonely Dust,Wild Hearts,rock,2020-10-12,2020,139472.0,False,35.5,Niche
TRK7936B0CA63,ART0067,Fever Fire,Ember Bones,rnb,2022-05-02,2022,130483.0,False,22.3,Niche
TRK454C91BEDC,ART0044,Wildfire Sky,Electric Tapes,jazz,2020-03-23,2020,150337.0,False,22.1,Niche
TRKFE09055C67,ART0076,Overdrive Heart,Faded Roses,metal,2026-07-04,2026,231335.0,False,39.4,Niche
TRK6447339DBB,ART0027,Fever Tape,Wild Signals,hip_hop,2025-11-26,2025,188050.0,False,19.1,Flop
TRK8604ADBDEA,ART0016,Wildfire Fire,Crimson Signals,afrobeats,2024-01-23,2024,266169.0,False,64.1,Hit
TRKCFF7A7B519,ART0067,Neon Rain,Ember Bones,rnb,2023-10-21,2023,207593.0,False,37.7,Niche
TRKE15568ABAF,ART0095,Velvet Tape,Silent Horizon,hyperpop,2022-12-16,2022,167622.0,False,17.7,Flop
TRKC929296704,ART0019,Wildfire Bones,Glass Shadows,hip_hop,2024-02-28,2024,157930.0,False,74.9,Hit
TRKF21490C4E5,ART0113,Velvet Dust,Wild Signals,hyperpop,2023-07-06,2023,238714.0,False,56.4,Mid
TRK9BD9581336,ART0082,Aftertaste Glow,Ember Streets,rnb,2025-04-22,2025,161676.0,False,55.7,Mid
TRKC2746A6A50,ART0003,Skyline Gold,Neon Nights,kpop,2021-07-22,2021,180630.0,False,32.2,Niche
TRKE71D7FBC45,ART0083,Static Gold,Echo Rivers,classical,2024-02-09,2024,229082.0,False,15.1,Flop
TRKA0E089B2E9,ART0070,Gravity Bones,Faded Shadows,lofi,2021-06-22,2021,156022.0,False,13.9,Flop
TRKE676BDF086,ART0129,Neon Lights,Silent Static,metal,2021-07-07,2021,206194.0,False,14.5,Flop
TRK9F73F30720,ART0065,Skyline Lights,Golden Skies,indie,2022-09-10,2022,277141.0,False,29.1,Niche
TRKEED5B065A5,ART0019,Fever Gold,Glass Shadows,hip_hop,2025-12-24,2025,224690.0,False,30.5,Niche
TRK1514724BAD,ART0098,Skyline Static,Static Static,country,2022-12-04,2022,201770.0,False,30.7,Niche
TRK94123450B0,ART0098,Sunday Heart,Static Static,country,2020-04-24,2020,217633.0,False,21.6,Niche
TRK1E35D996B2,ART0050,Gravity Static,Silent Dreams,rock,2022-03-21,2022,197758.0,False,41.5,Mid
TRK5E0A3B1AD8,ART0058,Neon Dust,Electric Nights,edm,2022-09-21,2022,176685.0,False,32.8,Niche
TRK41CCA7C89C,ART0030,Runaway Bones,Static Streets,afrobeats,2025-04-07,2025,168408.0,False,53.3,Mid
TRK0E44AC721B,ART0050,Fever Glow,Silent Dreams,rock,2024-10-12,2024,215340.0,False,41.0,Mid
TRK960698A0AB,ART0027,Sunday Glow,Crimson Shadows,hip_hop,2020-06-26,2020,225670.0,True,14.8,Flop
TRKFE6E0DB3BE,ART0099,Wildfire Tape,Wild Signals,jazz,2026-07-02,2026,220223.0,False,30.4,Niche
TRKAD82615687,ART0008,Lonely Tape,Static Streets,latin,2020-02-07,2020,182158.0,False,45.1,Mid
TRKFA317D5164,ART0116,Paper Static,Paper Roses,rock,2026-05-16,2026,271838.0,False,39.9,Niche
TRKD8034884B1,ART0119,Skyline Rain,Neon Hearts,lofi,2026-10-12,2026,216176.0,False,27.6,Niche
TRKFFF7E9BEB4,ART0014,Skyline Signal,Static Dreams,rnb,2026-12-26,2026,206270.0,False,44.2,Mid
TRK31E2748FF0,ART0032,Neon Blue,Glass Rivers,metal,2021-12-03,2021,166576.0,False,34.3,Niche
TRK3F6D5EE8B0,ART0070,Sunday Fire,Hollow Shadows,lofi,2024-08-07,2024,189041.0,False,26.2,Niche
TRK9E2A7C0893,ART0083,Aftertaste Fire,Paper Skies,classical,2023-05-29,2023,215664.0,False,4.9,Flop
TRK6758FF88E9,ART0074,Echoes Gold,Silent Horizon,classical,2025-03-25,2025,167351.0,False,0.0,Flop
TRK8B3641A95E,ART0098,Overdrive Motion,Static Static,country,2021-09-13,2021,203347.0,False,31.6,Niche
TRK85D1DE2DC6,ART0032,Sunday Motion,Golden Roses,metal,2022-03-11,2022,121514.0,False,17.3,Flop
TRKF3D6DDD814,ART0030,Runaway Dust,Paper Shadows,afrobeats,2023-01-15,2023,234534.0,False,43.9,Mid
TRKC2BEF0A67C,ART0103,Runaway Signal,Broken Roses,hip_hop,2020-09-07,2020,199949.0,True,37.0,Niche
TRK37CEC5C4F4,ART0090,Runaway Ghost,Neon Rivers,classical,2025-07-20,2025,146944.0,False,9.9,Flop
TRKC4BE0B876B,ART0013,Paper Sky,Paper Rivers,hip_hop,2020-02-01,2020,199980.0,True,47.8,Mid
TRK0503250D43,ART0048,Echoes Fire,Faded Lights,latin,2025-05-14,2025,221285.0,False,86.5,Viral Hit
TRK949DFDCF42,ART0110,Skyline Bones,Crimson Rivers,edm,2023-03-12,2023,227021.0,False,47.8,Mid
TRKD47B32D49D,ART0100,Static Lights,Neon Lights,classical,2024-08-24,2024,172703.0,False,9.3,Flop
TRK212A6F6155,ART0092,Wildfire Dust,Paper Dreams,afrobeats,2021-01-21,2021,207721.0,False,28.8,Niche
TRKCAE87B79E0,ART0070,Echoes Glow,Hollow Shadows,lofi,2025-05-06,2025,163834.0,False,19.5,Flop
TRK694FDCE929,ART0114,Paper Sky,Silent Horizon,rnb,2021-07-08,2021,179708.0,False,32.7,Niche
TRK41E197B19F,ART0071,Overdrive Dust,Neon Nights,rnb,2025-10-13,2025,217027.0,False,39.6,Niche
TRKBD7EBE1480,ART0025,Skyline Gold,Broken Rivers,rnb,2020-08-31,2020,212618.0,False,27.8,Niche
TRK69106DC3E3,ART0119,Velvet Lights,Ember Ashes,lofi,2023-10-16,2023,202639.0,False,38.2,Niche
TRK62B34F8787,ART0127,Wildfire Blue,Broken Horizon,hip_hop,2024-12-22,2024,165258.0,True,17.1,Flop
TRKA5C79BAC46,ART0098,Slowburn Ghost,Static Static,country,2025-06-19,2025,179195.0,False,40.4,Mid
TRK202FC22B06,ART0043,Paper Signal,Velvet Streets,hip_hop,2022-10-28,2022,184925.0,False,41.1,Mid
TRK8A407435AA,ART0012,Overdrive Rain,Broken Ashes,hyperpop,2024-01-12,2024,180329.0,False,34.5,Niche
TRK5DAB6D5D4A,ART0002,Sunday Glow,Hollow Horizon,rnb,2020-11-01,2020,177922.0,False,22.0,Niche
TRKAB429E9D56,ART0108,Slowburn Glow,Electric Lights,pop,2025-05-30,2025,258726.0,True,30.5,Niche
TRKB6523C462F,ART0077,Fever Motion,Faded Hearts,metal,2021-04-08,2021,170658.0,False,4.7,Flop
TRK81EFABB173,ART0005,Static Ghost,Broken Ashes,metal,2026-09-21,2026,191369.0,False,31.8,Niche
TRK44499E219D,ART0069,Wildfire Static,Wild Roses,lofi,2026-05-13,2026,221004.0,False,25.6,Niche
TRK44BA574C5C,ART0055,Neon Rain,Broken Waves,rnb,2026-08-28,2026,181436.0,False,14.0,Flop
TRKC2B5BD8218,ART0082,Paper Signal,Ember Streets,rnb,2023-03-13,2023,228243.0,False,41.0,Mid
TRKA689FAD23A,ART0052,Fever Blue,Electric Bones,kpop,2023-08-04,2023,233226.0,False,38.3,Niche
TRK3D6F5881AF,ART0023,Paper Motion,Midnight Lights,latin,2020-01-09,2020,207702.0,False,34.6,Niche
TRKC7D2F77EE5,ART0004,Sunday Lights,Ember Shadows,hip_hop,2025-03-30,2025,195863.0,False,33.1,Niche
TRKCE3FF6BD41,ART0017,Echoes Sky,Static Rivers,pop,2025-11-10,2025,231483.0,False,48.6,Mid
TRK823B346329,ART0039,Skyline Tape,Hollow Tapes,pop,2024-04-28,2024,235494.0,False,41.2,Mid
TRKF956472560,ART0053,Neon Gold,Electric Lights,indie,2024-12-11,2024,213189.0,True,23.2,Niche
TRKB796BBBCFD,ART0101,Skyline Lights,Velvet Signals,hyperpop,2022-04-09,2022,227587.0,True,38.6,Niche
TRK2A8B199D28,ART0123,Runaway Motion,Hollow Static,country,2022-05-23,2022,181344.0,False,24.7,Niche
TRKDD3054C245,ART0068,Overdrive Glow,Velvet Horizon,hip_hop,2023-06-24,2023,202361.0,False,38.4,Niche
TRK679D592517,ART0109,Wildfire Blue,Silent Skies,metal,2023-03-28,2023,230032.0,False,15.3,Flop
TRK1F8D373818,ART0080,Gravity Fire,Golden Dreams,afrobeats,2022-04-29,2022,208610.0,False,52.9,Mid
TRKF65EDE1701,ART0015,Echoes Motion,Hollow Skies,hip_hop,2023-08-11,2023,274811.0,False,37.5,Niche
TRK54CF741599,ART0006,Wildfire Signal,Silent Ashes,afrobeats,2023-07-21,2023,229857.0,False,25.5,Niche
TRK4D34DDDB57,ART0034,Sunday Dust,Golden Rivers,lofi,2022-06-11,2022,197758.0,True,20.0,Flop
TRKCDE3DD6A47,ART0104,Sunday Signal,Glass Signals,classical,2021-07-09,2021,184953.0,False,0.0,Flop
TRKC476CFA05E,ART0012,Runaway Lights,Electric Skies,hyperpop,2020-07-01,2020,174110.0,False,38.2,Niche
TRK7B696D6EE4,ART0080,Velvet Static,Golden Dreams,afrobeats,2025-04-22,2025,219469.0,False,65.7,Hit
TRKBA484C8413,ART0102,Static Glow,Electric Rivers,kpop,2023-11-06,2023,192902.0,False,47.9,Mid
TRK448F2EC250,ART0010,Aftertaste Bones,Glass Tapes,rock,2025-06-20,2025,190173.0,False,35.8,Niche
TRK2E2E907F9D,ART0124,Slowburn Dust,Echo Roses,afrobeats,2025-04-10,2025,160267.0,False,70.7,Hit
TRK723EE402E0,ART0074,Overdrive Fire,Silent Horizon,classical,2023-10-28,2023,164574.0,False,3.7,Flop
TRK9B1E19F83B,ART0124,Neon Signal,Echo Roses,afrobeats,2024-06-28,2024,254482.0,False,63.6,Hit
TRKDAB0C88487,ART0002,Wildfire Motion,Hollow Horizon,rnb,2025-07-07,2025,281579.0,False,23.2,Niche
TRKD70EBF6371,ART0061,Overdrive Bones,Crimson Bones,edm,2023-04-27,2023,256394.0,False,45.2,Mid
TRKE1392F6EF2,ART0056,Velvet Tape,Echo Shadows,kpop,2025-12-10,2025,143419.0,False,49.7,Mid
TRKC17DC3273D,ART0126,Runaway Sky,Broken Roses,indie,2025-11-14,2025,193884.0,False,37.5,Niche
TRK1720630958,ART0100,Lonely Blue,Neon Lights,classical,2026-03-03,2026,217300.0,True,0.1,Flop
TRKE9C0DEC246,ART0053,Aftertaste Gold,Electric Lights,indie,2024-02-08,2024,234811.0,False,18.1,Flop
TRK5A6218B3CD,ART0101,Static Ghost,Velvet Signals,hyperpop,2020-11-01,2020,220316.0,True,15.8,Flop
TRK45F39252C1,ART0047,Echoes Dust,Wild Rivers,hyperpop,2021-05-11,2021,181057.0,False,31.7,Niche
TRKA6CBF89B91,ART0004,Slowburn Static,Ember Shadows,hip_hop,2021-01-27,2021,216603.0,False,34.5,Niche
TRK9878657C0C,ART0089,Velvet Glow,Midnight Skies,pop,2022-05-28,2022,197213.0,False,31.9,Niche
TRK9168041F8A,ART0029,Echoes Lights,Faded Lights,rock,2023-05-26,2023,148502.0,False,18.2,Flop
TRK5C7EFC6518,ART0098,Velvet Motion,Static Static,country,2022-07-29,2022,184260.0,False,29.5,Niche
TRK2429FB98D3,ART0047,Neon Glow,Wild Rivers,hyperpop,2023-04-15,2023,206293.0,True,28.7,Niche
TRKF912236D77,ART0104,Slowburn Dust,,classical,2022-05-22,2022,169724.0,False,0.0,Flop
TRK248A7A2223,ART0111,Static Signal,Midnight Lights,afrobeats,2023-07-22,2023,174720.0,False,39.5,Niche
TRK5B50CF9069,ART0084,Runaway Rain,Neon Lights,afrobeats,2023-04-09,2023,213756.0,False,74.8,Hit
TRKAE81E27752,ART0108,Velvet Gold,Electric Lights,pop,2024-01-03,2024,174104.0,False,34.2,Niche
TRK253155C67B,ART0067,Neon Gold,Ember Bones,rnb,2022-04-05,2022,247694.0,False,36.0,Niche
TRK344081E827,ART0023,Gravity Ghost,Midnight Lights,latin,2025-11-14,2025,230372.0,False,64.4,Hit
TRK4C18A4CCD1,ART0029,Fever Blue,Faded Lights,rock,2025-08-02,2025,200948.0,False,21.1,Niche
TRK17DB715B4B,ART0112,Paper Glow,Wild Signals,jazz,2024-03-31,2024,262052.0,False,52.9,Mid
TRK9156AA88C7,ART0001,Overdrive Motion,Broken Rivers,lofi,2020-07-01,2020,259389.0,False,22.2,Niche
TRK870BCD12F3,ART0033,Aftertaste Blue,Glass Lights,latin,2026-03-23,2026,174807.0,False,60.2,Hit
TRKD53C4BFEC5,ART0042,Paper Fire,Static Tapes,kpop,2026-09-04,2026,209548.0,False,62.8,Hit
TRKC6C1DB3B9E,ART0055,Aftertaste Blue,Broken Waves,rnb,2022-10-15,2022,,False,22.5,Niche
TRK45A58D9F33,ART0073,Runaway Rain,Echo Tapes,latin,2021-11-04,2021,204437.0,False,41.0,Mid
TRKEBB73A637A,ART0001,Static Motion,Broken Rivers,lofi,2026-08-24,2026,152586.0,False,44.9,Mid
TRK58CBB1EF87,ART0066,Static Signal,Electric Signals,afrobeats,2021-11-07,2021,177669.0,False,28.8,Niche
TRKEF9F298A87,ART0058,Wildfire Static,Electric Nights,edm,2024-11-08,2024,218480.0,False,24.7,Niche
TRK74CA7FDBB1,ART0070,Aftertaste Gold,Hollow Shadows,lofi,2021-05-05,2021,176645.0,False,22.9,Niche
TRKE1F6135A62,ART0097,Skyline Dust,Velvet Horizon,kpop,2021-03-11,2021,242463.0,False,26.3,Niche
TRKA0092322F7,ART0091,Gravity Fire,Hollow Signals,edm,2026-08-03,2026,228220.0,False,36.1,Niche
TRKEBF6CB1D9D,ART0036,Fever Motion,Echo Bones,rnb,2025-09-06,2025,285944.0,False,36.6,Niche
TRK308AA3B262,ART0035,Slowburn Rain,Velvet Lights,edm,2026-06-30,2026,249060.0,False,47.3,Mid
TRKEF25D7D98A,ART0127,Skyline Motion,Broken Horizon,hip_hop,2025-12-06,2025,,False,26.8,Niche
TRKE597D604EA,ART0110,Wildfire Ghost,Crimson Rivers,edm,2020-11-28,2020,179522.0,False,37.4,Niche
TRKB59A9572E4,ART0042,Neon Gold,Static Tapes,kpop,2026-12-14,2026,167946.0,False,49.3,Mid
TRKE8AFB0636A,ART0011,Skyline Heart,Paper Tapes,hyperpop,2026-08-18,2026,240146.0,True,7.7,Flop
TRK6DCE0F704E,ART0093,Wildfire Glow,Static Bones,lofi,2023-12-01,2023,218326.0,False,23.0,Niche
TRKB0C16277BB,ART0058,Runaway Lights,Electric Nights,edm,2022-09-01,2022,166095.0,False,31.2,Niche
TRKF07EFF5482,ART0124,Static Tape,Echo Roses,afrobeats,2022-12-22,2022,153370.0,False,52.0,Mid
TRK64C77325BB,ART0024,Fever Bones,Echo Horizon,metal,2025-07-11,2025,146951.0,False,26.9,Niche
TRK0742E41B42,ART0037,Skyline Lights,Ember Roses,rnb,2022-10-05,2022,127081.0,False,28.9,Niche
TRK76129DE937,ART0027,Sunday Motion,Crimson Shadows,hip_hop,2021-07-14,2021,139548.0,False,28.9,Niche
TRK09AC5FD7C7,ART0109,Neon Ghost,Wild Horizon,metal,2024-03-30,2024,210599.0,True,34.3,Niche
TRK9EC01586FB,ART0116,Slowburn Ghost,Echo Ashes,rock,2021-01-31,2021,268908.0,False,33.6,Niche
TRK243D9FC286,ART0043,Skyline Heart,Midnight Skies,hip_hop,2023-08-21,2023,248633.0,False,50.7,Mid
TRK75B714683E,ART0001,Slowburn Sky,Broken Rivers,lofi,2023-05-04,2023,214759.0,False,29.4,Niche
TRKA35232868C,ART0026,Fever Blue,Electric Tapes,indie,2022-09-08,2022,129352.0,False,23.1,Niche
TRK0E3927DFC7,ART0022,Slowburn Heart,Static Tapes,classical,2020-06-22,2020,232731.0,False,0.0,Flop
TRKF8D1541D78,ART0121,Lonely Static,Broken Signals,pop,2020-07-22,2020,223104.0,False,18.9,Flop
TRK6BF8D6324D,ART0062,Runaway Rain,Velvet Ashes,lofi,2022-02-04,2022,264370.0,False,33.4,Niche
TRK264D1EFDE7,ART0069,Overdrive Rain,,lofi,2021-12-28,2021,190724.0,False,19.0,Flop
TRK4CF8A84C07,ART0046,Slowburn Glow,Silent Static,rnb,2024-09-17,2024,228574.0,True,25.0,Niche
TRK1237E2CF8F,ART0055,Skyline Static,Broken Waves,rnb,2024-06-22,2024,209346.0,False,17.5,Flop
TRK2A8E14F431,ART0010,Overdrive Fire,Glass Tapes,rock,2025-05-15,2025,162098.0,False,25.3,Niche
TRK7E7AAEA7C1,ART0012,Sunday Gold,Broken Ashes,hyperpop,2021-02-23,2021,255231.0,False,48.4,Mid
TRKC9D4AFD082,ART0011,Echoes Blue,Paper Tapes,hyperpop,2026-09-08,2026,143371.0,False,14.0,Flop
TRK92CE1807ED,ART0032,Velvet Sky,Golden Roses,metal,2022-06-09,2022,248103.0,True,17.0,Flop
TRKE52C04B7B1,ART0073,Runaway Rain,Echo Tapes,latin,2025-04-19,2025,194490.0,False,60.5,Hit
TRKDA9D5D7009,ART0096,Slowburn Heart,Glass Dreams,kpop,2022-04-08,2022,188405.0,True,36.8,Niche
TRKAB1024BF0F,ART0116,Fever Fire,Echo Ashes,rock,2022-08-10,2022,217217.0,True,33.7,Niche
TRK3D3D98A485,ART0080,Skyline Motion,Golden Dreams,afrobeats,2020-07-01,2020,197779.0,False,34.7,Niche
TRKC075659E86,ART0112,Paper Gold,Wild Signals,jazz,2022-07-17,2022,242159.0,False,21.3,Niche
TRKF6F6623775,ART0101,Skyline Lights,Velvet Signals,hyperpop,2024-11-25,2024,,True,27.6,Niche
TRKBB60297998,ART0108,Wildfire Rain,Electric Lights,pop,2026-07-11,2026,248955.0,True,21.5,Niche
TRKE37C6BAFE5,ART0130,Sunday Glow,Ember Nights,kpop,2023-01-16,2023,267518.0,False,51.2,Mid
TRK3ED80D339E,ART0025,Neon Tape,Velvet Hearts,rnb,2023-05-07,2023,230292.0,False,29.9,Niche
TRKAFA8129512,ART0119,Neon Blue,Neon Hearts,lofi,2024-12-08,2024,259728.0,False,35.6,Niche
TRK67B2A5C76D,ART0097,Wildfire Heart,Silent Static,kpop,2021-09-20,2021,299522.0,False,15.9,Flop
TRKFC8EBE475C,ART0025,Sunday Bones,Broken Rivers,rnb,2023-09-17,2023,186328.0,False,22.8,Niche
TRK135621BADF,ART0090,Wildfire Tape,Neon Rivers,classical,2020-01-26,2020,235798.0,False,2.8,Flop
TRK0BC6E81DB3,ART0124,Runaway Ghost,Echo Roses,afrobeats,2021-02-09,2021,203741.0,False,41.8,Mid
TRK9FF6E25F32,ART0058,Skyline Fire,Electric Nights,edm,2026-09-27,2026,224076.0,False,33.4,Niche
TRK7553586667,ART0069,Sunday Lights,Wild Roses,lofi,2024-08-28,2024,195618.0,False,18.7,Flop
TRKF31545B402,ART0087,Lonely Sky,Golden Hearts,rock,2026-02-22,2026,171940.0,False,35.7,Niche
TRKEF60F23F76,ART0078,Gravity Glow,,country,2026-08-14,2026,228110.0,False,36.4,Niche
TRKCC6B6F70BD,ART0119,Static Ghost,Neon Hearts,lofi,2026-05-18,2026,240672.0,False,26.1,Niche
TRK587469A6A4,ART0064,Echoes Blue,Wild Shadows,classical,2025-10-20,2025,220526.0,False,30.9,Niche
TRK2EF9E12711,ART0053,Skyline Rain,Electric Lights,indie,2023-01-24,2023,249390.0,False,17.9,Flop
TRK9E878C408F,ART0074,Aftertaste Signal,Silent Horizon,classical,2021-01-04,2021,200078.0,False,6.6,Flop
TRK6ACA19B3CD,ART0024,Lonely Motion,Echo Horizon,metal,2026-12-21,2026,174512.0,False,15.7,Flop
TRKCCF680FEF2,ART0076,Gravity Glow,Faded Roses,metal,2022-06-05,2022,208485.0,False,35.0,Niche
TRKCDD3368FCB,ART0058,Echoes Fire,Electric Nights,edm,2021-12-05,2021,,False,29.2,Niche
TRK771EA4ED09,ART0102,Paper Lights,Electric Rivers,kpop,2021-08-18,2021,146877.0,False,44.7,Mid
TRK4B36DF4880,ART0002,Velvet Signal,Hollow Horizon,rnb,2021-05-05,2021,167708.0,False,10.8,Flop
TRK0533B80892,ART0054,Overdrive Ghost,Glass Hearts,afrobeats,2023-11-12,2023,194103.0,False,43.8,Mid
TRK69BAC5BBC4,ART0027,Gravity Lights,Crimson Shadows,hip_hop,2026-09-05,2026,203571.0,False,24.6,Niche
TRK7240A4BFDD,ART0062,Velvet Blue,Velvet Ashes,lofi,2025-04-02,2025,204750.0,False,24.3,Niche
TRK541A1883A7,ART0032,Aftertaste Tape,Glass Rivers,metal,2024-10-02,2024,230809.0,False,15.1,Flop
TRKDAD83C0F5E,ART0112,Static Fire,Velvet Waves,jazz,2024-09-16,2024,211894.0,False,15.1,Flop
TRK4BAF5604F5,ART0046,Gravity Heart,Silent Static,rnb,2023-09-18,2023,207475.0,False,21.6,Niche
TRK987A1E1B65,ART0118,Gravity Static,Static Signals,metal,2021-09-21,2021,236593.0,False,5.0,Flop
TRK3B4D8FE669,ART0049,Paper Motion,Echo Lights,pop,2025-01-12,2025,234283.0,False,28.5,Niche
TRK8D54C5B45E,ART0011,Paper Motion,Paper Tapes,hyperpop,2025-01-06,2025,191398.0,False,17.7,Flop
TRK213D523B3D,ART0129,Velvet Blue,Midnight Roses,metal,2022-04-16,2022,177871.0,True,21.3,Niche
TRKB9D9A5DCB7,ART0040,Fever Sky,Echo Signals,hip_hop,2025-09-15,2025,211010.0,False,39.1,Niche
TRK112119DA42,ART0032,Wildfire Lights,Glass Rivers,metal,2022-12-27,2022,199203.0,False,16.0,Flop
TRK740350EB99,ART0068,Paper Tape,Crimson Streets,hip_hop,2020-12-31,2020,192886.0,False,31.6,Niche
TRK8162C179B9,ART0058,Aftertaste Tape,,edm,2025-04-14,2025,155486.0,False,32.6,Niche
TRKE65AEABDFC,ART0085,Skyline Gold,Crimson Streets,rock,2024-11-20,2024,172865.0,True,19.5,Flop
TRK311EB5F90C,ART0097,Runaway Lights,Silent Static,kpop,2026-08-17,2026,165381.0,False,38.4,Niche
TRKEB5E1F211C,ART0086,Velvet Fire,Echo Dreams,afrobeats,2026-08-25,2026,211710.0,False,73.8,Hit
TRK780D26F537,ART0010,Gravity Sky,Glass Tapes,rock,2026-06-04,2026,221197.0,False,30.8,Niche
TRK04DB8A112D,ART0098,Gravity Sky,Golden Hearts,country,2020-06-02,2020,200556.0,False,39.5,Niche
TRKDF6BD723F0,ART0035,Fever Static,Velvet Lights,edm,2021-04-14,2021,155665.0,False,46.7,Mid
TRK236F4E38FC,ART0123,Velvet Signal,Hollow Static,country,2021-01-12,2021,216299.0,False,25.6,Niche
TRK7E23EB7239,ART0109,Slowburn Motion,Silent Skies,metal,2021-09-12,2021,193396.0,False,0.8,Flop
TRK775B9D5606,ART0129,Wildfire Bones,Silent Static,metal,2026-03-09,2026,190579.0,False,18.1,Flop
TRK01891519DC,ART0084,Paper Sky,Neon Lights,afrobeats,2020-11-10,2020,203809.0,False,24.0,Niche
TRK930F827034,ART0088,Velvet Fire,Broken Shadows,rock,2025-11-22,2025,235073.0,False,24.6,Niche
TRK1B31331782,ART0107,Aftertaste Heart,Ember Signals,hip_hop,2020-04-07,2020,211623.0,True,21.2,Niche
TRK985F705F99,ART0037,Lonely Dust,Ember Roses,rnb,2021-12-12,2021,255980.0,False,15.3,Flop
TRKA6865FD0C5,ART0034,Echoes Ghost,Electric Static,lofi,2023-03-26,2023,225535.0,False,3.0,Flop
TRKCCE00AED28,ART0059,Fever Ghost,Hollow Rivers,hyperpop,2021-02-07,2021,192846.0,False,56.2,Mid
TRKBEE7490D6B,ART0059,Neon Bones,Hollow Rivers,hyperpop,2025-07-05,2025,272497.0,True,33.5,Niche
TRK963AC8F198,ART0015,Wildfire Motion,Hollow Skies,hip_hop,2022-01-10,2022,190262.0,True,22.3,Niche
TRK0944A995FA,ART0030,Neon Glow,Static Streets,afrobeats,2026-01-18,2026,249659.0,False,44.4,Mid
TRK371D80A350,ART0110,Aftertaste Signal,Crimson Rivers,edm,2020-02-09,2020,228022.0,False,29.4,Niche
TRKAA3674D7F6,ART0077,Runaway Gold,Faded Hearts,metal,2021-09-08,2021,206034.0,False,17.9,Flop
TRKDD5F97D985,ART0054,Neon Sky,Glass Hearts,afrobeats,2023-03-25,2023,232023.0,False,34.1,Niche
TRK74960A907B,ART0032,Paper Fire,Glass Rivers,metal,2023-04-18,2023,207832.0,False,19.6,Flop
TRK1674812CBC,ART0106,Fever Fire,Velvet Signals,metal,2022-05-08,2022,236991.0,False,15.8,Flop
TRK2135FE0D9E,ART0032,Overdrive Sky,Glass Rivers,metal,2026-12-28,2026,183119.0,False,21.0,Niche
TRK30537E35E6,ART0067,Lonely Glow,Golden Skies,rnb,2021-07-13,2021,204281.0,False,32.5,Niche
TRKFD5F0AE1DB,ART0129,Wildfire Sky,Velvet Signals,metal,2024-03-24,2024,206819.0,True,16.6,Flop
TRK46ED8C6F3C,ART0078,Neon Lights,Echo Tapes,country,2024-12-27,2024,115725.0,False,47.1,Mid
TRK23E6796A0F,ART0084,Skyline Motion,Neon Lights,afrobeats,2020-04-08,2020,204065.0,False,29.1,Niche
TRK932FCE71C1,ART0005,Aftertaste Gold,Broken Ashes,metal,2022-11-21,2022,193525.0,False,24.9,Niche
TRK8FF902CA05,ART0086,Runaway Gold,Echo Dreams,afrobeats,2026-04-28,2026,271643.0,False,49.4,Mid
TRKF383D9847B,ART0030,Paper Heart,Paper Shadows,afrobeats,2023-08-22,2023,205134.0,False,33.5,Niche
TRK494A28F3EF,ART0074,Echoes Static,Silent Horizon,classical,2023-09-04,2023,178154.0,False,0.0,Flop
TRK534F4C1EE2,ART0035,Sunday Bones,Velvet Lights,edm,2020-08-30,2020,232688.0,False,33.1,Niche
TRK77838976C0,ART0089,Aftertaste Lights,Midnight Skies,pop,2025-07-29,2025,193536.0,False,28.3,Niche
TRK9A3C7393BC,ART0046,Lonely Bones,Silent Static,rnb,2024-05-14,2024,174758.0,False,24.8,Niche
TRK6E1DC09719,ART0062,Lonely Rain,Velvet Ashes,lofi,2024-06-30,2024,198701.0,False,36.8,Niche
TRKC8E24F2327,ART0046,Sunday Signal,Silent Static,rnb,2020-12-25,2020,200104.0,False,5.0,Flop
TRK9483EA3647,ART0052,Fever Dust,Electric Bones,kpop,2025-04-08,2025,198020.0,False,37.7,Niche
TRK8F7E3EA94A,ART0008,Velvet Motion,Static Streets,latin,2025-05-27,2025,165809.0,False,63.9,Hit
TRK338598D4E6,ART0042,Lonely Rain,Static Tapes,kpop,2021-10-22,2021,199134.0,False,44.8,Mid
TRKC1F9BA86BA,ART0108,Static Motion,Electric Lights,pop,2021-11-09,2021,156432.0,False,24.1,Niche
TRKE647086177,ART0087,Lonely Signal,Golden Hearts,rock,2022-12-24,2022,180793.0,False,32.1,Niche
TRKF12DB26693,ART0077,Neon Rain,Velvet Lights,metal,2026-03-17,2026,233593.0,False,22.6,Niche
TRKF1B10B6FD5,ART0026,Velvet Gold,Glass Roses,indie,2026-06-11,2026,196617.0,False,22.0,Niche
TRK693A654580,ART0118,Echoes Gold,Golden Nights,metal,2022-11-12,2022,205093.0,False,20.0,Flop
TRK48FCA42186,ART0042,Skyline Bones,Static Tapes,kpop,2020-12-27,2020,246135.0,False,34.0,Niche
TRKBA4FFDF5E8,ART0045,Lonely Sky,Glass Hearts,country,2026-01-21,2026,146703.0,False,54.0,Mid
TRKE3604FC822,ART0010,Paper Bones,Glass Tapes,rock,2024-09-17,2024,180763.0,False,60.4,Hit
TRKF066F32BC0,ART0001,Runaway Ghost,Broken Rivers,lofi,2021-04-28,2021,219645.0,False,32.2,Niche
TRKB5B6824182,ART0069,Echoes Sky,Wild Roses,lofi,2020-06-14,2020,178074.0,False,5.0,Flop
TRKFB81826630,ART0087,Gravity Ghost,Wild Hearts,rock,2024-05-13,2024,231025.0,False,35.1,Niche
TRK4110C8EBBF,ART0030,Echoes Ghost,Static Streets,afrobeats,2024-10-26,2024,149942.0,False,53.7,Mid
TRK9BD717A524,ART0130,Paper Rain,Ember Nights,kpop,2025-03-02,2025,203147.0,False,50.7,Mid
TRKA6B5197767,ART0103,Neon Glow,Broken Roses,hip_hop,2020-10-14,2020,212635.0,False,38.3,Niche
TRK3CBE92CAFA,ART0117,Runaway Static,Midnight Tapes,jazz,2025-01-18,2025,208716.0,False,6.7,Flop
TRKD3F32A9C4B,ART0008,Velvet Dust,Static Streets,latin,2021-10-27,2021,178964.0,True,41.7,Mid
TRKD39A3D3E93,ART0110,Echoes Dust,Crimson Rivers,edm,2025-02-11,2025,262543.0,False,46.0,Mid
TRK9399858E70,ART0024,Runaway Ghost,Midnight Roses,metal,2022-04-27,2022,222306.0,False,33.4,Niche
TRK1F1EB49010,ART0075,Aftertaste Rain,Crimson Bones,country,2021-08-02,2021,189374.0,False,8.3,Flop
TRK5C11BE3DF9,ART0066,Gravity Rain,Broken Shadows,afrobeats,2023-07-19,2023,229876.0,False,41.7,Mid
TRK55EC4B56B7,ART0044,Aftertaste Fire,Electric Tapes,jazz,2023-12-14,2023,131325.0,False,11.8,Flop
TRK812C52CD63,ART0104,Slowburn Lights,Glass Signals,classical,2022-09-10,2022,290960.0,False,0.0,Flop
TRKE88B88057F,ART0124,Neon Bones,Echo Roses,afrobeats,2024-03-12,2024,190110.0,False,58.0,Mid
TRK6DD237D484,ART0061,Gravity Ghost,Crimson Bones,edm,2025-07-30,2025,176181.0,False,49.3,Mid
TRKAB99555045,ART0014,Lonely Ghost,Ember Static,rnb,2022-01-06,2022,134155.0,False,39.1,Niche
TRK232C59543E,ART0002,Overdrive Gold,Hollow Horizon,rnb,2026-08-28,2026,138734.0,False,20.7,Niche
TRK6410DA2E55,ART0063,Static Ghost,Ember Hearts,hyperpop,2025-04-21,2025,221985.0,True,10.8,Flop
TRKFAC143E386,ART0045,Skyline Ghost,Static Roses,country,2022-05-10,2022,252778.0,False,42.0,Mid
TRKE1E203A96D,ART0046,Aftertaste Heart,Silent Static,rnb,2021-05-08,2021,148510.0,False,21.7,Niche
TRKAED523299E,ART0008,Fever Sky,Static Streets,latin,2021-09-15,2021,197616.0,False,28.9,Niche
TRK51BD4A4FB5,ART0063,Static Tape,Ember Hearts,hyperpop,2025-12-26,2025,203883.0,False,21.0,Niche
TRKD66ECF0314,ART0020,Runaway Fire,Glass Shadows,rock,2024-05-31,2024,222080.0,False,39.1,Niche
TRK63CC2F3792,ART0064,Fever Heart,Wild Shadows,classical,2025-09-12,2025,198962.0,True,24.3,Niche
TRK7C91E43083,ART0089,Velvet Gold,Midnight Skies,pop,2025-06-28,2025,206498.0,False,52.5,Mid
TRK18402F4180,ART0030,Velvet Static,Static Streets,afrobeats,2025-11-07,2025,262707.0,False,53.5,Mid
TRKAFC4718B4E,ART0047,Wildfire Blue,Wild Rivers,hyperpop,2021-05-06,2021,180564.0,False,39.9,Niche
TRKAC47DF4C58,ART0071,Skyline Motion,Neon Nights,rnb,2023-03-16,2023,206551.0,False,29.7,Niche
TRK3C562CC4C0,ART0082,Sunday Heart,Ember Streets,rnb,2024-02-26,2024,238379.0,False,43.7,Mid
TRKF7BDF3840B,ART0059,Paper Rain,Hollow Rivers,hyperpop,2024-10-06,2024,159439.0,False,26.8,Niche
TRKCCEB09E039,ART0094,Slowburn Ghost,Paper Tapes,rnb,2023-10-19,2023,217057.0,False,24.8,Niche
TRK7A1BDC6634,ART0125,Paper Signal,Wild Tapes,kpop,2022-01-10,2022,206224.0,False,32.0,Niche
TRKE202DE5645,ART0096,Gravity Glow,Glass Dreams,kpop,2020-05-29,2020,192778.0,False,33.9,Niche
TRK5961EFC077,ART0051,Skyline Motion,Electric Waves,afrobeats,2023-08-05,2023,188028.0,False,51.9,Mid
TRKE1268C3F57,ART0042,Lonely Blue,Static Tapes,kpop,2023-03-10,2023,232453.0,False,44.2,Mid
TRK1415984CBC,ART0121,Fever Fire,Golden Shadows,pop,2021-08-09,2021,234351.0,True,17.3,Flop
TRK82EF473DFA,ART0107,Runaway Rain,Ember Signals,hip_hop,2021-10-08,2021,254841.0,True,26.1,Niche
TRK37025A2DB6,ART0095,Wildfire Ghost,Silent Horizon,hyperpop,2026-07-01,2026,228303.0,True,3.1,Flop
TRK388692EE66,ART0056,Paper Heart,Echo Shadows,kpop,2024-11-03,2024,165127.0,False,48.6,Mid
TRKFE098F46FD,ART0001,Fever Dust,Broken Rivers,lofi,2022-07-08,2022,179966.0,False,36.4,Niche
TRKEBC00E0E16,ART0060,Aftertaste Lights,Golden Streets,afrobeats,2024-09-19,2024,250944.0,False,64.7,Hit
TRKFA45D84BCB,ART0119,Velvet Bones,Neon Hearts,lofi,2023-05-04,2023,219941.0,False,28.9,Niche
TRK2E90D806F9,ART0101,Lonely Sky,Velvet Signals,hyperpop,2024-09-21,2024,182141.0,True,23.1,Niche
TRK840A0DE734,ART0039,Slowburn Lights,Hollow Tapes,pop,2024-11-13,2024,179510.0,False,41.9,Mid
TRK7912708656,ART0119,Sunday Fire,Neon Hearts,lofi,2026-12-24,2026,199304.0,False,39.7,Niche
TRKF732C7D834,ART0118,Overdrive Lights,Golden Nights,metal,2022-04-15,2022,249291.0,False,11.0,Flop
TRKBBF2AF3EFB,ART0036,Sunday Ghost,Echo Bones,rnb,2021-05-18,2021,225629.0,False,19.5,Flop
TRKDC9ED00816,ART0110,Echoes Fire,Crimson Rivers,edm,2023-01-28,2023,236045.0,True,52.9,Mid
TRK7EECEE5731,ART0126,Skyline Heart,Broken Roses,indie,2020-10-04,2020,235619.0,False,30.7,Niche
TRKB3D9D40D5C,ART0032,Skyline Sky,Golden Roses,metal,2024-09-07,2024,273274.0,True,13.0,Flop
TRKA34673F1D9,ART0021,Velvet Rain,Echo Streets,latin,2025-10-09,2025,174428.0,False,56.5,Mid
TRKE7FEB615D9,ART0048,Wildfire Bones,Faded Lights,latin,2021-08-24,2021,240191.0,False,54.0,Mid
TRK4AEDBB75FD,ART0024,Slowburn Static,Echo Horizon,metal,2021-03-14,2021,270040.0,False,20.9,Niche
TRKE6D7C35BF5,ART0064,Sunday Sky,Wild Shadows,classical,2024-02-16,2024,203424.0,False,19.2,Flop
TRK50D170AFB0,ART0006,Slowburn Rain,Silent Ashes,afrobeats,2022-03-04,2022,241284.0,False,22.1,Niche
TRKDFE2A59FDE,ART0042,Echoes Tape,Static Tapes,kpop,2024-10-14,2024,225156.0,True,55.6,Mid
TRKA423ECB986,ART0107,Neon Dust,Ember Signals,hip_hop,2025-05-14,2025,207787.0,False,21.6,Niche
TRKBDE0C012BA,ART0026,Fever Sky,Glass Roses,indie,2020-10-27,2020,187762.0,False,20.3,Niche
TRK9B0F84FBE6,ART0070,Aftertaste Bones,Faded Shadows,lofi,2026-05-05,2026,186678.0,False,11.1,Flop
TRK9E4B100E76,ART0008,Skyline Static,Static Streets,latin,2025-07-15,2025,210364.0,False,52.9,Mid
TRKE444D28343,ART0100,Lonely Static,Neon Lights,classical,2021-09-02,2021,244131.0,False,6.9,Flop
TRKEA014B4426,ART0041,Gravity Dust,Paper Dreams,afrobeats,2024-01-25,2024,176998.0,False,66.3,Hit
TRK8E7BE3EB6C,ART0066,Velvet Fire,Electric Signals,afrobeats,2021-12-27,2021,182152.0,False,30.4,Niche
TRK34ABED7D01,ART0068,Neon Rain,Velvet Horizon,hip_hop,2026-02-18,2026,218923.0,True,37.5,Niche
TRKE4E4FC8774,ART0108,Sunday Heart,Velvet Rivers,pop,2022-07-26,2022,,False,19.7,Flop
TRKE6357DAB07,ART0048,Overdrive Motion,Faded Lights,latin,2025-10-16,2025,209392.0,False,73.3,Hit
TRKBC9720244D,ART0126,Gravity Sky,Midnight Bones,indie,2024-09-10,2024,204717.0,False,43.3,Mid
TRKF9D66DDE7F,ART0088,Echoes Signal,Broken Shadows,rock,2020-11-25,2020,199499.0,False,18.5,Flop
TRK731DB9C7AE,ART0112,Wildfire Sky,Velvet Waves,jazz,2025-12-07,2025,204131.0,True,16.0,Flop
TRKF64B0C7252,ART0086,Sunday Blue,Echo Dreams,afrobeats,2020-04-01,2020,144216.0,False,36.6,Niche
TRKFCCCBE2B84,ART0056,Neon Tape,Echo Shadows,kpop,2021-09-09,2021,213519.0,False,33.7,Niche
TRK3FCAB773EC,ART0028,Sunday Fire,Ember Waves,country,2020-12-27,2020,140438.0,False,4.0,Flop
TRKF86E14201B,ART0030,Lonely Bones,Paper Shadows,afrobeats,2023-05-27,2023,201691.0,False,42.1,Mid
TRK4ACA5F59B5,ART0068,Gravity Sky,Crimson Streets,hip_hop,2024-11-19,2024,261195.0,False,35.9,Niche
TRK92050BAA48,ART0112,Sunday Motion,Velvet Waves,jazz,2022-04-01,2022,210695.0,False,21.8,Niche
TRK0836FBA8C6,ART0123,Static Ghost,Hollow Static,country,2024-06-22,2024,185109.0,False,43.0,Mid
TRK1C9EA9C705,ART0075,Overdrive Sky,Crimson Bones,country,2021-01-06,2021,254194.0,False,19.1,Flop
TRKEBEA37D2B5,ART0067,Sunday Blue,Golden Skies,rnb,2021-12-12,2021,281146.0,False,29.6,Niche
TRK54374848DC,ART0128,Fever Dust,Electric Streets,jazz,2020-03-14,2020,184133.0,False,10.9,Flop
TRK0A6628EA5D,ART0097,Slowburn Sky,Velvet Horizon,kpop,2020-11-14,2020,199059.0,False,22.9,Niche
TRKA60B1A7D22,ART0037,Slowburn Bones,Ember Roses,rnb,2020-02-23,2020,194638.0,False,13.2,Flop
TRK328FB46F57,ART0011,Sunday Rain,Paper Tapes,hyperpop,2020-05-17,2020,226330.0,False,8.8,Flop
TRKA8981BE0EE,ART0098,Fever Sky,Static Static,country,2020-08-04,2020,196840.0,False,33.6,Niche
TRKCEBAC13511,ART0112,Neon Lights,Wild Signals,jazz,2020-07-22,2020,207441.0,False,1.8,Flop
TRK0A7D28F1AD,ART0074,Fever Motion,Silent Horizon,classical,2020-11-04,2020,178130.0,False,5.3,Flop
TRKDADF39E197,ART0119,Aftertaste Tape,Neon Hearts,lofi,2024-07-28,2024,202011.0,False,36.8,Niche
TRKAC9ACF3171,ART0016,Neon Motion,Crimson Signals,afrobeats,2023-03-04,2023,187432.0,False,53.5,Mid
TRKD4BBE452C4,ART0006,Velvet Signal,Silent Ashes,afrobeats,2026-09-02,2026,178709.0,False,39.7,Niche
TRK084B3DF074,ART0073,Paper Ghost,Echo Tapes,latin,2025-06-18,2025,209442.0,False,59.0,Mid
TRK27A29F93B9,ART0116,Fever Dust,Echo Ashes,rock,2020-06-18,2020,274319.0,False,14.9,Flop
TRK4343C38AD4,ART0070,Lonely Fire,Faded Shadows,lofi,2025-08-31,2025,146684.0,False,18.9,Flop
TRKD28F143F76,ART0125,Runaway Fire,Wild Tapes,kpop,2022-01-29,2022,186844.0,False,26.2,Niche
TRKA358291921,ART0004,Sunday Tape,Ember Shadows,hip_hop,2022-04-26,2022,172149.0,False,38.5,Niche
TRK3EE914C69F,ART0031,Runaway Glow,Wild Horizon,latin,2026-10-02,2026,,False,70.7,Hit
TRK0A39AFF07F,ART0086,Static Bones,Faded Ashes,afrobeats,2020-09-16,2020,192284.0,True,43.4,Mid
TRK4C713AF2E1,ART0101,Echoes Tape,Velvet Signals,hyperpop,2024-06-27,2024,174538.0,False,26.3,Niche
TRK90537C1459,ART0129,Gravity Rain,Silent Static,metal,2021-08-09,2021,289246.0,False,23.9,Niche
TRK4A9DB53002,ART0044,Static Ghost,Electric Tapes,jazz,2023-10-29,2023,258565.0,False,27.0,Niche
TRKCF59980042,ART0108,Sunday Fire,Electric Lights,pop,2021-02-08,2021,208741.0,False,27.1,Niche
TRK80E3E4AF9A,ART0102,Echoes Heart,Electric Rivers,kpop,2021-10-18,2021,183486.0,False,45.6,Mid
TRKCEFBA353EB,ART0069,Velvet Motion,Wild Roses,lofi,2022-03-03,2022,238121.0,False,18.5,Flop
TRKE6E9EC76A4,ART0065,Sunday Fire,Golden Skies,indie,2023-07-18,2023,208285.0,False,17.9,Flop
TRK72CE668BC6,ART0089,Overdrive Signal,Midnight Skies,pop,2022-10-08,2022,198348.0,False,31.0,Niche
TRKB1621CCEE1,ART0013,Fever Motion,Paper Rivers,hip_hop,2021-10-27,2021,191628.0,False,46.2,Mid
TRKF978F6EBBC,ART0020,Overdrive Fire,Glass Shadows,rock,2025-01-12,2025,186534.0,False,23.3,Niche
TRKB344C6E083,ART0096,Lonely Signal,Glass Dreams,kpop,2026-07-12,2026,196895.0,False,41.6,Mid
TRK2BCCBC53CE,ART0061,Neon Motion,Crimson Bones,edm,2023-09-09,2023,184995.0,False,39.0,Niche
TRKF7F6BD8C05,ART0089,Slowburn Blue,Midnight Skies,pop,2020-03-15,2020,167862.0,False,31.0,Niche
TRKC1A5754402,ART0015,Sunday Blue,Hollow Skies,hip_hop,2025-05-02,2025,170286.0,False,41.2,Mid
TRK1E1B25A1AD,ART0014,Sunday Static,Ember Static,rnb,2020-03-08,2020,210974.0,False,33.2,Niche
TRK5807AA95FB,ART0036,Gravity Gold,Echo Bones,rnb,2026-01-05,2026,209841.0,False,37.0,Niche
TRK8824957C52,ART0060,Skyline Glow,Golden Streets,afrobeats,2023-10-17,2023,179860.0,False,54.9,Mid
TRK3DB78563B5,ART0007,Static Rain,Paper Dreams,metal,2021-03-10,2021,207640.0,False,22.2,Niche
TRK0AA8541574,ART0077,Runaway Glow,Faded Hearts,metal,2023-02-13,2023,136147.0,False,14.6,Flop
TRKAA929897BE,ART0104,Skyline Signal,Glass Signals,classical,2021-11-11,2021,197426.0,False,0.0,Flop
TRK19DF2AD4A5,ART0090,Skyline Static,Neon Rivers,classical,2024-09-17,2024,156136.0,False,0.0,Flop
TRK6ADE859193,ART0061,Sunday Static,Crimson Bones,edm,2025-09-08,2025,191883.0,False,41.8,Mid
TRK9BA1567DAE,ART0076,Gravity Heart,Faded Roses,metal,2026-08-28,2026,203148.0,False,20.9,Niche
TRK8A304ABC1C,ART0126,Neon Rain,Midnight Bones,indie,2026-04-06,2026,215756.0,False,39.3,Niche
TRK05BFED9ECD,ART0068,Lonely Gold,Crimson Streets,hip_hop,2026-11-11,2026,199690.0,False,36.7,Niche
TRK5029E23E04,ART0010,Echoes Gold,Glass Tapes,rock,2025-10-03,2025,155667.0,True,15.0,Flop
TRKB58EAD1234,ART0102,Fever Signal,Electric Rivers,kpop,2020-05-17,2020,240342.0,False,25.3,Niche
TRK51365EEC0E,ART0078,Sunday Tape,Echo Tapes,country,2021-02-25,2021,168430.0,False,15.4,Flop
TRKBA467E537E,ART0100,Paper Lights,Neon Lights,classical,2021-11-13,2021,200852.0,False,15.6,Flop
TRK19089FD893,ART0106,Gravity Sky,Velvet Signals,metal,2026-01-18,2026,162597.0,False,16.8,Flop
TRK7803D0AD5C,ART0034,Echoes Fire,Electric Static,lofi,2023-01-19,2023,218637.0,False,14.8,Flop
TRK8BF25D98D7,ART0045,Gravity Ghost,Static Roses,country,2024-10-22,2024,240900.0,False,46.7,Mid
TRKE7D1B410BF,ART0126,Lonely Signal,Midnight Bones,indie,2025-06-24,2025,129544.0,False,49.2,Mid
TRK09CC96326B,ART0109,Aftertaste Static,Wild Horizon,metal,2023-05-04,2023,219969.0,False,21.4,Niche
TRK2DF1AB8923,ART0054,Wildfire Heart,,afrobeats,2020-08-17,2020,276322.0,False,15.7,Flop
TRK8C09B16FA1,ART0129,Skyline Motion,Midnight Roses,metal,2020-02-16,2020,158748.0,False,12.6,Flop
TRK4CA1BBB901,ART0049,Aftertaste Dust,Wild Tapes,pop,2024-06-05,2024,190970.0,False,24.9,Niche
TRKEFABF0F770,ART0028,Runaway Glow,Midnight Static,country,2022-10-20,2022,186644.0,False,4.0,Flop
TRKB47BCEDCAC,ART0081,Static Bones,Crimson Signals,hyperpop,2021-05-06,2021,251981.0,True,20.0,Niche
TRK21334B6E6B,ART0014,Slowburn Tape,Static Dreams,rnb,2026-11-04,2026,205305.0,True,44.7,Mid
TRK34EDFCBC84,ART0119,Aftertaste Blue,Ember Ashes,lofi,2021-01-11,2021,213948.0,False,26.8,Niche
TRK696F2CFE99,ART0015,Gravity Sky,Hollow Skies,hip_hop,2020-12-28,2020,214368.0,False,28.8,Niche
TRKCA132E6CC4,ART0033,Paper Lights,Glass Lights,latin,2024-06-17,2024,173319.0,False,52.9,Mid
TRK7D044A1024,ART0125,Runaway Signal,Wild Tapes,kpop,2021-02-03,2021,213178.0,False,38.7,Niche
TRK7874D7378B,ART0053,Fever Tape,Electric Lights,indie,2023-03-13,2023,220985.0,False,15.9,Flop
TRK370E86B1B1,ART0034,Wildfire Rain,Electric Static,lofi,2020-10-02,2020,214101.0,False,10.1,Flop
TRK18EFFD061B,ART0017,Overdrive Ghost,Static Rivers,pop,2022-09-09,2022,196832.0,False,38.7,Niche
TRKC6EAEACB1A,ART0042,Gravity Dust,Static Tapes,kpop,2021-04-09,2021,199495.0,False,67.0,Hit
TRK833594BC97,ART0065,Skyline Glow,Golden Skies,indie,2022-11-21,2022,169850.0,False,19.2,Flop
TRK00AC1D5685,ART0039,Static Blue,Hollow Tapes,pop,2026-01-02,2026,161626.0,False,33.6,Niche
TRK87EB9F6492,ART0018,Lonely Heart,Electric Tapes,edm,2023-06-23,2023,173840.0,False,23.8,Niche
TRK01F44028FC,ART0059,Aftertaste Heart,Hollow Rivers,hyperpop,2023-03-28,2023,163823.0,False,42.5,Mid
TRK7263109DE3,ART0046,Sunday Ghost,Silent Static,rnb,2020-03-07,2020,109900.0,False,11.8,Flop
TRKE3EBE1186E,ART0068,Runaway Bones,Velvet Horizon,hip_hop,2024-02-11,2024,195051.0,True,31.0,Niche
TRKAEA6ABB49F,ART0047,Sunday Glow,Paper Signals,hyperpop,2024-10-19,2024,212792.0,True,16.1,Flop
TRKDAAB62D071,ART0112,Gravity Rain,Wild Signals,jazz,2024-07-14,2024,198007.0,True,11.0,Flop
TRK75D55D34BF,ART0118,Lonely Dust,Golden Nights,metal,2024-10-04,2024,218952.0,True,11.7,Flop
TRK5E8F99F493,ART0066,Fever Fire,Broken Shadows,afrobeats,2026-10-28,2026,259197.0,False,65.8,Hit
TRK31D41B3972,ART0048,Skyline Sky,Faded Lights,latin,2023-03-03,2023,266212.0,False,54.5,Mid
TRK93EA34B8B0,ART0074,Static Glow,Silent Horizon,classical,2025-07-05,2025,178478.0,False,2.5,Flop
TRK02ADC0AD9F,ART0042,Static Fire,Static Tapes,kpop,2022-01-06,2022,222744.0,False,61.3,Hit
TRKDFD7728074,ART0010,Echoes Motion,Glass Tapes,rock,2020-01-22,2020,183700.0,False,26.7,Niche
TRK83E8215911,ART0058,Skyline Dust,Electric Nights,edm,2023-12-02,2023,195862.0,False,27.9,Niche
TRKBE683647D7,ART0064,Overdrive Rain,Wild Shadows,classical,2021-10-05,2021,167803.0,False,23.5,Niche
TRK99A7121419,ART0015,Sunday Tape,Hollow Skies,hip_hop,2021-05-08,2021,172557.0,True,39.8,Niche
TRK27D5FD753B,ART0021,Sunday Glow,Echo Streets,latin,2025-05-16,2025,258758.0,False,58.0,Mid
TRK90B524A75A,ART0009,Skyline Dust,Hollow Skies,country,2023-04-12,2023,253741.0,False,46.8,Mid
TRKDE18E791FF,ART0048,Neon Dust,Faded Lights,latin,2025-05-30,2025,206244.0,False,62.7,Hit
TRK542A1EA60B,ART0019,Velvet Tape,Glass Shadows,hip_hop,2020-10-19,2020,214828.0,False,26.4,Niche
TRKFE2EEE0439,ART0067,Overdrive Static,Golden Skies,rnb,2026-02-13,2026,235073.0,False,39.7,Niche
TRK731F43018F,ART0056,Runaway Tape,Echo Shadows,kpop,2026-01-16,2026,192984.0,False,53.0,Mid
TRK23C07223CC,ART0022,Slowburn Static,Static Tapes,classical,2022-05-14,2022,160621.0,True,0.7,Flop
TRK48149C26B3,ART0097,Aftertaste Motion,Velvet Horizon,kpop,2025-04-02,2025,192929.0,False,28.0,Niche
TRKAF23C659B2,ART0002,Neon Sky,Midnight Ashes,rnb,2021-04-26,2021,221378.0,False,13.3,Flop
TRKFA84C6DECB,ART0031,Overdrive Lights,Electric Hearts,latin,2022-12-24,2022,215225.0,False,28.7,Niche
TRK1C2EC3368E,ART0113,Velvet Fire,Wild Signals,hyperpop,2026-12-12,2026,199428.0,True,46.3,Mid
TRK30E5C8161F,ART0099,Skyline Blue,Wild Signals,jazz,2022-05-31,2022,203615.0,False,14.3,Flop
TRKB38D9C5B9B,ART0032,Gravity Fire,Glass Rivers,metal,2020-03-02,2020,163141.0,False,9.5,Flop
TRK48A2C3E7C5,ART0013,Runaway Blue,Paper Rivers,hip_hop,2026-03-13,2026,244624.0,False,50.1,Mid
TRK955CB90AB9,ART0012,Sunday Sky,Broken Ashes,hyperpop,2023-08-18,2023,230845.0,False,35.8,Niche
TRK230F74DF80,ART0112,Static Rain,Velvet Waves,jazz,2024-08-23,2024,181400.0,False,20.3,Niche
TRK0B94D22416,ART0025,Sunday Ghost,Broken Rivers,rnb,2024-02-13,2024,203503.0,False,39.4,Niche
TRKC716EBA890,ART0033,Sunday Bones,Ember Hearts,latin,2021-04-02,2021,187941.0,False,50.3,Mid
TRK791BDEA5C5,ART0076,Velvet Bones,Faded Roses,metal,2021-01-27,2021,182239.0,False,26.0,Niche
TRK970F41E6A2,ART0064,Sunday Dust,Wild Shadows,classical,2026-07-06,2026,258930.0,False,26.9,Niche
TRK3AC7280B0E,ART0038,Aftertaste Lights,Electric Bones,classical,2020-08-16,2020,181648.0,False,8.7,Flop
TRKC8038B5422,ART0127,Gravity Ghost,Broken Horizon,hip_hop,2020-07-06,2020,246535.0,True,33.9,Niche
TRK27A142E80E,ART0016,Wildfire Lights,Crimson Signals,afrobeats,2026-03-09,2026,204804.0,False,89.7,Viral Hit
TRKD2BCE1F0B6,ART0083,Paper Gold,Paper Skies,classical,2025-04-01,2025,143860.0,False,6.4,Flop
TRK5B092BF99A,ART0099,Lonely Bones,Wild Signals,jazz,2026-10-22,2026,236306.0,False,18.3,Flop
TRKD3D942E78F,ART0007,Runaway Motion,Paper Dreams,metal,2020-03-27,2020,259743.0,False,19.1,Flop
TRKD8EFD85211,ART0095,Wildfire Sky,Silent Horizon,hyperpop,2023-10-27,2023,176616.0,False,13.4,Flop
TRK0B8A9ED98F,ART0008,Runaway Heart,Static Streets,latin,2024-10-23,2024,179432.0,False,42.3,Mid
TRKF5D8EE57A7,ART0052,Sunday Lights,Electric Bones,kpop,2025-03-06,2025,219642.0,False,34.5,Niche
TRKF0169DB91C,ART0031,Velvet Dust,Wild Horizon,latin,2020-07-20,2020,200466.0,True,17.3,Flop
TRK92DB1DA4A7,ART0128,Neon Blue,Electric Streets,jazz,2026-02-10,2026,206644.0,False,2.2,Flop
TRK89DF94B039,ART0065,Gravity Lights,Golden Skies,indie,2024-09-06,2024,139228.0,False,26.4,Niche
TRK55EE1014EC,ART0120,Paper Static,,rnb,2024-05-25,2024,243160.0,False,43.1,Mid
TRKA8E08B33A9,ART0026,Overdrive Tape,Electric Tapes,indie,2026-09-13,2026,175438.0,False,25.5,Niche
TRK474FC731AA,ART0012,Static Motion,Electric Skies,hyperpop,2021-04-03,2021,234689.0,False,40.8,Mid
TRKA7A66441C9,ART0088,Lonely Heart,Ember Horizon,rock,2025-08-31,2025,217713.0,False,17.7,Flop
TRK832235F87B,ART0070,Velvet Glow,Hollow Shadows,lofi,2026-06-06,2026,198099.0,False,17.7,Flop
TRK1E43BDA898,ART0097,Skyline Blue,,kpop,2026-09-05,2026,130329.0,False,35.7,Niche
TRK682A47EDFD,ART0109,Aftertaste Gold,Silent Skies,metal,2021-08-10,2021,210015.0,True,8.8,Flop
TRK64F70CF4FB,ART0075,Slowburn Heart,Crimson Bones,country,2023-03-11,2023,187504.0,False,16.9,Flop
TRK59F4E8DD2B,ART0084,Paper Sky,Neon Lights,afrobeats,2023-11-02,2023,226758.0,False,78.1,Hit
TRKCC9CA55DAB,ART0062,Velvet Lights,Velvet Ashes,lofi,2024-05-22,2024,197254.0,False,57.9,Mid
TRK59EF43772B,ART0062,Velvet Fire,Velvet Ashes,lofi,2021-04-13,2021,222628.0,False,22.9,Niche
TRK5A13A70CB1,ART0024,Aftertaste Rain,Echo Horizon,metal,2024-02-02,2024,214494.0,True,25.6,Niche
TRK4F8ECFA14B,ART0030,Overdrive Blue,Static Streets,afrobeats,2024-09-23,2024,247896.0,True,56.5,Mid
TRK8B5482E5BD,ART0077,Fever Fire,Faded Hearts,metal,2023-05-14,2023,242659.0,True,14.0,Flop
TRK59DE8145D3,ART0046,Aftertaste Bones,Silent Static,rnb,2025-07-12,2025,186982.0,True,18.6,Flop
TRK8A13B60C31,ART0024,Runaway Gold,Midnight Roses,metal,2023-04-16,2023,197697.0,False,22.7,Niche
TRK05C1788E54,ART0116,Slowburn Gold,Echo Ashes,rock,2026-10-05,2026,186239.0,False,25.7,Niche
TRKFC1CDF1480,ART0068,Paper Rain,Velvet Horizon,hip_hop,2021-07-14,2021,166694.0,True,36.9,Niche
TRKFFCD0AF657,ART0025,Lonely Signal,Broken Rivers,rnb,2023-08-12,2023,218088.0,False,38.4,Niche
TRKD70FCA6E0F,ART0023,Gravity Fire,Electric Horizon,latin,2023-09-26,2023,188503.0,False,41.1,Mid
TRKB2D7003CFC,ART0043,Skyline Blue,Velvet Streets,hip_hop,2022-12-11,2022,224254.0,True,39.1,Niche
TRK7AA02393DA,ART0100,Echoes Ghost,Neon Lights,classical,2022-01-05,2022,213369.0,False,11.3,Flop
TRKF9E71A5F45,ART0076,Gravity Glow,Faded Roses,metal,2021-08-29,2021,223030.0,False,23.5,Niche
TRKA192C84003,ART0114,Paper Dust,Silent Horizon,rnb,2026-08-01,2026,151299.0,False,33.5,Niche
TRK45FBC0DEAF,ART0024,Slowburn Motion,Midnight Roses,metal,2021-06-07,2021,168868.0,False,19.2,Flop
TRK01DAB72C6C,ART0120,Lonely Static,Glass Nights,rnb,2024-03-22,2024,164091.0,True,57.2,Mid
TRK5440A3EBBA,ART0088,Lonely Glow,Broken Shadows,rock,2025-11-08,2025,151134.0,True,17.8,Flop
TRK093EDF7585,ART0085,Echoes Tape,Crimson Streets,rock,2020-10-31,2020,164952.0,True,22.0,Niche
TRK229646FE99,ART0045,Skyline Rain,Glass Hearts,country,2026-04-02,2026,191832.0,True,49.8,Mid
TRKD8450C92F7,ART0020,Lonely Glow,Glass Shadows,rock,2020-09-06,2020,177416.0,True,35.1,Niche
TRK9B1E19F83B,ART0124,Neon Signal,Echo Roses,afrobeats,2024-06-28,2024,254482.0,False,63.6,Hit
TRKC91F8FFF59,ART0025,Echoes Ghost,Broken Rivers,rnb,2026-03-25,2026,171476.0,False,39.6,Niche
TRK3033C92902,ART0083,Fever Lights,Echo Rivers,classical,2021-12-02,2021,149069.0,False,8.0,Flop
TRK7D33B76D55,ART0050,Paper Rain,Silent Dreams,rock,2022-05-04,2022,197019.0,False,37.3,Niche
TRK95A652B3AF,ART0002,Fever Lights,Hollow Horizon,rnb,2022-02-17,2022,161261.0,True,14.1,Flop
TRK190B3C7095,ART0085,Slowburn Tape,Crimson Streets,rock,2026-02-08,2026,242745.0,True,7.2,Flop
TRKB4FF2F9B48,ART0007,Gravity Blue,Paper Dreams,metal,2025-04-28,2025,228714.0,False,24.0,Niche
TRK42C498551E,ART0066,Fever Rain,Electric Signals,afrobeats,2023-02-27,2023,202350.0,False,38.8,Niche
TRKC3018C3999,ART0101,Overdrive Bones,Velvet Signals,hyperpop,2020-06-27,2020,206874.0,False,20.5,Niche
TRKA528C65A5D,ART0029,Gravity Blue,Faded Lights,rock,2023-08-05,2023,273415.0,True,29.4,Niche
TRK4C66CF6BDB,ART0055,Skyline Heart,Broken Waves,rnb,2020-06-13,2020,238396.0,False,9.5,Flop
TRKD76A331F33,ART0125,Lonely Glow,Wild Tapes,kpop,2025-06-09,2025,246943.0,False,48.7,Mid
TRK85A7B129A2,ART0003,Lonely Fire,Neon Nights,kpop,2020-03-30,2020,202810.0,False,18.7,Flop
TRK01AD915C40,ART0087,Wildfire Heart,Wild Hearts,rock,2026-08-27,2026,188360.0,True,32.4,Niche
TRKE073B7722C,ART0111,Lonely Glow,Midnight Lights,afrobeats,2025-02-27,2025,152052.0,False,55.8,Mid
TRKC2C9BD2973,ART0049,Runaway Bones,Wild Tapes,pop,2021-07-06,2021,250882.0,True,13.9,Flop
TRKA5501025B6,ART0118,Paper Bones,Golden Nights,metal,2020-04-22,2020,218279.0,True,7.4,Flop
TRKCA17A8CA65,ART0047,Sunday Bones,Paper Signals,hyperpop,2022-12-25,2022,179052.0,False,39.5,Niche
TRK02776A8A0A,ART0090,Sunday Rain,Neon Rivers,classical,2021-12-20,2021,216196.0,False,0.0,Flop
TRK65BF3827D9,ART0062,Paper Static,Velvet Ashes,lofi,2023-01-02,2023,184859.0,False,29.4,Niche
TRKC07EF55516,ART0037,Neon Heart,Silent Bones,rnb,2021-01-31,2021,196318.0,False,56.8,Mid
TRKCA858561CA,ART0030,Aftertaste Fire,Paper Shadows,afrobeats,2021-11-15,2021,239888.0,False,28.9,Niche
TRK0C57C42916,ART0082,Lonely Heart,Ember Streets,rnb,2022-08-29,2022,224543.0,False,50.3,Mid
TRKFC3583FA2D,ART0096,Runaway Motion,Glass Dreams,kpop,2021-10-21,2021,221255.0,True,29.9,Niche
TRK32B87BE691,ART0043,Neon Tape,Midnight Skies,hip_hop,2021-08-19,2021,198718.0,True,43.7,Mid
TRK85B608BF67,ART0023,Runaway Blue,Electric Horizon,latin,2024-05-25,2024,189574.0,False,57.7,Mid
TRKCF0FBA999B,ART0090,Neon Motion,Neon Rivers,classical,2022-07-18,2022,254935.0,False,7.6,Flop
TRK5FE8CFA1AE,ART0043,Gravity Sky,Midnight Skies,hip_hop,2024-06-05,2024,145090.0,False,46.5,Mid
TRKD44BB09FDA,ART0109,Lonely Fire,Silent Skies,metal,2022-05-31,2022,245241.0,False,34.2,Niche
TRK5454C14F42,ART0020,Lonely Tape,Glass Shadows,rock,2025-09-13,2025,191214.0,False,30.5,Niche
TRK7765E7A612,ART0012,Sunday Rain,Broken Ashes,hyperpop,2023-09-14,2023,149373.0,False,29.0,Niche
TRK63FA898AC5,ART0112,Skyline Dust,Wild Signals,jazz,2025-06-21,2025,179300.0,False,16.7,Flop
TRK7B8B8C57A9,ART0122,Fever Fire,Faded Shadows,pop,2020-10-04,2020,247998.0,False,21.9,Niche
TRK7AB037F265,ART0035,Wildfire Gold,Velvet Lights,edm,2024-12-02,2024,225870.0,False,45.6,Mid
TRK8ADCC37C40,ART0050,Velvet Blue,Silent Dreams,rock,2025-06-30,2025,190154.0,True,46.9,Mid
TRK1A38AD4A11,ART0076,Paper Glow,Faded Roses,metal,2024-11-09,2024,198040.0,False,23.0,Niche
TRKA997E11318,ART0104,Echoes Blue,Glass Signals,classical,2024-12-05,2024,169556.0,False,0.0,Flop
TRKDF79283E11,ART0128,Echoes Glow,Electric Streets,jazz,2025-05-16,2025,141769.0,False,12.8,Flop
TRKB817BF4B74,ART0070,Overdrive Ghost,Hollow Shadows,lofi,2021-10-17,2021,202225.0,False,6.5,Flop
TRK7F8867294C,ART0109,Lonely Glow,Wild Horizon,metal,2024-10-07,2024,246057.0,False,5.6,Flop
TRKECA4A3F12A,ART0126,Slowburn Rain,Broken Roses,indie,2020-07-23,2020,199557.0,False,27.8,Niche
TRK8FF9D8D23A,ART0034,Aftertaste Dust,Golden Rivers,lofi,2024-08-17,2024,164811.0,False,9.3,Flop
TRKDD68EC208F,ART0129,Lonely Ghost,Velvet Signals,metal,2023-04-15,2023,180471.0,False,15.2,Flop
TRKA150EB31DF,ART0016,Wildfire Signal,Crimson Signals,afrobeats,2023-12-01,2023,241743.0,False,63.0,Hit
TRK4ACB440E47,ART0061,Slowburn Static,Crimson Bones,edm,2020-03-19,2020,206731.0,False,25.8,Niche
TRK21B12EC6DA,ART0067,Wildfire Gold,Golden Skies,rnb,2021-02-14,2021,143271.0,False,25.7,Niche
TRKC273A044BE,ART0091,Skyline Bones,Hollow Signals,edm,2023-12-31,2023,218986.0,False,20.0,Flop
TRKECDF532B18,ART0064,Lonely Blue,Wild Shadows,classical,2023-01-05,2023,213859.0,False,15.4,Flop
TRK726A3514ED,ART0028,Echoes Blue,Midnight Static,country,2025-03-21,2025,237882.0,False,15.1,Flop
TRK98B3C0A56C,ART0028,Skyline Lights,Ember Waves,country,2025-06-15,2025,250349.0,False,26.3,Niche
TRKCC6517D7F6,ART0023,Overdrive Static,Midnight Lights,latin,2022-09-01,2022,232408.0,False,38.5,Niche
TRK03D4FFD2E5,ART0039,Velvet Fire,Hollow Tapes,pop,2024-03-23,2024,194813.0,False,51.4,Mid
TRKD28A1D137F,ART0019,Fever Lights,Glass Shadows,hip_hop,2020-05-17,2020,176826.0,False,32.3,Niche
TRK92138260C6,ART0009,Static Heart,Hollow Skies,country,2021-01-03,2021,200046.0,False,35.5,Niche
TRKEAF51F5166,ART0034,Echoes Bones,Golden Rivers,lofi,2024-11-21,2024,214005.0,False,12.1,Flop
TRK4C7E5EF625,ART0130,Wildfire Sky,Ember Nights,kpop,2024-07-16,2024,218619.0,False,48.6,Mid
TRK7B8F3A2A70,ART0049,Overdrive Blue,Wild Tapes,pop,2025-05-18,2025,233709.0,False,33.4,Niche
TRKA903D41435,ART0083,Neon Lights,Echo Rivers,classical,2025-09-16,2025,213460.0,False,11.7,Flop
TRKF0B58540D0,ART0035,Skyline Lights,Velvet Lights,edm,2026-07-14,2026,257185.0,False,58.1,Mid
TRKAAE4317E76,ART0063,Static Bones,Ember Hearts,hyperpop,2022-06-26,2022,262049.0,False,46.1,Mid
TRK3F0C642196,ART0047,Static Ghost,Wild Rivers,hyperpop,2025-06-06,2025,202504.0,False,24.1,Niche
TRK2397DF2D42,ART0070,Echoes Fire,Faded Shadows,lofi,2022-11-11,2022,194389.0,False,11.7,Flop
TRKB8E1689D85,ART0044,Echoes Fire,Electric Tapes,jazz,2025-10-08,2025,213683.0,False,21.3,Niche
TRKACFD8FCF07,ART0122,Overdrive Lights,Faded Shadows,pop,2023-03-08,2023,131616.0,False,24.7,Niche
TRK23A92D4795,ART0033,Paper Signal,Ember Hearts,latin,2024-12-27,2024,215442.0,False,65.2,Hit
TRKD78B4E9C5D,ART0072,Gravity Ghost,Broken Static,pop,2023-07-16,2023,237741.0,False,27.3,Niche
TRK5862DA0A6C,ART0102,Neon Heart,Electric Rivers,kpop,2020-02-16,2020,232772.0,False,25.4,Niche
TRKDE85331537,ART0083,Sunday Static,Echo Rivers,classical,2020-06-01,2020,185675.0,False,3.9,Flop
TRKB7C0219D48,ART0025,Wildfire Heart,Broken Rivers,rnb,2025-10-26,2025,182864.0,False,44.6,Mid
TRKB31ED8C079,ART0108,Lonely Blue,Electric Lights,pop,2021-01-07,2021,166058.0,True,24.4,Niche
TRK04B01AD6AC,ART0043,Sunday Glow,Velvet Streets,hip_hop,2026-02-04,2026,207906.0,False,44.7,Mid
TRK72E29D56D1,ART0116,Runaway Gold,Echo Ashes,rock,2026-05-09,2026,258334.0,False,35.0,Niche
TRK1CA9BBCC57,ART0026,Runaway Gold,Glass Roses,indie,2026-08-28,2026,216253.0,False,28.8,Niche
TRKADD2482DA3,ART0111,Gravity Signal,Midnight Lights,afrobeats,2026-04-12,2026,296643.0,False,59.1,Mid
TRKC3E55C9BC7,ART0037,Velvet Fire,Ember Roses,rnb,2025-08-18,2025,,False,23.6,Niche
TRK3EB949F4D6,ART0028,Slowburn Gold,Ember Waves,country,2024-12-30,2024,222533.0,False,14.8,Flop
TRKF5FF2C57EF,ART0051,Runaway Fire,Electric Waves,afrobeats,2023-04-28,2023,129222.0,False,44.2,Mid
TRKD63429EF24,ART0086,Lonely Bones,Faded Ashes,afrobeats,2025-06-11,2025,216117.0,False,61.1,Hit
TRK23416F80B8,ART0052,Overdrive Dust,Electric Bones,kpop,2021-08-26,2021,159138.0,False,31.7,Niche
TRK68200CBD85,ART0026,Runaway Sky,Glass Roses,indie,2022-11-20,2022,221604.0,False,12.9,Flop
TRK7C4FEFDDB0,ART0086,Neon Heart,Faded Ashes,afrobeats,2025-10-06,2025,224090.0,False,67.9,Hit
TRK0BB9F86532,ART0097,Wildfire Ghost,Velvet Horizon,kpop,2026-08-18,2026,274970.0,False,45.7,Mid
TRKD5F82ACAFC,ART0107,Overdrive Glow,Ember Signals,hip_hop,2022-05-03,2022,193233.0,True,27.3,Niche
TRKF9A26D7F92,ART0042,Gravity Sky,Static Tapes,kpop,2023-07-27,2023,145065.0,False,53.1,Mid
TRKE726A2C7A7,ART0123,Lonely Sky,Hollow Static,country,2024-01-17,2024,240739.0,False,39.1,Niche
TRK2479CED3B1,ART0007,Gravity Tape,Paper Dreams,metal,2026-12-25,2026,279193.0,True,18.0,Flop
TRK5DEEA3F225,ART0126,Gravity Static,Broken Roses,indie,2023-03-06,2023,157374.0,False,37.6,Niche
TRK480278001F,ART0061,Skyline Heart,Crimson Bones,edm,2021-04-13,2021,254127.0,False,75.2,Hit
TRKC91AD88CBC,ART0002,Lonely Signal,Midnight Ashes,rnb,2020-01-09,2020,235821.0,False,16.3,Flop
TRK4ED7389A80,ART0085,Lonely Bones,Velvet Ashes,rock,2025-06-10,2025,183740.0,True,11.0,Flop
TRK12F5BCAEC7,ART0069,Velvet Motion,Wild Roses,lofi,2025-09-13,2025,204196.0,False,17.3,Flop
TRK1309462BCD,ART0020,Lonely Blue,Glass Shadows,rock,2020-04-14,2020,245628.0,False,27.8,Niche
TRK9B0879E8C0,ART0110,Lonely Bones,Crimson Rivers,edm,2021-10-11,2021,327911.0,False,44.2,Mid
TRK5302D51897,ART0056,Velvet Rain,Echo Shadows,kpop,2022-12-14,2022,199833.0,False,44.3,Mid
TRK4BCF4698E9,ART0048,Runaway Motion,Faded Lights,latin,2021-04-02,2021,221469.0,False,48.9,Mid
TRK71360BBAAB,ART0098,Lonely Rain,Static Static,country,2020-08-21,2020,246009.0,False,24.8,Niche
TRKE7303A6511,ART0007,Static Motion,Paper Dreams,metal,2020-01-30,2020,222875.0,False,16.2,Flop
TRKA8898E1EFA,ART0023,Slowburn Heart,Midnight Lights,latin,2026-03-10,2026,256835.0,False,62.3,Hit
TRK233D1F546C,ART0004,Neon Glow,Ember Shadows,hip_hop,2025-09-23,2025,176777.0,False,32.9,Niche
TRKCE91C24137,ART0055,Skyline Rain,Broken Waves,rnb,2020-03-12,2020,184223.0,True,27.4,Niche
TRK33000A0082,ART0121,Velvet Rain,Broken Signals,pop,2021-02-24,2021,273535.0,False,57.4,Mid
TRKB55DF452B7,ART0086,Slowburn Lights,Echo Dreams,afrobeats,2020-06-21,2020,228354.0,False,34.8,Niche
TRKEDA3AFE4C1,ART0086,Overdrive Heart,Echo Dreams,afrobeats,2022-10-06,2022,203107.0,False,43.5,Mid
TRK1A8A1461FC,ART0087,Echoes Motion,Golden Hearts,rock,2021-10-03,2021,167990.0,False,28.6,Niche
TRKD60A4D2E2D,ART0051,Overdrive Ghost,Electric Waves,afrobeats,2024-09-30,2024,240640.0,False,56.5,Mid
TRK684312F755,ART0023,Aftertaste Glow,Midnight Lights,latin,2025-12-19,2025,129202.0,False,43.2,Mid
TRK7F39817581,ART0017,Wildfire Rain,Static Rivers,pop,2024-05-06,2024,208849.0,False,52.2,Mid
TRKD613A773E1,ART0029,Fever Blue,Midnight Lights,rock,2020-06-08,2020,235375.0,False,16.1,Flop
TRK169149702F,ART0086,Overdrive Tape,Faded Ashes,afrobeats,2023-04-20,2023,190061.0,False,56.7,Mid
TRKCE963036E6,ART0062,Echoes Lights,Velvet Ashes,lofi,2026-09-01,2026,176419.0,False,32.1,Niche
TRK0E055B6E75,ART0025,Static Glow,Velvet Hearts,rnb,2021-01-21,2021,209688.0,False,31.8,Niche
TRK9A70457A19,ART0075,Echoes Gold,Crimson Bones,country,2024-01-19,2024,165803.0,False,22.6,Niche
TRKCF7F5D7436,ART0130,Neon Motion,Ember Nights,kpop,2026-11-07,2026,202368.0,False,41.1,Mid
TRK9E0CDE2917,ART0042,Aftertaste Static,Static Tapes,kpop,2025-12-07,2025,214295.0,False,54.1,Mid
TRK25C4DE9A64,ART0116,Wildfire Ghost,Echo Ashes,rock,2021-02-16,2021,250349.0,False,30.6,Niche
TRKA719C62CD3,ART0073,Neon Blue,Echo Tapes,latin,2026-03-08,2026,121682.0,False,49.0,Mid
TRK9E0A9D8975,ART0067,Echoes Dust,Golden Skies,rnb,2024-01-16,2024,202194.0,False,36.8,Niche
TRKC23B24C7B7,ART0029,Echoes Static,Faded Lights,rock,2023-05-30,2023,202294.0,False,26.3,Niche
TRK6144C9B136,ART0019,Wildfire Motion,Glass Shadows,hip_hop,2020-11-13,2020,187338.0,False,32.2,Niche
TRKDD6AD711C4,ART0084,Echoes Tape,Neon Lights,afrobeats,2020-12-31,2020,243063.0,False,34.6,Niche
TRK39A47978D4,ART0038,Sunday Dust,Electric Bones,classical,2020-01-04,2020,194359.0,False,10.7,Flop
TRKE521EA7D12,ART0006,Echoes Motion,Silent Ashes,afrobeats,2021-06-28,2021,200874.0,False,13.3,Flop
TRKBA4BBD75B7,ART0094,Neon Motion,Paper Tapes,rnb,2024-11-25,2024,199663.0,False,28.3,Niche
TRKE9DD667F41,ART0077,Static Gold,Faded Hearts,metal,2022-08-14,2022,240380.0,False,9.3,Flop
TRKD85678862A,ART0097,Static Dust,Velvet Horizon,kpop,2025-04-30,2025,187156.0,False,40.4,Mid
TRK308D0C9208,ART0106,Aftertaste Heart,Velvet Signals,metal,2026-12-16,2026,202914.0,False,0.9,Flop
TRKE78E0FEA16,ART0106,Skyline Tape,Velvet Signals,metal,2026-06-07,2026,158572.0,False,26.8,Niche
TRK5226238B18,ART0058,Gravity Blue,Electric Nights,edm,2024-04-16,2024,222167.0,False,22.2,Niche
TRK931FC8BA67,ART0087,Paper Dust,Golden Hearts,rock,2024-10-25,2024,171465.0,True,32.3,Niche
TRKB1AEEBE6BD,ART0027,Aftertaste Heart,Crimson Shadows,hip_hop,2025-11-16,2025,115307.0,True,27.0,Niche
TRK4DA78ED2AD,ART0088,Gravity Tape,Ember Horizon,rock,2020-10-16,2020,149744.0,False,30.6,Niche
TRK3ABE8D5AD6,ART0116,Runaway Sky,Paper Roses,rock,2020-10-26,2020,245359.0,False,41.4,Mid
TRK03D10131F0,ART0087,Neon Rain,Golden Hearts,rock,2020-05-23,2020,186860.0,False,36.0,Niche
TRK593BDEBB53,ART0048,Static Motion,Faded Lights,latin,2025-08-17,2025,157825.0,False,71.6,Hit
TRK27850B0ED0,ART0060,Sunday Heart,Golden Streets,afrobeats,2022-03-05,2022,188042.0,False,48.8,Mid
TRKE949158D79,ART0129,Wildfire Gold,Silent Static,metal,2022-06-08,2022,158384.0,False,20.6,Niche
TRKB8E5830789,ART0022,Neon Sky,Static Tapes,classical,2021-07-17,2021,192250.0,False,0.0,Flop
TRK50EED5FA0F,ART0039,Overdrive Gold,Hollow Tapes,pop,2021-01-25,2021,245593.0,False,39.5,Niche
TRKB54282E466,ART0021,Echoes Fire,Echo Streets,latin,2026-04-05,2026,273399.0,False,52.1,Mid
TRKA5894923EA,ART0077,Echoes Fire,Faded Hearts,metal,2020-05-10,2020,181305.0,True,10.8,Flop
TRK9E2B08CCA2,ART0068,Wildfire Gold,Velvet Horizon,hip_hop,2025-07-13,2025,225901.0,False,34.4,Niche
TRK9BB72A4A81,ART0127,Paper Sky,Broken Horizon,hip_hop,2024-11-23,2024,245453.0,True,15.5,Flop
TRKD1DEF4A8E8,ART0056,Runaway Bones,Echo Shadows,kpop,2026-01-07,2026,264393.0,False,48.8,Mid
TRK2E3B08B425,ART0027,Lonely Sky,Wild Signals,hip_hop,2022-07-17,2022,188706.0,True,23.7,Niche
TRKA47A313C54,ART0014,Skyline Lights,Ember Static,rnb,2026-06-23,2026,244212.0,False,25.3,Niche
TRK47CD71A8B9,ART0012,Fever Gold,Broken Ashes,hyperpop,2020-04-11,2020,191335.0,False,23.2,Niche
TRK5450FCC1D6,ART0097,Sunday Static,Velvet Horizon,kpop,2022-01-13,2022,127076.0,False,27.9,Niche
TRK271CB2BDA1,ART0028,Neon Rain,Midnight Static,country,2025-05-18,2025,198240.0,False,21.3,Niche
TRK6CE73ED66B,ART0122,Velvet Blue,Faded Shadows,pop,2022-07-07,2022,228808.0,False,22.7,Niche
TRK8FE1233DC3,ART0066,Sunday Tape,Electric Signals,afrobeats,2022-05-28,2022,170259.0,True,37.0,Niche
TRKAEF8041DB1,ART0061,Lonely Blue,Crimson Bones,edm,2026-06-16,2026,214589.0,False,33.1,Niche
TRK86045AF267,ART0103,Slowburn Ghost,Broken Roses,hip_hop,2021-04-09,2021,213563.0,True,35.4,Niche
TRK9F0C9E7C37,ART0129,Slowburn Sky,Midnight Roses,metal,2026-06-15,2026,169836.0,False,8.1,Flop
TRK2C66B53622,ART0060,Lonely Tape,Golden Streets,afrobeats,2025-09-30,2025,206922.0,False,81.7,Viral Hit
TRK6092E97896,ART0023,Overdrive Gold,Midnight Lights,latin,2025-02-02,2025,243194.0,False,39.1,Niche
TRKB75078C77D,ART0052,Paper Signal,Electric Bones,kpop,2026-01-14,2026,199026.0,False,46.3,Mid
TRK5B926F1B42,ART0108,Skyline Motion,Velvet Rivers,pop,2021-02-25,2021,166258.0,False,10.4,Flop
TRKCD265781F5,ART0045,Sunday Blue,Static Roses,country,2026-03-14,2026,181468.0,False,54.1,Mid
TRK35AA09EDD7,ART0031,Velvet Rain,Electric Hearts,latin,2025-07-02,2025,218816.0,False,39.1,Niche
TRK4F37C2EEAF,ART0077,Runaway Static,Velvet Lights,metal,2020-09-01,2020,226360.0,False,12.4,Flop
TRKB5DAEB8622,ART0068,Neon Dust,Crimson Streets,hip_hop,2026-03-06,2026,205025.0,False,47.3,Mid
TRK38C39C9E39,ART0069,Velvet Sky,Wild Roses,lofi,2024-04-16,2024,213384.0,False,16.5,Flop
TRK7E3A9F8FF2,ART0039,Runaway Heart,,pop,2024-08-09,2024,198457.0,False,34.5,Niche
TRKD6A3B7636A,ART0047,Fever Lights,Paper Signals,hyperpop,2024-07-26,2024,238526.0,True,22.5,Niche
TRKC050ACAA6A,ART0085,Velvet Motion,Crimson Streets,rock,2025-06-11,2025,190499.0,False,22.8,Niche
TRK2BE9B8CD16,ART0083,Neon Sky,Echo Rivers,classical,2023-07-23,2023,197119.0,False,6.8,Flop
TRKF156910FF6,ART0049,Aftertaste Gold,Wild Tapes,pop,2021-04-28,2021,206949.0,False,31.7,Niche
TRK3BB5DC6D9A,ART0029,Paper Dust,Faded Lights,rock,2026-01-01,2026,155962.0,False,26.9,Niche
TRK94918EB1E6,ART0079,Overdrive Blue,Wild Roses,jazz,2026-10-13,2026,183922.0,False,15.5,Flop
TRK7A0BD6C832,ART0051,Lonely Sky,Electric Waves,afrobeats,2024-06-04,2024,168007.0,False,60.2,Hit
TRK9E130A6521,ART0012,Runaway Bones,Broken Ashes,hyperpop,2024-03-14,2024,238241.0,False,39.1,Niche
TRKAE486CFDDF,ART0128,Skyline Static,Electric Streets,jazz,2024-01-11,2024,221828.0,False,0.0,Flop
TRK0B8BA52CB1,ART0123,Echoes Sky,Hollow Static,country,2021-09-01,2021,259732.0,False,26.0,Niche
TRK756A0D64ED,ART0067,Static Motion,Ember Bones,rnb,2026-02-01,2026,186661.0,False,37.7,Niche
TRKF7237EA7C3,ART0049,Sunday Tape,Echo Lights,pop,2022-05-16,2022,231964.0,False,26.7,Niche
TRKA0FB7AF601,ART0034,Wildfire Sky,Golden Rivers,lofi,2025-06-28,2025,191176.0,False,19.5,Flop
TRK40ABED21C2,ART0023,Gravity Gold,Midnight Lights,latin,2021-06-21,2021,205949.0,False,38.0,Niche
TRKEE76C9B9EF,ART0087,Static Bones,Wild Hearts,rock,2020-04-30,2020,267209.0,False,22.5,Niche
TRKB969271167,ART0010,Lonely Motion,Glass Tapes,rock,2022-07-21,2022,182739.0,True,29.5,Niche
TRK4F3883D36B,ART0037,Overdrive Bones,Ember Roses,rnb,2023-05-16,2023,219116.0,False,24.9,Niche
TRK5091DBB4AF,ART0130,Fever Heart,Ember Nights,kpop,2026-11-27,2026,259425.0,False,58.3,Mid
TRK09890AA518,ART0069,Fever Static,Wild Roses,lofi,2022-08-15,2022,184092.0,False,13.4,Flop
TRK0B82B0711D,ART0029,Static Blue,Midnight Lights,rock,2026-02-09,2026,249758.0,True,18.5,Flop
TRKFDE72C5AD4,ART0050,Skyline Sky,Silent Dreams,rock,2020-11-28,2020,242941.0,False,33.2,Niche
TRK7D7D37A75B,ART0049,Runaway Rain,Wild Tapes,pop,2023-09-11,2023,168176.0,False,32.3,Niche
TRK0B8DAA85F6,ART0054,Wildfire Gold,Glass Hearts,afrobeats,2023-03-08,2023,199203.0,False,44.6,Mid
TRK73232BB6A3,ART0078,Wildfire Lights,Echo Tapes,country,2022-03-29,2022,234030.0,False,34.9,Niche
TRKD0CF5AE806,ART0014,Sunday Gold,Static Dreams,rnb,2020-08-03,2020,174649.0,False,42.3,Mid
TRK840E1646F8,ART0077,Skyline Heart,Faded Hearts,metal,2020-05-02,2020,187141.0,False,10.3,Flop
TRK1990FB976F,ART0006,Gravity Lights,Silent Ashes,afrobeats,2023-03-12,2023,212995.0,True,36.2,Niche
TRK750EAD24E3,ART0032,Skyline Heart,Glass Rivers,metal,2022-09-05,2022,223407.0,False,6.1,Flop
TRK02BF34B91D,ART0079,Sunday Signal,Wild Roses,jazz,2025-02-02,2025,205753.0,False,14.3,Flop
TRK6F54BB7289,ART0102,Paper Motion,Electric Rivers,kpop,2025-04-21,2025,184853.0,False,57.0,Mid
TRK00B9049834,ART0063,Paper Signal,,hyperpop,2021-09-10,2021,170069.0,False,41.3,Mid
TRK2CB7A22945,ART0064,Static Dust,Wild Shadows,classical,2023-07-01,2023,215104.0,False,28.8,Niche
TRKF123F13BBD,ART0035,Velvet Dust,Velvet Lights,edm,2025-08-21,2025,258891.0,False,41.5,Mid
TRK4A3FE68A22,ART0085,Overdrive Ghost,Crimson Streets,rock,2021-09-19,2021,197642.0,True,18.8,Flop
TRK42D774CA0D,ART0036,Neon Rain,Echo Bones,rnb,2021-09-25,2021,232935.0,False,22.3,Niche
TRK9A9AF8A44E,ART0070,Slowburn Fire,Faded Shadows,lofi,2023-09-17,2023,242448.0,False,0.5,Flop
TRKCACEDE0274,ART0027,Echoes Lights,Wild Signals,hip_hop,2023-11-25,2023,190664.0,False,26.9,Niche
TRKBEC4EBCEAA,ART0065,Runaway Dust,Golden Skies,indie,2025-01-15,2025,126214.0,False,20.8,Niche
TRKABD6B6501C,ART0043,Aftertaste Fire,Midnight Skies,hip_hop,2020-12-16,2020,165803.0,False,26.1,Niche
TRK418AC4E27A,ART0098,Fever Bones,Golden Hearts,country,2026-07-27,2026,178045.0,False,43.6,Mid
TRK5B7149EFF5,ART0008,Fever Static,Static Streets,latin,2022-07-07,2022,159459.0,False,36.9,Niche
TRK1B6CB75B3F,ART0061,Gravity Signal,Crimson Bones,edm,2020-09-13,2020,294785.0,False,35.5,Niche
TRK74C28500C0,ART0122,Wildfire Glow,Faded Shadows,pop,2021-12-13,2021,149871.0,False,18.2,Flop
TRK590FF5D58B,ART0069,Fever Glow,Wild Roses,lofi,2022-02-10,2022,199907.0,False,20.1,Niche
TRK1E97214473,ART0073,Overdrive Sky,Echo Tapes,latin,2021-02-20,2021,199405.0,False,52.5,Mid
TRK69BDFA757F,ART0103,Static Ghost,Broken Roses,hip_hop,2020-01-11,2020,159417.0,False,29.6,Niche
TRK6A9161BBDE,ART0066,Static Gold,Electric Signals,afrobeats,2023-07-04,2023,280969.0,False,54.7,Mid
TRKB21FF9DAA0,ART0090,Fever Dust,Neon Rivers,classical,2020-05-02,2020,227458.0,False,0.0,Flop
TRK2EEEB18886,ART0128,Velvet Glow,Electric Streets,jazz,2022-12-08,2022,248573.0,False,0.0,Flop
TRKE390A605BA,ART0033,Paper Tape,Ember Hearts,latin,2020-10-22,2020,253726.0,True,36.3,Niche
TRK0B40E92FFE,ART0095,Runaway Sky,Silent Horizon,hyperpop,2022-12-26,2022,177240.0,False,31.9,Niche
TRK2917A7A1CC,ART0031,Lonely Heart,Electric Hearts,latin,2026-09-21,2026,177666.0,False,40.6,Mid
TRK378CA4FB60,ART0024,Runaway Glow,Midnight Roses,metal,2026-03-24,2026,218641.0,True,23.3,Niche
TRKD4C36728CB,ART0033,Echoes Motion,Ember Hearts,latin,2024-05-26,2024,175824.0,False,57.6,Mid
TRK4A993291D8,ART0033,Velvet Signal,Glass Lights,latin,2023-10-15,2023,181836.0,False,53.0,Mid
TRKB88A2886F4,ART0083,Slowburn Bones,Echo Rivers,classical,2026-02-16,2026,202861.0,False,13.4,Flop
TRK0966E0E7BA,ART0097,Skyline Sky,Silent Static,kpop,2020-02-06,2020,155752.0,False,23.6,Niche
TRKFA284F9D9D,ART0109,Wildfire Ghost,Silent Skies,metal,2024-06-01,2024,218589.0,False,12.5,Flop
TRK0A3DD9C1A0,ART0122,Neon Blue,Faded Shadows,pop,2022-02-02,2022,228964.0,False,30.1,Niche
TRK94B5C2B3B2,ART0009,Lonely Ghost,Hollow Skies,country,2023-09-24,2023,216576.0,True,9.5,Flop
TRK5CDD0682B4,ART0012,Static Ghost,Electric Skies,hyperpop,2025-03-20,2025,170865.0,False,9.0,Flop
TRK48C74FF52A,ART0123,Fever Heart,Hollow Static,country,2023-05-31,2023,221173.0,False,21.4,Niche
TRK05F87C35BA,ART0088,Slowburn Bones,Broken Shadows,rock,2024-06-07,2024,231327.0,False,14.9,Flop
TRK1AA85E4A7D,ART0099,Wildfire Blue,Wild Signals,jazz,2026-05-30,2026,180083.0,False,32.4,Niche
TRK03DE1BB9EB,ART0123,Runaway Rain,Hollow Static,country,2022-06-09,2022,180175.0,False,61.4,Hit
TRK92318AB4F4,ART0094,Velvet Heart,Paper Tapes,rnb,2023-02-06,2023,203147.0,False,23.2,Niche
TRKB979C91A19,ART0095,Wildfire Motion,Silent Horizon,hyperpop,2022-02-20,2022,212389.0,True,31.6,Niche
TRK928E8DF78F,ART0094,Overdrive Heart,Paper Tapes,rnb,2023-01-31,2023,96324.0,False,33.2,Niche
TRK7E074C296B,ART0109,Slowburn Dust,Wild Horizon,metal,2024-10-10,2024,150408.0,True,4.8,Flop
TRKDBB08A9D35,ART0127,Aftertaste Rain,Broken Horizon,hip_hop,2024-11-17,2024,222275.0,False,19.3,Flop
TRKA61776FFD7,ART0108,Fever Glow,Velvet Rivers,pop,2026-06-20,2026,163364.0,False,27.5,Niche
TRK6016BB22D0,ART0124,Fever Dust,Echo Roses,afrobeats,2020-10-17,2020,245196.0,False,39.7,Niche
TRK77290B8F1F,ART0014,Lonely Bones,Ember Static,rnb,2021-02-15,2021,171887.0,False,36.4,Niche
TRKF62B9262FC,ART0099,Paper Heart,Wild Signals,jazz,2022-07-19,2022,212108.0,True,18.1,Flop
TRKA891959FBB,ART0089,Static Tape,Midnight Skies,pop,2024-01-12,2024,175804.0,False,31.4,Niche
TRK563FB415E0,ART0060,Velvet Gold,Golden Streets,afrobeats,2023-06-01,2023,237750.0,False,67.6,Hit
TRKA63FA6CE9C,ART0005,Sunday Fire,Broken Ashes,metal,2021-05-10,2021,190931.0,False,31.9,Niche
TRK4C188385D8,ART0023,Fever Heart,Midnight Lights,latin,2021-11-14,2021,162280.0,False,43.4,Mid
TRK6F5B779E25,ART0003,Static Blue,Paper Static,kpop,2025-01-07,2025,199348.0,False,33.1,Niche
TRK854BA1B782,ART0114,Neon Tape,Silent Horizon,rnb,2025-09-29,2025,235035.0,False,31.8,Niche
TRK3623428B31,ART0117,Echoes Bones,Midnight Tapes,jazz,2023-05-14,2023,188443.0,True,0.0,Flop
TRK5A5C903194,ART0098,Echoes Glow,,country,2023-11-04,2023,181060.0,False,31.8,Niche
TRK07126E5504,ART0032,Lonely Signal,Glass Rivers,metal,2022-09-02,2022,222644.0,False,5.6,Flop
TRKB4DD51BA07,ART0088,Sunday Gold,Ember Horizon,rock,2026-09-06,2026,231899.0,False,34.8,Niche
TRKF00C25BF9A,ART0118,Echoes Rain,Static Signals,metal,2022-06-06,2022,144154.0,True,7.3,Flop
TRK4FA03B9543,ART0121,Gravity Bones,Golden Shadows,pop,2026-03-06,2026,239871.0,False,21.0,Niche
TRK91A45E278F,ART0015,Skyline Dust,Hollow Skies,hip_hop,2025-09-08,2025,185841.0,False,29.9,Niche
TRK70D9FBE31B,ART0032,Slowburn Motion,Golden Roses,metal,2025-07-13,2025,180716.0,False,19.2,Flop
TRKEA52E846D1,ART0085,Wildfire Gold,Crimson Streets,rock,2025-04-03,2025,202953.0,True,24.8,Niche
TRKDF5C135E68,ART0046,Skyline Heart,Silent Static,rnb,2020-10-06,2020,201301.0,False,16.1,Flop
TRK3CA98C09D1,ART0008,Neon Glow,Static Streets,latin,2022-09-08,2022,114405.0,False,82.0,Viral Hit
TRK78EE9863C9,ART0019,Gravity Fire,Glass Shadows,hip_hop,2024-12-09,2024,259854.0,False,41.7,Mid
TRKE99112DCFC,ART0108,Aftertaste Signal,Velvet Rivers,pop,2021-07-13,2021,221843.0,False,18.5,Flop
TRKBC443A5983,ART0097,Static Motion,Velvet Horizon,kpop,2025-11-19,2025,228256.0,False,44.5,Mid
TRKD2F5FD7512,ART0043,Aftertaste Fire,Velvet Streets,hip_hop,2022-01-31,2022,253912.0,False,43.8,Mid
TRK0F94400FAF,ART0028,Skyline Bones,Midnight Static,country,2020-03-07,2020,224172.0,True,5.6,Flop
TRK82CC7B4BAD,ART0110,Skyline Heart,Crimson Rivers,edm,2025-09-29,2025,188620.0,False,47.2,Mid
TRKC00B2999D5,ART0070,Lonely Blue,Faded Shadows,lofi,2025-01-30,2025,250624.0,False,21.2,Niche
TRKCB6E5EDC2F,ART0021,Slowburn Bones,Echo Streets,latin,2022-06-16,2022,188750.0,False,47.4,Mid
TRK6F286ED5C5,ART0096,Neon Rain,,kpop,2023-01-13,2023,186174.0,False,39.7,Niche
TRK0EF18314C5,ART0050,Velvet Static,Silent Dreams,rock,2025-03-26,2025,203756.0,False,36.1,Niche
TRK388EA1F56A,ART0095,Wildfire Rain,Silent Horizon,hyperpop,2025-05-22,2025,170665.0,True,0.0,Flop
TRKC1DF8A09B3,ART0045,Runaway Fire,Static Roses,country,2026-10-20,2026,268233.0,False,43.6,Mid
TRK4F4D2325DA,ART0003,Gravity Ghost,Paper Static,kpop,2026-11-17,2026,156749.0,True,33.6,Niche
TRKD37BC5B92B,ART0022,Aftertaste Rain,Static Tapes,classical,2023-08-23,2023,205296.0,False,0.0,Flop
TRKAD1AFF361C,ART0026,Lonely Sky,Electric Tapes,indie,2021-01-27,2021,143845.0,False,20.5,Niche
TRKACDE6CFC6B,ART0026,Aftertaste Heart,Glass Roses,indie,2026-07-07,2026,235202.0,False,29.5,Niche
TRKF765AFBD50,ART0085,Fever Glow,Velvet Ashes,rock,2020-07-20,2020,209108.0,True,13.2,Flop
TRK68687EB18F,ART0027,Skyline Heart,Wild Signals,hip_hop,2023-11-01,2023,248214.0,False,23.1,Niche
TRK7FC3F4A40C,ART0108,Velvet Heart,Electric Lights,pop,2021-11-06,2021,172693.0,False,24.5,Niche
TRKF17F15BA26,ART0110,Sunday Blue,Crimson Rivers,edm,2025-10-12,2025,223975.0,False,55.3,Mid
TRKCB9AA0CD18,ART0128,Lonely Tape,Electric Streets,jazz,2026-02-03,2026,157376.0,False,8.0,Flop
TRK43C9CC134E,ART0117,Echoes Static,Midnight Lights,jazz,2021-07-20,2021,203093.0,False,16.6,Flop
TRK63C38449C4,ART0070,Aftertaste Tape,Faded Shadows,lofi,2022-05-18,2022,182518.0,True,11.2,Flop
TRK4CA2B57232,ART0049,Skyline Static,Wild Tapes,pop,2022-07-19,2022,152199.0,True,24.6,Niche
TRKEDB01067FE,ART0031,Skyline Blue,Wild Horizon,latin,2022-11-19,2022,182068.0,False,32.6,Niche
TRKE86F7E67A3,ART0039,Overdrive Rain,Hollow Tapes,pop,2025-07-24,2025,248546.0,False,51.9,Mid
TRKA44310DE7B,ART0043,Wildfire Static,Midnight Skies,hip_hop,2020-09-30,2020,148309.0,False,45.9,Mid
TRK36A65D6A16,ART0128,Wildfire Blue,Electric Streets,jazz,2021-01-27,2021,228843.0,False,12.8,Flop
TRKD2E7A8D558,ART0066,Wildfire Lights,Broken Shadows,afrobeats,2025-04-19,2025,175035.0,False,58.3,Mid
TRK525DB1A3BE,ART0126,Gravity Sky,Midnight Bones,indie,2021-10-04,2021,231946.0,False,38.6,Niche
TRKF7F32F6745,ART0034,Velvet Blue,Electric Static,lofi,2021-03-26,2021,219947.0,False,9.9,Flop
TRK0E808610A5,ART0054,Velvet Gold,Glass Hearts,afrobeats,2021-06-06,2021,229571.0,False,22.1,Niche
TRK1C652C1497,ART0096,Lonely Gold,Glass Dreams,kpop,2022-05-04,2022,198044.0,False,30.7,Niche
TRK86D44066A8,ART0067,Lonely Gold,Golden Skies,rnb,2020-03-15,2020,216672.0,False,31.1,Niche
TRK1C95ADD37A,ART0060,Aftertaste Glow,Golden Streets,afrobeats,2021-05-14,2021,222232.0,False,44.1,Mid
TRKE7894E75D8,ART0122,Aftertaste Heart,Faded Shadows,pop,2024-07-16,2024,228688.0,False,27.8,Niche
TRK5138EDE7CC,ART0090,Paper Heart,Neon Rivers,classical,2020-06-20,2020,220107.0,False,12.3,Flop
TRK2CFA20FABF,ART0006,Runaway Rain,Silent Ashes,afrobeats,2021-10-09,2021,238093.0,False,15.8,Flop
TRK58B2DA7E28,ART0071,Aftertaste Rain,Neon Nights,rnb,2025-02-21,2025,175626.0,False,32.1,Niche
TRKB1375E47DC,ART0068,Fever Motion,Crimson Streets,hip_hop,2025-06-09,2025,241997.0,False,32.2,Niche
TRK6F838C54D5,ART0103,Aftertaste Glow,Broken Roses,hip_hop,2025-07-24,2025,202206.0,False,29.0,Niche
TRK7CD20BD47E,ART0077,Velvet Dust,Velvet Lights,metal,2023-07-08,2023,203302.0,False,11.6,Flop
TRK3FB1C72A82,ART0063,Slowburn Dust,Ember Hearts,hyperpop,2020-04-10,2020,227647.0,True,12.0,Flop
TRK64E1967D2B,ART0123,Slowburn Signal,Hollow Static,country,2025-11-15,2025,206821.0,False,36.3,Niche
TRKFFAD3C2BC4,ART0081,Slowburn Glow,Crimson Signals,hyperpop,2021-02-25,2021,194967.0,False,30.7,Niche
TRKB2CE895518,ART0001,Overdrive Rain,Broken Rivers,lofi,2025-06-06,2025,255916.0,False,35.4,Niche
TRKACD44BD8F9,ART0029,Gravity Ghost,Midnight Lights,rock,2026-02-24,2026,200537.0,False,32.2,Niche
TRK7ECC9F0142,ART0023,Skyline Ghost,Midnight Lights,latin,2023-09-04,2023,202511.0,False,31.9,Niche
TRKFE57422B48,ART0115,Runaway Bones,Velvet Shadows,metal,2023-05-03,2023,179959.0,False,29.4,Niche
TRKE0CEF8AC21,ART0069,Fever Glow,Wild Roses,lofi,2023-07-05,2023,169324.0,False,22.5,Niche
TRK6FCC598833,ART0024,Velvet Static,Echo Horizon,metal,2023-03-06,2023,230822.0,True,26.7,Niche
TRKAE564F1D3B,ART0129,Slowburn Rain,Midnight Roses,metal,2025-06-07,2025,194626.0,False,10.6,Flop
TRK29DF45561B,ART0008,Paper Fire,Static Streets,latin,2020-01-28,2020,177863.0,False,43.8,Mid
TRKAC9CDA33A9,ART0058,Static Dust,Electric Nights,edm,2023-08-10,2023,213480.0,False,34.3,Niche
TRKD042DB73EF,ART0108,Overdrive Blue,Velvet Rivers,pop,2022-03-20,2022,182911.0,False,31.2,Niche
TRKA15EA0F390,ART0014,Overdrive Dust,Static Dreams,rnb,2026-04-01,2026,206737.0,False,47.3,Mid
TRKEBCDD96094,ART0039,Slowburn Blue,Hollow Tapes,pop,2022-01-31,2022,177147.0,False,35.3,Niche
TRKBC61EA588C,ART0011,Skyline Sky,Paper Tapes,hyperpop,2024-10-17,2024,191365.0,False,23.7,Niche
TRK869E848373,ART0026,Aftertaste Gold,Electric Tapes,indie,2022-03-13,2022,192731.0,True,21.6,Niche
TRK3A69C16A0F,ART0006,Neon Motion,Silent Ashes,afrobeats,2020-10-25,2020,272087.0,False,5.6,Flop
TRK96574E981B,ART0082,Wildfire Motion,Ember Streets,rnb,2020-06-29,2020,199782.0,False,36.1,Niche
TRKEF81903090,ART0082,Paper Lights,Ember Streets,rnb,2021-05-21,2021,185264.0,False,36.0,Niche
TRK83C61BCAFF,ART0129,Overdrive Gold,Velvet Signals,metal,2020-10-30,2020,152522.0,False,16.5,Flop
TRK7F33FA43EE,ART0120,Sunday Heart,Glass Nights,rnb,2022-10-29,2022,211230.0,False,39.1,Niche
TRKACCBFBDC13,ART0005,Paper Motion,Broken Ashes,metal,2025-09-27,2025,227754.0,False,23.5,Niche
TRK2EEC16DDA6,ART0015,Neon Dust,Hollow Skies,hip_hop,2026-06-03,2026,212090.0,False,42.3,Mid
TRK6D336D982A,ART0068,Sunday Tape,Crimson Streets,hip_hop,2020-02-14,2020,247012.0,False,39.1,Niche
TRK8A0BDB3F3D,ART0063,Neon Static,Ember Hearts,hyperpop,2026-10-13,2026,195875.0,False,12.9,Flop
TRK82C9E1830E,ART0025,Slowburn Fire,Broken Rivers,rnb,2020-03-09,2020,234428.0,False,37.0,Niche
TRK6687680172,ART0014,Runaway Ghost,Static Dreams,rnb,2025-10-14,2025,197474.0,False,33.3,Niche
TRKFD57B6A9F9,ART0036,Overdrive Sky,Echo Bones,rnb,2024-09-25,2024,181368.0,False,30.5,Niche
TRK55CD981D6F,ART0101,Sunday Ghost,Velvet Signals,hyperpop,2025-08-09,2025,189247.0,True,17.8,Flop
TRK3468F65B47,ART0048,Lonely Fire,Faded Lights,latin,2021-05-21,2021,257589.0,False,47.2,Mid
TRKC30D78D7D6,ART0010,Paper Blue,Glass Tapes,rock,2021-10-20,2021,239746.0,False,27.8,Niche
TRKBE820BFB19,ART0078,Neon Dust,Echo Tapes,country,2022-08-05,2022,176460.0,False,23.4,Niche
TRK2E9D3EDA91,ART0045,Lonely Lights,Glass Hearts,country,2020-08-24,2020,171453.0,False,26.3,Niche
TRK16F8DA0E72,ART0019,Slowburn Ghost,Glass Shadows,hip_hop,2020-08-14,2020,154973.0,False,44.5,Mid
TRKDA66F266A9,ART0104,Skyline Rain,Glass Signals,classical,2021-12-06,2021,175039.0,False,0.0,Flop
TRK04DBC42C94,ART0118,Aftertaste Tape,Static Signals,metal,2026-06-22,2026,171590.0,False,13.3,Flop
TRK702F2E1728,ART0099,Wildfire Motion,Wild Signals,jazz,2025-03-23,2025,153986.0,False,31.4,Niche
TRKE3AB0697B6,ART0052,Paper Blue,Electric Bones,kpop,2023-11-03,2023,191979.0,False,31.2,Niche
TRKD1BB914A11,ART0017,Wildfire Blue,Static Rivers,pop,2021-06-05,2021,156829.0,False,26.9,Niche
TRK0567140C91,ART0029,Overdrive Blue,Faded Lights,rock,2020-04-17,2020,166434.0,False,21.3,Niche
TRK341799999A,ART0097,Gravity Motion,Velvet Horizon,kpop,2021-06-24,2021,175853.0,False,24.6,Niche
TRK018EAE08B4,ART0101,Overdrive Ghost,Velvet Signals,hyperpop,2020-07-15,2020,203135.0,False,10.1,Flop
TRKAEAABAE70B,ART0003,Echoes Lights,Neon Nights,kpop,2021-08-17,2021,253031.0,False,26.8,Niche
TRK68EF77A60B,ART0044,Overdrive Signal,Electric Tapes,jazz,2020-04-26,2020,156375.0,False,8.4,Flop
TRK8276A5FB44,ART0092,Aftertaste Dust,Paper Dreams,afrobeats,2022-04-04,2022,163619.0,False,41.1,Mid
TRK924FA54DAA,ART0089,Paper Sky,Midnight Skies,pop,2023-12-21,2023,206877.0,False,32.8,Niche
TRK7AA0DC06C3,ART0077,Wildfire Glow,Velvet Lights,metal,2023-02-06,2023,226848.0,False,6.7,Flop
TRK8331B36797,ART0006,Wildfire Signal,Silent Ashes,afrobeats,2020-12-26,2020,215321.0,False,7.7,Flop
TRK7724272A2B,ART0066,Wildfire Motion,Broken Shadows,afrobeats,2024-02-18,2024,250766.0,False,60.7,Hit
TRK3B00385D24,ART0125,Gravity Blue,Wild Tapes,kpop,2024-12-30,2024,143542.0,False,32.8,Niche
TRK2A9135974C,ART0088,Gravity Gold,Broken Shadows,rock,2023-06-07,2023,241764.0,True,22.6,Niche
TRK3859801A24,ART0043,Sunday Signal,Velvet Streets,hip_hop,2023-07-13,2023,236505.0,False,37.0,Niche
TRKE205D63AA1,ART0109,Static Blue,Silent Skies,metal,2022-06-05,2022,301231.0,False,24.6,Niche
TRKCA5BCADC98,ART0002,Lonely Dust,Midnight Ashes,rnb,2023-06-01,2023,219609.0,False,24.6,Niche
TRK4F72EC1DE6,ART0029,Velvet Lights,Faded Lights,rock,2020-06-06,2020,213964.0,False,30.0,Niche
TRKEFD09EF839,ART0102,Paper Static,Electric Rivers,kpop,2024-01-10,2024,192995.0,False,51.4,Mid
TRKF9ADA36609,ART0123,Wildfire Sky,Hollow Static,country,2023-04-17,2023,261363.0,True,25.6,Niche
TRKA8BEB77F57,ART0047,Runaway Ghost,Paper Signals,hyperpop,2020-10-10,2020,183413.0,False,23.7,Niche
TRKE94C002870,ART0107,Aftertaste Ghost,Ember Signals,hip_hop,2026-11-12,2026,230202.0,False,29.3,Niche
TRKD8830122C0,ART0033,Velvet Signal,Glass Lights,latin,2023-05-18,2023,204954.0,False,36.4,Niche
TRKCC232C3A2C,ART0130,Lonely Heart,Ember Nights,kpop,2022-09-30,2022,248450.0,False,42.1,Mid
TRK4891D32824,ART0052,Overdrive Gold,Electric Bones,kpop,2025-10-06,2025,228482.0,True,38.1,Niche
TRK91C5A46A80,ART0054,Gravity Signal,Glass Hearts,afrobeats,2025-04-22,2025,186015.0,False,48.5,Mid
TRKB38A523F4C,ART0019,Sunday Glow,Glass Shadows,hip_hop,2020-05-22,2020,208570.0,False,40.0,Niche
TRK9BA3BFDD29,ART0111,Overdrive Dust,Midnight Lights,afrobeats,2024-01-20,2024,180076.0,False,53.9,Mid
TRK96E5441226,ART0108,Lonely Glow,Velvet Rivers,pop,2025-07-25,2025,222484.0,False,39.3,Niche
TRKEEF5B280CA,ART0118,Paper Fire,Static Signals,metal,2020-05-16,2020,215865.0,True,26.6,Niche
TRKE68778A119,ART0066,Aftertaste Tape,Electric Signals,afrobeats,2023-10-21,2023,237390.0,False,37.3,Niche
TRKD47DAA27D5,ART0105,Overdrive Bones,Hollow Dreams,country,2025-10-11,2025,182890.0,False,48.5,Mid
TRKBED74DE2C2,ART0108,Neon Dust,Electric Lights,pop,2024-11-06,2024,188907.0,False,38.2,Niche
TRKF56049AFB8,ART0030,Velvet Gold,Static Streets,afrobeats,2022-10-18,2022,237594.0,False,38.9,Niche
TRK434966A7B3,ART0054,Static Sky,Glass Hearts,afrobeats,2022-08-25,2022,218929.0,False,29.0,Niche
TRK46E7FC3479,ART0117,Aftertaste Ghost,Midnight Lights,jazz,2021-03-16,2021,210993.0,False,0.3,Flop
TRK3D74B74718,ART0070,Velvet Tape,Faded Shadows,lofi,2022-09-27,2022,162937.0,False,7.9,Flop
TRKFBC84853CB,ART0023,Echoes Sky,Midnight Lights,latin,2025-02-16,2025,269629.0,False,46.5,Mid
TRK417A37236D,ART0057,Paper Rain,Echo Horizon,rnb,2023-05-13,2023,232678.0,False,30.5,Niche
TRKCE985CCFC0,ART0050,Static Tape,Silent Dreams,rock,2024-02-08,2024,182276.0,False,44.3,Mid
TRKFE1D2A3216,ART0022,Wildfire Signal,Static Tapes,classical,2024-10-21,2024,262103.0,False,0.0,Flop
TRK6FC267DEFA,ART0077,Paper Sky,Velvet Lights,metal,2026-01-12,2026,200837.0,False,0.0,Flop
TRKDE9A7D11A8,ART0052,Slowburn Blue,Electric Bones,kpop,2021-09-13,2021,227459.0,False,24.6,Niche
TRKF4D68E3713,ART0036,Neon Heart,Echo Bones,rnb,2024-12-08,2024,172370.0,True,74.2,Hit
TRK66D1D911D8,ART0096,Sunday Motion,Glass Dreams,kpop,2026-11-23,2026,177390.0,True,44.2,Mid
TRK2A31C955C2,ART0077,Sunday Dust,Velvet Lights,metal,2021-07-17,2021,210719.0,False,5.0,Flop
TRK9129CF3C5F,ART0129,Paper Fire,Velvet Signals,metal,2022-10-31,2022,188333.0,False,20.5,Niche
TRK2A0F1A094D,ART0045,Aftertaste Fire,Static Roses,country,2020-03-06,2020,295675.0,False,29.8,Niche
TRK1D88FB6860,ART0129,Echoes Static,Silent Static,metal,2024-12-06,2024,167427.0,True,22.2,Niche
TRKE9C0DEC246,ART0053,Aftertaste Gold,Electric Lights,indie,2024-02-08,2024,234811.0,False,18.1,Flop
TRKD0FCD22279,ART0063,Gravity Rain,Ember Hearts,hyperpop,2022-12-03,2022,250334.0,False,42.8,Mid
TRK7720F16563,ART0042,Sunday Blue,Static Tapes,kpop,2024-01-20,2024,150453.0,False,76.3,Hit
TRK9B234B38A7,ART0112,Wildfire Lights,Velvet Waves,jazz,2023-07-12,2023,173879.0,False,13.7,Flop
TRK87F5CEFAF2,ART0086,Neon Blue,Faded Ashes,afrobeats,2026-08-08,2026,232950.0,False,66.6,Hit
TRK5FE0904D18,ART0109,Skyline Ghost,Wild Horizon,metal,2025-02-15,2025,236229.0,False,16.5,Flop
TRKDA7B74C641,ART0008,Echoes Fire,Static Streets,latin,2023-02-02,2023,212225.0,False,53.6,Mid
TRK8E92542496,ART0095,Fever Gold,Silent Horizon,hyperpop,2022-12-21,2022,147863.0,False,31.4,Niche
TRK52BD1C841B,ART0001,Overdrive Fire,Broken Rivers,lofi,2020-09-22,2020,272575.0,False,31.1,Niche
TRKC3026F929C,ART0057,Wildfire Sky,Echo Horizon,rnb,2020-02-14,2020,229608.0,False,16.1,Flop
TRKD70261A14F,ART0023,Runaway Ghost,Midnight Lights,latin,2023-08-14,2023,240621.0,False,48.0,Mid
TRK1BDF559083,ART0064,Slowburn Blue,Wild Shadows,classical,2025-04-01,2025,184259.0,False,23.3,Niche
TRK01512FCD76,ART0051,Velvet Static,Electric Waves,afrobeats,2023-01-14,2023,184587.0,False,49.2,Mid
TRK3CFA795624,ART0117,Velvet Ghost,Midnight Lights,jazz,2020-04-23,2020,247149.0,False,6.0,Flop
TRK98EF553293,ART0031,Echoes Rain,Wild Horizon,latin,2023-10-12,2023,181202.0,False,28.2,Niche
TRKB409C6913A,ART0032,Skyline Bones,Glass Rivers,metal,2024-11-17,2024,215576.0,False,9.3,Flop
TRKD8E9FE1DC7,ART0113,Gravity Motion,Wild Signals,hyperpop,2024-12-05,2024,164411.0,True,42.0,Mid
TRK8C61BF99D3,ART0070,Fever Sky,Hollow Shadows,lofi,2024-01-07,2024,224718.0,True,17.7,Flop
TRK6FEB711017,ART0101,Wildfire Heart,Velvet Signals,hyperpop,2022-01-13,2022,201491.0,True,39.1,Niche
TRK22E5AC88EB,ART0056,Static Bones,Echo Shadows,kpop,2026-11-24,2026,190885.0,False,47.5,Mid
TRK1429806302,ART0088,Overdrive Signal,Broken Shadows,rock,2022-07-03,2022,189118.0,False,19.8,Flop
TRKE2E31A4390,ART0029,Wildfire Sky,Faded Lights,rock,2020-05-02,2020,177210.0,True,30.5,Niche
TRK1F6E5250F0,ART0103,Fever Lights,,hip_hop,2022-11-18,2022,231334.0,False,30.7,Niche
TRKC877B8417D,ART0037,Paper Rain,Silent Bones,rnb,2023-02-19,2023,222895.0,False,22.7,Niche
TRK3B532771AC,ART0087,Paper Fire,Wild Hearts,rock,2025-06-25,2025,206634.0,False,65.3,Hit
TRK744A83EE2D,ART0119,Runaway Motion,Ember Ashes,lofi,2025-08-01,2025,207529.0,False,33.4,Niche
TRK17BBC5C435,ART0034,Overdrive Lights,Golden Rivers,lofi,2025-11-16,2025,234875.0,False,19.2,Flop
TRK6A7F93FCCB,ART0124,Skyline Tape,Echo Roses,afrobeats,2023-12-11,2023,179352.0,False,62.4,Hit
TRK71FAFE16F9,ART0118,Lonely Sky,Static Signals,metal,2021-01-28,2021,210984.0,False,29.8,Niche
TRK97EEF7136A,ART0057,Neon Lights,Echo Horizon,rnb,2025-04-17,2025,211962.0,False,23.7,Niche
TRK4704433638,ART0068,Static Static,Crimson Streets,hip_hop,2021-10-23,2021,139030.0,True,30.5,Niche
TRKFCCB35425A,ART0030,Echoes Bones,Static Streets,afrobeats,2025-06-03,2025,187995.0,False,49.8,Mid
TRK65FF52160B,ART0038,Slowburn Gold,Electric Bones,classical,2023-10-15,2023,249736.0,False,6.1,Flop
TRKA867AEBED0,ART0121,Paper Motion,Golden Shadows,pop,2024-07-14,2024,268130.0,False,30.2,Niche
TRK62D3A0792B,ART0119,Sunday Sky,Neon Hearts,lofi,2022-07-09,2022,143996.0,False,9.9,Flop
TRK3F2AB6FA47,ART0129,Static Lights,Velvet Signals,metal,2022-07-02,2022,184720.0,False,18.1,Flop
TRK249A2437A2,ART0091,Neon Bones,Hollow Signals,edm,2021-03-10,2021,214830.0,False,26.9,Niche
TRK8D8C893F18,ART0105,Slowburn Fire,Hollow Dreams,country,2020-09-01,2020,235082.0,False,18.0,Flop
TRK8526822190,ART0002,Aftertaste Tape,Hollow Horizon,rnb,2023-05-14,2023,191035.0,True,31.9,Niche
TRK7AE4DF1439,ART0020,Static Lights,Glass Shadows,rock,2022-10-31,2022,224874.0,True,28.3,Niche
TRK21089169DB,ART0064,Paper Blue,Wild Shadows,classical,2026-08-05,2026,144241.0,False,12.4,Flop
TRK9D1052722E,ART0029,Gravity Glow,Midnight Lights,rock,2026-07-04,2026,242503.0,True,17.8,Flop
TRK5F1535A9BE,ART0067,Echoes Bones,Ember Bones,rnb,2020-01-01,2020,148898.0,False,24.0,Niche
TRK7CD32C7B7A,ART0016,Sunday Lights,Crimson Signals,afrobeats,2023-10-23,2023,139248.0,False,54.7,Mid
TRK6DFE7D7051,ART0116,Lonely Gold,Paper Roses,rock,2025-02-17,2025,190071.0,False,34.8,Niche
TRK8C40FF2D31,ART0090,Fever Sky,Neon Rivers,classical,2020-06-19,2020,229706.0,False,40.8,Mid
TRKF1684C1F6A,ART0070,Slowburn Rain,Faded Shadows,lofi,2026-04-22,2026,111000.0,False,18.2,Flop
TRKB2FC673BCD,ART0112,Lonely Sky,Velvet Waves,jazz,2026-07-14,2026,181699.0,False,14.6,Flop
TRK4B3425E4F9,ART0030,Sunday Gold,Static Streets,afrobeats,2026-02-15,2026,189810.0,True,59.5,Mid
TRK26EB25A546,ART0073,Neon Motion,Echo Tapes,latin,2022-06-19,2022,133498.0,False,54.1,Mid
TRKE95FE87C4A,ART0067,Lonely Sky,Ember Bones,rnb,2021-06-10,2021,161640.0,False,17.6,Flop
TRKEF56C14F9C,ART0002,Skyline Motion,Midnight Ashes,rnb,2023-01-20,2023,186678.0,False,15.8,Flop
TRK1A8D4BF2C6,ART0082,Lonely Glow,Crimson Dreams,rnb,2025-02-05,2025,190859.0,False,52.5,Mid
TRK33D1CE7167,ART0108,Neon Bones,Electric Lights,pop,2023-09-04,2023,263806.0,False,29.3,Niche
TRK8970DC4962,ART0013,Slowburn Blue,Paper Rivers,hip_hop,2020-06-20,2020,172908.0,False,49.6,Mid
TRK81612328CF,ART0087,Runaway Rain,Wild Hearts,rock,2023-02-24,2023,237744.0,False,33.7,Niche
TRKB521F01928,ART0021,Static Static,Echo Streets,latin,2024-06-15,2024,186187.0,False,44.8,Mid
TRK1E325E32A8,ART0126,Wildfire Lights,Midnight Bones,indie,2023-04-09,2023,155423.0,False,32.9,Niche
TRK8C78DB2228,ART0022,Neon Blue,Static Tapes,classical,2022-04-23,2022,207633.0,False,0.0,Flop
TRK2742FECF99,ART0130,Lonely Fire,Ember Nights,kpop,2022-09-13,2022,185599.0,False,48.9,Mid
TRK66CA7095AA,ART0089,Paper Gold,Midnight Skies,pop,2024-10-25,2024,213404.0,False,28.3,Niche
TRK49D141156E,ART0061,Paper Static,Crimson Bones,edm,2021-11-10,2021,161737.0,False,36.5,Niche
TRK68340B7D13,ART0082,Slowburn Rain,Crimson Dreams,rnb,2022-07-26,2022,188829.0,False,52.3,Mid
TRKF089F739EF,ART0008,Runaway Dust,Static Streets,latin,2022-11-01,2022,214963.0,False,35.8,Niche
TRKD97DA04817,ART0003,Static Heart,Neon Nights,kpop,2024-11-11,2024,215381.0,False,22.5,Niche
TRK454531CE97,ART0066,Paper Static,Broken Shadows,afrobeats,2023-12-09,2023,181171.0,False,45.0,Mid
TRKC80839A74C,ART0118,Wildfire Sky,Static Signals,metal,2026-08-25,2026,283908.0,False,6.1,Flop
TRK2B06082C1A,ART0047,Skyline Fire,Wild Rivers,hyperpop,2026-09-08,2026,197160.0,False,18.0,Flop
TRKE3242796A9,ART0118,Echoes Lights,Golden Nights,metal,2024-07-24,2024,228188.0,False,5.8,Flop
TRKFCB6754F11,ART0108,Gravity Ghost,Velvet Rivers,pop,2025-03-14,2025,163341.0,True,28.7,Niche
TRKE0A4EB6D71,ART0056,Overdrive Ghost,Echo Shadows,kpop,2022-04-19,2022,171277.0,False,51.2,Mid
TRK29AF298920,ART0116,Wildfire Lights,Echo Ashes,rock,2026-05-02,2026,227953.0,False,31.9,Niche
TRKD43C8DEB56,ART0124,Sunday Lights,Echo Roses,afrobeats,2020-08-27,2020,171683.0,False,31.0,Niche
TRK008087D9D1,ART0091,Wildfire Static,Hollow Signals,edm,2021-10-01,2021,167986.0,False,29.6,Niche
TRK48BD33323F,ART0080,Velvet Heart,Golden Dreams,afrobeats,2023-12-15,2023,240824.0,False,56.5,Mid
TRK9607D2AC64,ART0126,Wildfire Blue,Midnight Bones,indie,2023-10-22,2023,186101.0,False,38.8,Niche
TRKC1D72358DE,ART0037,Runaway Heart,Ember Roses,rnb,2021-02-25,2021,211346.0,False,20.4,Niche
TRK226FD003A0,ART0120,Velvet Tape,Glass Nights,rnb,2022-09-24,2022,219794.0,False,38.8,Niche
TRKCAD1029568,ART0100,Neon Signal,Neon Lights,classical,2025-07-04,2025,174193.0,False,11.6,Flop
TRKFA52A5E000,ART0029,Skyline Rain,Faded Lights,rock,2025-02-02,2025,209038.0,False,19.7,Flop
TRK2A20A96834,ART0121,Static Static,Broken Signals,pop,2023-04-14,2023,276222.0,False,17.7,Flop
TRKFA0139F16F,ART0035,Paper Bones,Velvet Lights,edm,2021-03-23,2021,241214.0,False,41.3,Mid
TRK6B7D48C88B,ART0013,Slowburn Heart,Paper Rivers,hip_hop,2021-09-28,2021,239353.0,False,51.5,Mid
TRK7F2119E165,ART0026,Sunday Motion,Electric Tapes,indie,2026-10-08,2026,271167.0,False,25.3,Niche
TRKA685619773,ART0053,Static Glow,Electric Lights,indie,2025-02-20,2025,254702.0,False,21.2,Niche
TRK286462299D,ART0071,Neon Dust,Neon Nights,rnb,2023-03-19,2023,229426.0,False,30.2,Niche
TRK2C69949C1E,ART0051,Gravity Gold,Electric Waves,afrobeats,2021-03-20,2021,202537.0,False,33.9,Niche
TRKF01C518680,ART0028,Neon Sky,Ember Waves,country,2020-07-11,2020,229070.0,False,12.1,Flop
TRK4ADB2E9CCF,ART0017,Sunday Heart,Static Rivers,pop,2024-04-19,2024,198336.0,False,44.9,Mid
TRK75B379BF6D,ART0071,Echoes Lights,Neon Nights,rnb,2021-01-31,2021,158104.0,True,17.3,Flop
TRKD6594C2B52,ART0028,Gravity Dust,Midnight Static,country,2024-06-17,2024,257054.0,False,24.0,Niche
TRKA1FC2954B9,ART0006,Wildfire Ghost,Silent Ashes,afrobeats,2021-08-13,2021,100291.0,True,13.9,Flop
TRK084412D85F,ART0129,Neon Glow,Midnight Roses,metal,2021-05-30,2021,164015.0,True,7.8,Flop
TRKFDDC92BE4B,ART0034,Slowburn Motion,Golden Rivers,lofi,2025-04-11,2025,212203.0,False,18.2,Flop
TRK2224078065,ART0112,Paper Ghost,Wild Signals,jazz,2024-09-25,2024,246694.0,False,14.2,Flop
TRK9069F6A8EC,ART0105,Fever Blue,Hollow Dreams,country,2026-06-27,2026,238763.0,False,45.1,Mid
TRKD8F3E3370C,ART0075,Echoes Blue,Crimson Bones,country,2026-11-10,2026,187997.0,False,15.8,Flop
TRKBDC648A47D,ART0033,Gravity Sky,Glass Lights,latin,2024-09-02,2024,228245.0,False,65.8,Hit
TRK29A904B820,ART0030,Lonely Blue,Static Streets,afrobeats,2021-08-19,2021,220558.0,False,24.3,Niche
TRK83D5E4EB71,ART0098,Sunday Fire,Static Static,country,2026-07-08,2026,242424.0,False,47.6,Mid
TRKF5B9320649,ART0100,Velvet Dust,Neon Lights,classical,2022-04-07,2022,,False,11.1,Flop
TRK713638E472,ART0026,Neon Rain,Electric Tapes,indie,2026-06-10,2026,183442.0,False,28.8,Niche
TRKDD0AAECA9F,ART0034,Static Static,Electric Static,lofi,2021-06-30,2021,151216.0,False,20.5,Niche
TRKF63181F6B9,ART0128,Runaway Glow,Electric Streets,jazz,2024-07-04,2024,157217.0,True,0.0,Flop
TRK88F68B820F,ART0031,Aftertaste Signal,Electric Hearts,latin,2022-12-10,2022,219688.0,False,28.3,Niche
TRKEA6B33A0B1,ART0100,Gravity Blue,Neon Lights,classical,2025-09-20,2025,204177.0,False,10.4,Flop
TRK203E7B3AF5,ART0006,Skyline Fire,Silent Ashes,afrobeats,2026-01-25,2026,178657.0,False,30.4,Niche
TRK00146E8525,ART0101,Neon Gold,Velvet Signals,hyperpop,2025-07-15,2025,222317.0,False,6.2,Flop
TRKD359249EDA,ART0119,Paper Lights,Neon Hearts,lofi,2022-05-07,2022,192622.0,False,22.4,Niche
TRK3627ADC1B3,ART0045,Echoes Blue,Static Roses,country,2020-03-13,2020,192523.0,False,28.3,Niche
TRK09EEEEDBEE,ART0077,Fever Rain,Faded Hearts,metal,2023-10-12,2023,196116.0,False,22.9,Niche
TRK1BF4A68B90,ART0033,Static Ghost,Ember Hearts,latin,2022-01-20,2022,192041.0,True,55.7,Mid
TRKBC6FC44338,ART0007,Gravity Motion,Paper Dreams,metal,2026-04-12,2026,197694.0,False,55.7,Mid
TRK325CB8E516,ART0025,Wildfire Rain,Broken Rivers,rnb,2023-08-22,2023,220813.0,False,36.2,Niche
TRK07AA82E10E,ART0023,Velvet Signal,Electric Horizon,latin,2020-05-09,2020,202467.0,False,25.8,Niche
TRKF8499CF53A,ART0028,Aftertaste Blue,Ember Waves,country,2024-06-12,2024,164651.0,False,21.3,Niche
TRK3D930A767C,ART0080,Neon Dust,Golden Dreams,afrobeats,2024-02-18,2024,236349.0,False,64.8,Hit
TRKD7318D4CA8,ART0080,Slowburn Tape,Golden Dreams,afrobeats,2022-10-03,2022,179564.0,False,49.8,Mid
TRK6E688BA2FE,ART0124,Skyline Sky,Echo Roses,afrobeats,2026-07-28,2026,244276.0,False,59.1,Mid
TRK8084EB60EB,ART0005,Gravity Bones,Broken Ashes,metal,2020-05-23,2020,167729.0,True,21.9,Niche
TRKBEA586C5A5,ART0064,Velvet Sky,Wild Shadows,classical,2022-10-18,2022,209763.0,False,26.6,Niche
TRK3107A338C0,ART0054,Runaway Blue,Glass Hearts,afrobeats,2024-07-10,2024,236492.0,False,51.3,Mid
TRK09C2A4F659,ART0011,Sunday Static,Paper Tapes,hyperpop,2023-12-01,2023,193194.0,False,33.8,Niche
TRK0FC9D8E832,ART0031,Velvet Heart,Electric Hearts,latin,2022-07-05,2022,229646.0,False,11.2,Flop
TRK0488F56D33,ART0011,Velvet Ghost,Paper Tapes,hyperpop,2024-05-05,2024,190079.0,False,3.6,Flop
TRK12B6F07760,ART0005,Static Ghost,Broken Ashes,metal,2020-08-11,2020,255853.0,False,12.9,Flop
TRK8A272A063B,ART0071,Skyline Bones,Neon Nights,rnb,2026-11-25,2026,205526.0,False,32.6,Niche
TRK9A1CBCB122,ART0089,Overdrive Rain,Midnight Skies,pop,2020-01-27,2020,195196.0,False,35.6,Niche
TRK42BB980A9D,ART0037,Gravity Ghost,Silent Bones,rnb,2023-08-27,2023,167192.0,False,19.9,Flop
TRKE36E1028B6,ART0049,Paper Heart,Echo Lights,pop,2023-08-01,2023,161279.0,False,31.7,Niche
TRK276687A5CE,ART0015,Skyline Lights,Hollow Skies,hip_hop,2025-05-15,2025,194958.0,False,59.1,Mid
TRK2D166A118D,ART0062,Runaway Lights,Velvet Ashes,lofi,2025-09-07,2025,235818.0,False,51.4,Mid
TRKB53BC286C0,ART0117,Runaway Signal,Midnight Tapes,jazz,2021-09-07,2021,195887.0,False,8.6,Flop
TRK58D64449D7,ART0111,Static Dust,Midnight Lights,afrobeats,2021-04-03,2021,180067.0,False,32.3,Niche
TRK6DD88CDCF9,ART0109,Lonely Dust,Silent Skies,metal,2026-01-20,2026,212877.0,False,4.7,Flop
TRK17FF648D67,ART0014,Overdrive Motion,Ember Static,rnb,2024-05-29,2024,141865.0,False,27.6,Niche
TRK109AA29ECE,ART0111,Velvet Signal,Midnight Lights,afrobeats,2022-12-09,2022,248465.0,False,49.3,Mid
TRKAC6F08EBA2,ART0005,Wildfire Fire,Broken Ashes,metal,2026-10-01,2026,176863.0,True,19.2,Flop
TRK99771F448F,ART0041,Lonely Static,Paper Dreams,afrobeats,2022-09-08,2022,217200.0,False,40.9,Mid
TRK1431C49987,ART0045,Static Sky,Glass Hearts,country,2022-11-10,2022,197890.0,False,43.7,Mid
TRK2BB50246D1,ART0064,Aftertaste Dust,Wild Shadows,classical,2023-03-08,2023,193271.0,False,17.7,Flop
TRKB8EA84A3FA,ART0012,Slowburn Lights,Electric Skies,hyperpop,2022-09-28,2022,194186.0,False,41.3,Mid
TRK09829B2BF2,ART0037,Sunday Sky,Silent Bones,rnb,2023-10-23,2023,182609.0,False,25.8,Niche
TRKE636BB1B20,ART0104,Static Signal,Glass Signals,classical,2026-09-07,2026,237048.0,False,0.0,Flop
TRKA1412EE870,ART0013,Neon Sky,Paper Rivers,hip_hop,2025-05-27,2025,215139.0,False,48.6,Mid
TRK17DAFC4C69,ART0081,Gravity Static,Crimson Signals,hyperpop,2020-11-18,2020,206775.0,False,8.7,Flop
TRK84BD267A60,ART0081,Skyline Rain,Crimson Signals,hyperpop,2023-03-08,2023,236446.0,False,17.4,Flop
TRK1FB7FCAD5F,ART0003,Paper Signal,Paper Static,kpop,2025-01-24,2025,156177.0,False,31.4,Niche
TRKC1B09FB746,ART0129,Velvet Dust,Velvet Signals,metal,2024-09-19,2024,188856.0,False,27.0,Niche
TRKA493E7030B,ART0019,Slowburn Bones,Glass Shadows,hip_hop,2022-03-07,2022,147990.0,True,45.8,Mid
TRK50E05391C8,ART0126,Skyline Gold,Broken Roses,indie,2024-07-07,2024,260640.0,False,34.3,Niche
TRK963601AE95,ART0033,Velvet Glow,Ember Hearts,latin,2020-11-03,2020,196639.0,False,42.3,Mid
TRK06505BB51D,ART0116,Sunday Blue,Paper Roses,rock,2021-02-15,2021,186882.0,False,18.0,Flop
TRK2726A30807,ART0009,Gravity Motion,Hollow Skies,country,2024-06-19,2024,168170.0,False,39.4,Niche
TRKC67B094806,ART0123,Paper Tape,Hollow Static,country,2021-11-09,2021,253615.0,False,39.4,Niche
TRK1BAFB446F9,ART0046,Gravity Rain,Silent Static,rnb,2023-08-12,2023,264418.0,False,11.1,Flop
TRKBF02712890,ART0070,Aftertaste Ghost,Hollow Shadows,lofi,2024-04-07,2024,239034.0,False,31.6,Niche
TRKE6461681F9,ART0103,Echoes Heart,Broken Roses,hip_hop,2025-02-11,2025,239815.0,False,41.6,Mid
TRKB7C5F7C364,ART0104,Gravity Tape,Glass Signals,classical,2020-02-01,2020,148662.0,False,0.0,Flop
TRKC981E50424,ART0056,Overdrive Blue,Echo Shadows,kpop,2021-10-02,2021,265124.0,False,38.1,Niche
TRK57025EA232,ART0087,Overdrive Lights,Golden Hearts,rock,2022-09-15,2022,228195.0,False,35.5,Niche
TRKA93FBA9D38,ART0110,Paper Blue,Crimson Rivers,edm,2021-12-11,2021,262476.0,False,30.5,Niche
TRKCFA1ED6A48,ART0070,Runaway Bones,Faded Shadows,lofi,2025-08-14,2025,214312.0,False,22.5,Niche
TRKC43F7B5C90,ART0110,Overdrive Fire,Crimson Rivers,edm,2024-04-09,2024,186013.0,False,48.5,Mid
TRK83F1DD5244,ART0091,Lonely Gold,Hollow Signals,edm,2021-10-23,2021,194004.0,False,35.7,Niche
TRK1AEC246DCD,ART0060,Skyline Motion,Golden Streets,afrobeats,2026-01-23,2026,235404.0,True,66.9,Hit
TRKDFFBD93EC1,ART0060,Fever Signal,Golden Streets,afrobeats,2024-01-27,2024,198412.0,False,67.3,Hit
TRK9256622481,ART0029,Gravity Bones,Midnight Lights,rock,2024-06-14,2024,222125.0,False,10.2,Flop
TRK46AEE715A1,ART0077,Aftertaste Blue,Faded Hearts,metal,2024-08-16,2024,114045.0,False,9.1,Flop
TRK76EEE21BC8,ART0110,Aftertaste Ghost,Crimson Rivers,edm,2023-01-06,2023,213691.0,False,65.4,Hit
TRK27D84DBEA9,ART0126,Overdrive Fire,Midnight Bones,indie,2020-03-31,2020,147066.0,False,34.8,Niche
TRK465042F929,ART0041,Aftertaste Lights,Paper Dreams,afrobeats,2020-10-27,2020,196893.0,False,26.2,Niche
TRK4976A75783,ART0003,Fever Blue,Paper Static,kpop,2023-02-08,2023,209861.0,False,43.1,Mid
TRK2FF316EC27,ART0085,Fever Dust,Velvet Ashes,rock,2021-06-08,2021,204525.0,False,17.3,Flop
TRKE45C86D1FD,ART0097,Skyline Motion,Silent Static,kpop,2022-03-26,2022,231301.0,False,26.4,Niche
TRK3DAAAFCBE6,ART0058,Aftertaste Tape,Electric Nights,edm,2021-03-29,2021,251301.0,False,29.9,Niche
TRK7E294C6F0E,ART0083,Aftertaste Heart,Echo Rivers,classical,2023-02-06,2023,132797.0,False,0.0,Flop
TRKB8D301F33C,ART0083,Lonely Sky,Echo Rivers,classical,2021-07-14,2021,197180.0,False,2.1,Flop
TRK1127181D9D,ART0061,Neon Glow,Crimson Bones,edm,2024-04-04,2024,219246.0,False,34.8,Niche
TRK3424997FDF,ART0087,Slowburn Rain,Wild Hearts,rock,2022-05-07,2022,146018.0,True,30.0,Niche
TRK1F63A1C2C5,ART0012,Velvet Ghost,Broken Ashes,hyperpop,2021-08-09,2021,179306.0,False,44.8,Mid
TRKA45A7FE5B2,ART0059,Echoes Fire,Hollow Rivers,hyperpop,2026-03-25,2026,219387.0,True,37.0,Niche
TRKE3C739205F,ART0012,Static Dust,Electric Skies,hyperpop,2021-08-03,2021,231979.0,False,47.7,Mid
TRK0456D6B2B7,ART0018,Echoes Static,Electric Tapes,edm,2024-12-23,2024,241785.0,False,38.1,Niche
TRK3E1F16D313,ART0027,Lonely Rain,Wild Signals,hip_hop,2023-12-12,2023,278018.0,False,25.4,Niche
TRK468D5035F2,ART0054,Lonely Signal,Glass Hearts,afrobeats,2025-05-21,2025,225140.0,False,48.7,Mid
TRK8D65FC8A90,ART0030,Static Glow,Static Streets,afrobeats,2026-03-29,2026,248457.0,False,50.4,Mid
TRK4F72EC1DE6,ART0029,Velvet Lights,Faded Lights,rock,2020-06-06,2020,213964.0,False,30.0,Niche
TRK8D319BDD43,ART0008,Static Heart,Static Streets,latin,2022-03-18,2022,114085.0,False,39.5,Niche
TRK46847507F6,ART0089,Wildfire Signal,Midnight Skies,pop,2026-12-01,2026,177309.0,False,41.7,Mid
TRK32C1D7C198,ART0043,Static Glow,Midnight Skies,hip_hop,2020-10-28,2020,277827.0,False,55.9,Mid
TRKE1DCE5F44B,ART0005,Static Glow,Broken Ashes,metal,2021-09-12,2021,179269.0,False,12.7,Flop
TRK846E9225C6,ART0125,Neon Ghost,Wild Tapes,kpop,2023-04-14,2023,214135.0,False,33.8,Niche
TRK7FFF4EC0E1,ART0083,Runaway Heart,Paper Skies,classical,2023-01-25,2023,237741.0,False,8.0,Flop
TRK5AED28FF6F,ART0051,Lonely Bones,Electric Waves,afrobeats,2022-01-27,2022,269749.0,False,47.7,Mid
TRK2AC52DD25B,ART0083,Fever Blue,Paper Skies,classical,2025-08-11,2025,204556.0,False,3.0,Flop
TRKD1A09DD5D8,ART0102,Paper Blue,Electric Rivers,kpop,2026-07-03,2026,177014.0,True,54.2,Mid
TRK039EBC7250,ART0001,Runaway Heart,Broken Rivers,lofi,2022-06-23,2022,220863.0,False,51.0,Mid
TRKC42B43A1AB,ART0097,Velvet Lights,Velvet Horizon,kpop,2024-06-02,2024,177779.0,False,50.0,Mid
TRKC761E96EA8,ART0121,Sunday Glow,Broken Signals,pop,2021-04-02,2021,228519.0,False,34.4,Niche
TRK9F2326A364,ART0111,Static Gold,Midnight Lights,afrobeats,2024-01-04,2024,181096.0,False,63.9,Hit
TRKC18AD3E246,ART0043,Slowburn Fire,Midnight Skies,hip_hop,2023-07-20,2023,229955.0,False,51.7,Mid
TRK17C8460F88,ART0014,Lonely Heart,Ember Static,rnb,2023-10-23,2023,241179.0,False,38.6,Niche
TRKF26B6A8B62,ART0083,Static Fire,Echo Rivers,classical,2020-10-06,2020,218343.0,False,5.2,Flop
TRK20EB996739,ART0076,Static Sky,Faded Roses,metal,2023-10-04,2023,212343.0,False,17.6,Flop
TRKF8CE82EC34,ART0044,Echoes Gold,Electric Tapes,jazz,2020-08-28,2020,240176.0,False,18.2,Flop
TRK6CB5F7A981,ART0056,Echoes Rain,Echo Shadows,kpop,2024-08-06,2024,154629.0,False,56.3,Mid
TRK094AFC98C3,ART0085,Wildfire Blue,Velvet Ashes,rock,2026-09-27,2026,218425.0,True,26.6,Niche
TRKCD1CF818BE,ART0085,Velvet Bones,Crimson Streets,rock,2024-01-18,2024,126391.0,False,15.2,Flop
TRK4BED4A28D5,ART0106,Sunday Lights,Velvet Signals,metal,2020-09-12,2020,151101.0,False,13.2,Flop
TRKBBCBD126C1,ART0057,Aftertaste Ghost,Echo Horizon,rnb,2024-02-09,2024,271631.0,False,30.0,Niche
TRK693C6132B4,ART0089,Wildfire Rain,Midnight Skies,pop,2022-01-30,2022,214073.0,False,37.3,Niche
TRK3F24C92FC8,ART0072,Static Sky,Broken Static,pop,2021-07-25,2021,181706.0,False,28.9,Niche
TRK3AFB6FB807,ART0114,Wildfire Gold,Silent Horizon,rnb,2023-03-11,2023,243466.0,False,21.4,Niche
TRKB1D8506762,ART0119,Wildfire Signal,Ember Ashes,lofi,2022-10-05,2022,230124.0,False,19.4,Flop
TRK58D6A91330,ART0069,Sunday Ghost,Wild Roses,lofi,2026-04-17,2026,192525.0,False,29.7,Niche
TRK9A306D4512,ART0112,Neon Heart,Wild Signals,jazz,2021-03-23,2021,191087.0,False,0.0,Flop
TRK0B3DFDD206,ART0047,Overdrive Dust,Wild Rivers,hyperpop,2022-09-19,2022,198909.0,False,54.3,Mid
TRKCD087BEE18,ART0041,Wildfire Lights,Paper Dreams,afrobeats,2023-09-10,2023,189765.0,False,43.2,Mid
TRKB61AA0D5CA,ART0127,Aftertaste Fire,Broken Horizon,hip_hop,2025-06-29,2025,201518.0,False,19.7,Flop
TRK3BC0776371,ART0032,Runaway Rain,Glass Rivers,metal,2026-03-21,2026,190228.0,False,2.7,Flop
TRK2B9713560A,ART0123,Paper Ghost,Hollow Static,country,2021-07-20,2021,194419.0,False,29.8,Niche
TRKB39E4E5112,ART0043,Static Motion,Midnight Skies,hip_hop,2020-08-01,2020,220821.0,False,35.8,Niche
TRK37009AA96F,ART0117,Static Gold,Midnight Tapes,jazz,2022-10-21,2022,264852.0,False,34.4,Niche
TRK617E8F51C1,ART0040,Aftertaste Gold,Echo Signals,hip_hop,2024-02-15,2024,149935.0,False,30.0,Niche
TRKBF2808807E,ART0045,Echoes Blue,Static Roses,country,2026-07-10,2026,,False,44.4,Mid
TRKADC75A30CE,ART0082,Runaway Motion,Ember Streets,rnb,2024-11-25,2024,138994.0,False,52.0,Mid
TRK4F8D4D3E0C,ART0117,Overdrive Ghost,Midnight Tapes,jazz,2025-04-24,2025,189242.0,False,15.9,Flop
TRK3B3417D0A1,ART0081,Overdrive Tape,Crimson Signals,hyperpop,2024-05-24,2024,196438.0,False,0.0,Flop
TRK9C6DD328C8,ART0051,Velvet Tape,Electric Waves,afrobeats,2025-11-02,2025,256964.0,True,48.3,Mid
TRKE83F24E376,ART0052,Static Tape,Electric Bones,kpop,2020-01-26,2020,165801.0,False,38.0,Niche
TRK60A87344B3,ART0064,Runaway Sky,Wild Shadows,classical,2020-08-30,2020,190140.0,True,18.0,Flop
TRK2620F17BC2,ART0068,Velvet Tape,Crimson Streets,hip_hop,2021-03-17,2021,188492.0,False,44.5,Mid
TRKBFE92F705C,ART0106,Skyline Heart,Velvet Signals,metal,2021-10-23,2021,161304.0,True,13.3,Flop
TRK0E6914C789,ART0082,Lonely Signal,Ember Streets,rnb,2025-09-25,2025,169227.0,False,42.1,Mid
TRKFD3E644539,ART0063,Runaway Tape,Ember Hearts,hyperpop,2021-09-08,2021,211430.0,False,35.6,Niche
TRK8E6E188DBF,ART0108,Echoes Signal,Electric Lights,pop,2026-02-10,2026,161525.0,False,37.4,Niche
TRK67B3BCECE5,ART0022,Fever Heart,Static Tapes,classical,2024-12-23,2024,201973.0,False,0.0,Flop
TRK86282ACBCA,ART0095,Static Signal,Silent Horizon,hyperpop,2025-02-21,2025,244282.0,False,0.3,Flop
TRKABC8DF6B86,ART0042,Slowburn Lights,Static Tapes,kpop,2026-06-25,2026,293653.0,False,61.8,Hit
TRK3E0B194A9F,ART0084,Echoes Glow,Neon Lights,afrobeats,2023-03-13,2023,250854.0,False,50.5,Mid
TRK220F581B4E,ART0119,Static Signal,Neon Hearts,lofi,2024-09-18,2024,243389.0,False,23.0,Niche
TRK8394DAE8D1,ART0108,Static Sky,Velvet Rivers,pop,2026-08-13,2026,275332.0,False,32.0,Niche
TRK02C3B13556,ART0059,Fever Motion,Hollow Rivers,hyperpop,2025-03-26,2025,235824.0,True,33.3,Niche
TRK48D23F1B17,ART0106,Lonely Lights,Velvet Signals,metal,2020-07-07,2020,200254.0,False,8.2,Flop
TRK03A4F18D93,ART0043,Runaway Lights,Midnight Skies,hip_hop,2020-09-04,2020,262458.0,False,49.7,Mid
TRK67B717023D,ART0041,Wildfire Ghost,Paper Dreams,afrobeats,2021-02-18,2021,203133.0,False,31.5,Niche
TRK7DA353CB53,ART0126,Velvet Glow,Midnight Bones,indie,2020-06-30,2020,237489.0,False,29.7,Niche
TRK4F01678941,ART0061,Fever Dust,Crimson Bones,edm,2022-08-04,2022,257705.0,False,31.1,Niche
TRK94BDE21A96,ART0043,Skyline Ghost,Midnight Skies,hip_hop,2024-12-20,2024,130071.0,True,41.0,Mid
TRK0140885385,ART0013,Neon Heart,Paper Rivers,hip_hop,2022-05-06,2022,231849.0,True,55.6,Mid
TRK36FE18C61F,ART0077,Aftertaste Gold,Velvet Lights,metal,2022-02-14,2022,170039.0,False,10.7,Flop
TRKD0B7CD72F8,ART0061,Slowburn Gold,Crimson Bones,edm,2021-12-02,2021,173830.0,True,38.0,Niche
TRK335B6EF41A,ART0079,Aftertaste Static,Wild Roses,jazz,2022-06-12,2022,202008.0,False,8.0,Flop
TRKA7A0266BCA,ART0048,Echoes Ghost,Faded Lights,latin,2021-05-09,2021,203450.0,False,51.4,Mid
TRK7B356B7A29,ART0072,Echoes Bones,Broken Static,pop,2021-04-25,2021,207212.0,False,35.2,Niche
TRKB2AAC41AF3,ART0045,Fever Static,Static Roses,country,2022-05-06,2022,184566.0,False,33.9,Niche
TRK7F1D317136,ART0086,Sunday Dust,Faded Ashes,afrobeats,2026-11-16,2026,202094.0,False,70.2,Hit
TRKF64CA390BB,ART0080,Lonely Blue,Golden Dreams,afrobeats,2024-03-08,2024,293676.0,False,55.2,Mid
TRK52DBF47325,ART0082,Static Ghost,Ember Streets,rnb,2022-05-24,2022,153021.0,False,42.5,Mid
TRK28BF78F577,ART0012,Neon Sky,Broken Ashes,hyperpop,2026-11-18,2026,193046.0,False,25.9,Niche
TRK25BB1F3405,ART0111,Static Heart,Midnight Lights,afrobeats,2020-09-26,2020,161087.0,False,27.6,Niche
TRKAB93A0EEB0,ART0049,Slowburn Dust,Echo Lights,pop,2022-10-30,2022,238542.0,False,24.2,Niche
TRK857C9FF650,ART0056,Echoes Signal,Echo Shadows,kpop,2022-12-18,2022,212574.0,False,45.9,Mid
TRK56475ED165,ART0013,Fever Ghost,Paper Rivers,hip_hop,2020-10-22,2020,223852.0,False,46.3,Mid
TRKF35FB73A46,ART0012,Slowburn Dust,Electric Skies,hyperpop,2023-06-11,2023,190007.0,False,33.0,Niche
TRK0C2C405812,ART0086,Overdrive Lights,Echo Dreams,afrobeats,2025-09-19,2025,214679.0,False,57.8,Mid
TRK9DEE3051EC,ART0045,Aftertaste Bones,Static Roses,country,2020-05-23,2020,275048.0,False,17.7,Flop
TRK41126439DC,ART0037,Sunday Tape,Ember Roses,rnb,2020-05-13,2020,250885.0,False,26.7,Niche
TRK03AA15ED7A,ART0046,Slowburn Heart,Silent Static,rnb,2020-11-26,2020,204019.0,False,18.5,Flop
TRK1737D54FB2,ART0116,Aftertaste Static,Paper Roses,rock,2026-12-14,2026,184407.0,False,34.4,Niche
TRKD241BD0C32,ART0043,Fever Motion,Velvet Streets,hip_hop,2020-11-17,2020,246638.0,False,50.0,Mid
TRKF7665B6FF5,ART0109,Runaway Lights,Wild Horizon,metal,2023-01-11,2023,228188.0,False,11.0,Flop
TRK6122206C90,ART0077,Static Gold,Velvet Lights,metal,2022-12-25,2022,158661.0,False,16.2,Flop
TRK88CEAF6233,ART0026,Neon Glow,Electric Tapes,indie,2024-02-02,2024,237262.0,False,30.3,Niche
TRKBDF2D0AE1A,ART0039,Overdrive Tape,Hollow Tapes,pop,2023-03-30,2023,235195.0,False,47.0,Mid
TRKE6A6F50203,ART0127,Paper Rain,Broken Horizon,hip_hop,2024-08-04,2024,212540.0,True,17.8,Flop
TRKA034AE6829,ART0067,Overdrive Bones,Golden Skies,rnb,2026-09-04,2026,234540.0,False,44.2,Mid
TRKB5B4DDF396,ART0033,Overdrive Tape,Glass Lights,latin,2026-09-23,2026,217187.0,False,58.6,Mid
TRK1CE9040697,ART0077,Velvet Bones,Velvet Lights,metal,2020-12-15,2020,217923.0,False,10.5,Flop
TRK1B7D83CC2D,ART0074,Sunday Rain,Silent Horizon,classical,2020-06-05,2020,227656.0,False,15.4,Flop
TRKA3F537787A,ART0072,Neon Signal,Broken Static,pop,2020-11-19,2020,202519.0,False,23.6,Niche
TRK91639941C8,ART0117,Velvet Glow,Midnight Tapes,jazz,2026-12-18,2026,225819.0,False,8.5,Flop
TRKDE660A72C5,ART0029,Runaway Fire,Faded Lights,rock,2025-12-12,2025,189660.0,False,28.6,Niche
TRKC26CDA6189,ART0019,Runaway Blue,Glass Shadows,hip_hop,2024-12-19,2024,228549.0,True,37.2,Niche
TRK0FB4FD3D9E,ART0019,Runaway Rain,Glass Shadows,hip_hop,2023-06-13,2023,234221.0,False,33.6,Niche
TRK5CB39BE511,ART0082,Echoes Fire,Crimson Dreams,rnb,2026-02-11,2026,185012.0,False,48.1,Mid
TRK3AA35585C0,ART0094,Gravity Gold,Paper Tapes,rnb,2024-11-22,2024,212566.0,False,24.6,Niche
TRK6B896E8FB1,ART0081,Slowburn Rain,Crimson Signals,hyperpop,2026-07-16,2026,247124.0,False,5.0,Flop
TRK2A5137F2E0,ART0031,Wildfire Gold,Wild Horizon,latin,2023-07-01,2023,184389.0,False,29.6,Niche
TRKFC4D595C4F,ART0123,Sunday Static,Hollow Static,country,2021-01-20,2021,195970.0,False,26.7,Niche
TRKA589FAE298,ART0006,Neon Fire,Silent Ashes,afrobeats,2026-04-24,2026,253464.0,False,43.1,Mid
TRK4B2D1FBF14,ART0121,Wildfire Rain,Golden Shadows,pop,2021-12-24,2021,127777.0,False,19.0,Flop
TRK9DA02339D5,ART0028,Echoes Gold,Midnight Static,country,2024-09-08,2024,266898.0,False,21.6,Niche
TRKBF431C9E82,ART0003,Velvet Sky,Neon Nights,kpop,2023-09-24,2023,206090.0,False,27.6,Niche
TRKE71E4E8E9C,ART0114,Aftertaste Ghost,Silent Horizon,rnb,2021-12-18,2021,181106.0,False,23.3,Niche
TRKAE3C0B06AD,ART0041,Sunday Ghost,Paper Dreams,afrobeats,2021-09-06,2021,191413.0,True,39.6,Niche
TRK9E852DBAB0,ART0079,Velvet Lights,Wild Roses,jazz,2022-12-19,2022,163158.0,False,23.6,Niche
TRK278D45B806,ART0031,Neon Rain,Wild Horizon,latin,2024-09-30,2024,227084.0,False,35.9,Niche
TRKAE1C457E6B,ART0033,Paper Lights,Glass Lights,latin,2023-02-09,2023,257717.0,False,46.8,Mid
TRK5483DF218E,ART0075,Static Dust,Crimson Bones,country,2024-03-22,2024,297155.0,False,25.8,Niche
TRK8D349BCA40,ART0054,Aftertaste Glow,Glass Hearts,afrobeats,2023-09-25,2023,243144.0,False,47.7,Mid
TRK7507FA8865,ART0112,Overdrive Lights,Velvet Waves,jazz,2023-11-03,2023,192767.0,False,11.8,Flop
TRK222BE3155D,ART0016,Lonely Ghost,Crimson Signals,afrobeats,2024-08-18,2024,132410.0,True,64.0,Hit
TRK2C2C382489,ART0020,Overdrive Heart,Glass Shadows,rock,2021-05-31,2021,276355.0,True,22.4,Niche
TRK512FEB3BF3,ART0018,Sunday Tape,Electric Tapes,edm,2021-08-15,2021,199412.0,False,36.6,Niche
TRKFE14789DE5,ART0015,Lonely Static,Hollow Skies,hip_hop,2021-07-16,2021,181656.0,False,38.5,Niche
TRK22F0F4717F,ART0092,Runaway Gold,Paper Dreams,afrobeats,2020-06-23,2020,215483.0,False,27.8,Niche
TRKC8B3A51F37,ART0071,Echoes Sky,Neon Nights,rnb,2021-02-25,2021,220644.0,False,17.9,Flop
TRKF790A00EC2,ART0075,Echoes Ghost,Crimson Bones,country,2024-08-20,2024,214636.0,False,25.8,Niche
TRK9AD6683D4B,ART0120,Sunday Rain,Glass Nights,rnb,2023-09-01,2023,186507.0,False,38.0,Niche
TRKAD503733ED,ART0041,Lonely Signal,Paper Dreams,afrobeats,2025-11-19,2025,270502.0,False,58.1,Mid
TRK34731EB124,ART0011,Paper Heart,,hyperpop,2021-05-29,2021,176554.0,False,30.2,Niche
TRKAD171D12A7,ART0076,Runaway Tape,Faded Roses,metal,2025-06-09,2025,239961.0,False,29.1,Niche
TRKC38FE951F3,ART0076,Aftertaste Fire,Faded Roses,metal,2023-06-09,2023,180227.0,False,28.7,Niche
TRKE310DBD9DF,ART0031,Neon Bones,Wild Horizon,latin,2024-07-28,2024,210374.0,False,29.1,Niche
TRKB7C2B0B988,ART0116,Gravity Lights,Paper Roses,rock,2020-09-08,2020,177376.0,False,37.5,Niche
TRK91399333C8,ART0032,Gravity Tape,Golden Roses,metal,2026-09-10,2026,201915.0,False,16.9,Flop
TRKEB2DF1F807,ART0012,Runaway Rain,Broken Ashes,hyperpop,2020-12-07,2020,181801.0,True,21.8,Niche
TRK25F08F9CB1,ART0102,Paper Tape,Electric Rivers,kpop,2021-12-14,2021,244783.0,False,33.3,Niche
TRK3B8C205332,ART0041,Lonely Motion,Paper Dreams,afrobeats,2020-04-02,2020,225830.0,False,25.9,Niche
TRK79198F13FD,ART0122,Slowburn Sky,Faded Shadows,pop,2020-04-22,2020,257303.0,False,21.7,Niche
TRK4A9ABFBA82,ART0126,Wildfire Rain,Midnight Bones,indie,2020-06-12,2020,166448.0,False,38.2,Niche
TRKDB3DB61669,ART0122,Fever Bones,Faded Shadows,pop,2021-05-17,2021,235873.0,False,24.6,Niche
TRK48FA01703D,ART0098,Lonely Gold,Golden Hearts,country,2021-07-05,2021,162885.0,False,20.2,Niche
TRKA6235EECC4,ART0119,Paper Static,Neon Hearts,lofi,2021-10-14,2021,228095.0,False,25.1,Niche
TRK8BBDE665AA,ART0106,Velvet Glow,Velvet Signals,metal,2026-12-26,2026,250048.0,True,19.2,Flop
TRKB8E47696D0,ART0024,Echoes Rain,Echo Horizon,metal,2024-09-11,2024,247023.0,False,24.3,Niche
TRKA7E6C7D836,ART0094,Velvet Lights,,rnb,2026-05-01,2026,258824.0,False,21.5,Niche
TRK66CC8463B5,ART0085,Neon Motion,Crimson Streets,rock,2022-04-02,2022,206590.0,True,15.0,Flop
TRKBF81B0A17C,ART0091,Velvet Signal,Hollow Signals,edm,2020-04-08,2020,200016.0,False,22.8,Niche
TRK427DD9AC4E,ART0053,Gravity Fire,Electric Lights,indie,2023-08-15,2023,241790.0,False,8.3,Flop
TRK526E32AA16,ART0072,Static Bones,Broken Static,pop,2020-04-16,2020,226578.0,False,12.5,Flop
TRKBC916501AE,ART0027,Echoes Glow,Crimson Shadows,hip_hop,2025-11-16,2025,242803.0,False,22.4,Niche
TRKC45FAEF2F3,ART0101,Echoes Bones,Velvet Signals,hyperpop,2024-07-15,2024,268445.0,False,18.5,Flop
TRK183E5F52C2,ART0047,Echoes Signal,Paper Signals,hyperpop,2023-04-12,2023,203175.0,False,19.9,Flop
TRKE8D9AD1E04,ART0027,Static Gold,Crimson Shadows,hip_hop,2026-05-24,2026,262216.0,False,24.1,Niche
TRK7008134C94,ART0086,Paper Bones,Faded Ashes,afrobeats,2021-07-16,2021,220350.0,False,30.5,Niche
TRK71429F293F,ART0005,Echoes Fire,Broken Ashes,metal,2025-11-22,2025,263070.0,False,26.2,Niche
TRK78A4A0A3CD,ART0096,Runaway Fire,Glass Dreams,kpop,2021-04-02,2021,221592.0,False,24.9,Niche
TRK7E1A5EAF41,ART0053,Sunday Lights,Electric Lights,indie,2025-10-02,2025,203358.0,False,50.7,Mid
TRK4DF0EA1B7B,ART0068,Sunday Fire,Velvet Horizon,hip_hop,2023-02-05,2023,262677.0,False,28.1,Niche
TRK926A2DBA96,ART0025,Sunday Signal,Velvet Hearts,rnb,2026-08-08,2026,264930.0,False,40.8,Mid
TRK71913B0FF1,ART0038,Paper Signal,Electric Bones,classical,2026-12-26,2026,214190.0,False,23.9,Niche
TRKECF58EDB8D,ART0015,Sunday Static,Hollow Skies,hip_hop,2022-08-25,2022,278359.0,False,39.9,Niche
TRK3D3CDF7E3E,ART0126,Gravity Signal,Broken Roses,indie,2023-12-28,2023,206780.0,True,36.8,Niche
TRKC670E6D1C2,ART0047,Slowburn Tape,Paper Signals,hyperpop,2026-03-10,2026,196729.0,False,25.2,Niche
TRK073C9D8B8D,ART0129,Sunday Dust,Midnight Roses,metal,2022-11-03,2022,239992.0,False,30.5,Niche
TRK07EB08C942,ART0100,Slowburn Blue,Neon Lights,classical,2021-08-06,2021,201458.0,False,0.0,Flop
TRKD4DD210AEB,ART0120,Static Blue,Glass Nights,rnb,2025-07-20,2025,195060.0,False,57.1,Mid
TRKFFEBF99889,ART0030,Fever Blue,Paper Shadows,afrobeats,2022-03-21,2022,275439.0,False,36.5,Niche
TRK25434DC455,ART0130,Paper Fire,Ember Nights,kpop,2026-03-31,2026,169585.0,False,46.0,Mid
TRK4C8A1CDF14,ART0041,Echoes Sky,Paper Dreams,afrobeats,2021-11-06,2021,208012.0,False,28.8,Niche
TRKD6C5953E76,ART0068,Slowburn Blue,Velvet Horizon,hip_hop,2025-10-08,2025,243700.0,False,34.4,Niche
TRK7076E65500,ART0009,Static Static,Hollow Skies,country,2024-08-17,2024,211237.0,False,35.0,Niche
TRK90BF821BE1,ART0040,Gravity Blue,Echo Signals,hip_hop,2025-05-24,2025,105496.0,True,26.5,Niche
TRK1CE167AB12,ART0074,Aftertaste Glow,Silent Horizon,classical,2023-06-04,2023,250772.0,False,0.0,Flop
TRKB8CBC21B96,ART0083,Fever Sky,Paper Skies,classical,2023-05-27,2023,191033.0,True,4.9,Flop
TRK45E6D166C9,ART0103,Lonely Signal,Broken Roses,hip_hop,2023-04-21,2023,194041.0,True,30.0,Niche
TRKECE312BABC,ART0011,Static Sky,Paper Tapes,hyperpop,2021-06-30,2021,203478.0,False,28.0,Niche
TRKC860198884,ART0008,Gravity Gold,Static Streets,latin,2022-07-02,2022,201921.0,False,47.3,Mid
TRK1191F428E3,ART0058,Overdrive Dust,Electric Nights,edm,2022-08-27,2022,203590.0,False,23.5,Niche
TRK2091BAFDF7,ART0080,Runaway Sky,Golden Dreams,afrobeats,2023-07-20,2023,181119.0,True,51.3,Mid
TRK3D930A767C,ART0080,Neon Dust,Golden Dreams,afrobeats,2024-02-18,2024,236349.0,False,64.8,Hit
TRKBF902ABAAF,ART0078,Velvet Gold,Echo Tapes,country,2021-07-06,2021,204800.0,False,24.8,Niche
TRKE0BB637E11,ART0003,Neon Bones,Neon Nights,kpop,2022-11-15,2022,207246.0,False,37.4,Niche
TRKF162A8858B,ART0036,Skyline Dust,Echo Bones,rnb,2024-08-07,2024,184853.0,False,25.6,Niche
TRK19FCAC660F,ART0068,Sunday Signal,Velvet Horizon,hip_hop,2021-06-28,2021,254332.0,False,34.2,Niche
TRKAF02DD4741,ART0098,Wildfire Heart,Static Static,country,2026-05-28,2026,247947.0,False,70.4,Hit
TRK00DDEB6148,ART0130,Overdrive Lights,Ember Nights,kpop,2023-07-15,2023,191533.0,False,40.8,Mid
TRK601AC9940F,ART0068,Wildfire Bones,Crimson Streets,hip_hop,2022-10-09,2022,187323.0,False,37.4,Niche
TRKC56FCE989A,ART0125,Paper Glow,Wild Tapes,kpop,2023-08-27,2023,218265.0,False,39.7,Niche
TRK8ED452DB86,ART0099,Slowburn Lights,Wild Signals,jazz,2024-04-20,2024,183005.0,False,27.1,Niche
TRKB2FDC47B83,ART0046,Fever Heart,Silent Static,rnb,2026-11-08,2026,246224.0,False,67.4,Hit
TRK0BF96D90F9,ART0012,Aftertaste Bones,Broken Ashes,hyperpop,2023-03-21,2023,182928.0,False,32.8,Niche
TRKCAFFAD25CA,ART0034,Skyline Static,Golden Rivers,lofi,2020-07-16,2020,203456.0,False,3.5,Flop
TRKBAD4585A2E,ART0043,Static Glow,Velvet Streets,hip_hop,2025-07-18,2025,201175.0,True,56.1,Mid
TRKF5BE460526,ART0047,Skyline Sky,Wild Rivers,hyperpop,2025-11-27,2025,208276.0,True,26.9,Niche
TRK62BC05A8BA,ART0004,Slowburn Rain,Ember Shadows,hip_hop,2020-10-06,2020,229203.0,False,25.6,Niche
TRK28CA02D211,ART0117,Neon Motion,Midnight Tapes,jazz,2023-03-17,2023,180335.0,True,5.1,Flop
TRKB7DA07E3FD,ART0108,Echoes Tape,Velvet Rivers,pop,2026-03-04,2026,195720.0,False,30.1,Niche
TRK0C5C7D6FDE,ART0009,Neon Rain,Hollow Skies,country,2021-06-26,2021,230190.0,False,16.3,Flop
TRK9C20464DA2,ART0118,Gravity Fire,Static Signals,metal,2022-08-10,2022,213250.0,False,18.7,Flop
TRKEBDC4EE9AC,ART0112,Skyline Gold,Velvet Waves,jazz,2020-01-29,2020,231851.0,False,12.4,Flop
TRK4D359B42A1,ART0068,Overdrive Tape,Crimson Streets,hip_hop,2026-07-10,2026,181486.0,True,37.0,Niche
TRKF3DD2B93B9,ART0018,Fever Blue,Electric Tapes,edm,2022-04-17,2022,244468.0,True,38.6,Niche
TRKBCA66A4760,ART0115,Fever Motion,Velvet Shadows,metal,2022-08-27,2022,176368.0,False,34.1,Niche
TRK27E941A09A,ART0038,Aftertaste Static,Electric Bones,classical,2022-05-01,2022,153763.0,False,19.4,Flop
TRK2E38DDBBA3,ART0024,Overdrive Blue,Midnight Roses,metal,2024-07-10,2024,148283.0,False,20.1,Niche
TRK78318D6A5D,ART0129,Lonely Ghost,Midnight Roses,metal,2021-08-14,2021,222121.0,False,21.0,Niche
TRK7EF7320DDE,ART0118,Paper Motion,Golden Nights,metal,2025-04-03,2025,237261.0,False,20.0,Niche
TRK47772904C6,ART0034,Fever Blue,Golden Rivers,lofi,2024-07-17,2024,201902.0,False,9.1,Flop
TRKB064BEA29B,ART0099,Sunday Bones,Wild Signals,jazz,2024-12-17,2024,215034.0,False,11.5,Flop
TRK4E88544F30,ART0035,Neon Fire,Velvet Lights,edm,2024-04-01,2024,174417.0,False,45.5,Mid
TRK09ADF319D0,ART0115,Neon Fire,Velvet Shadows,metal,2026-10-27,2026,248747.0,True,33.7,Niche
TRK081B3CF8DE,ART0037,Sunday Ghost,Ember Roses,rnb,2024-11-20,2024,187882.0,False,26.6,Niche
TRKA59C9A34E0,ART0093,Gravity Lights,Static Bones,lofi,2026-11-25,2026,202004.0,False,29.2,Niche
TRK445AEF036C,ART0012,Aftertaste Heart,Broken Ashes,hyperpop,2024-04-26,2024,180668.0,True,19.4,Flop
TRK162AF43DC2,ART0032,Lonely Sky,Glass Rivers,metal,2020-05-31,2020,281483.0,True,11.5,Flop
TRKB084B27D7F,ART0112,Lonely Blue,Velvet Waves,jazz,2023-07-15,2023,237383.0,False,16.4,Flop
TRK0F5FD635C9,ART0041,Velvet Lights,Paper Dreams,afrobeats,2026-01-25,2026,114571.0,False,54.3,Mid
TRKC6A5DC0DCC,ART0039,Aftertaste Gold,Hollow Tapes,pop,2020-01-11,2020,150844.0,True,29.8,Niche
TRK422E69BCC6,ART0112,Slowburn Heart,Velvet Waves,jazz,2026-02-24,2026,210563.0,False,11.1,Flop
TRKBC41762F99,ART0107,Echoes Motion,Ember Signals,hip_hop,2022-04-13,2022,206500.0,True,16.1,Flop
TRK678ABB044C,ART0119,Runaway Heart,Ember Ashes,lofi,2025-11-12,2025,177055.0,False,25.1,Niche
TRKE84D4E8401,ART0053,Neon Rain,Electric Lights,indie,2023-08-14,2023,160219.0,False,10.8,Flop
TRK354E8A8F7A,ART0037,Aftertaste Tape,Silent Bones,rnb,2026-09-14,2026,269842.0,False,23.5,Niche
TRK025ADEA9BC,ART0086,Wildfire Dust,,afrobeats,2023-07-18,2023,157403.0,False,61.1,Hit
TRKC7F40462E8,ART0060,Overdrive Dust,Golden Streets,afrobeats,2024-11-29,2024,98451.0,False,58.5,Mid
TRK74C8F70FDB,ART0127,Aftertaste Heart,Broken Horizon,hip_hop,2021-09-05,2021,141273.0,False,34.1,Niche
TRK7EE9D81DEF,ART0077,Velvet Tape,Faded Hearts,metal,2020-08-20,2020,204630.0,True,10.2,Flop
TRK084B3DF074,ART0073,Paper Ghost,Echo Tapes,latin,2025-06-18,2025,209442.0,False,59.0,Mid
TRKF1C8B6110B,ART0125,Gravity Glow,Wild Tapes,kpop,2023-10-01,2023,160111.0,False,38.8,Niche
TRK7FC06DE1BD,ART0033,Gravity Tape,Ember Hearts,latin,2025-05-17,2025,199463.0,False,54.8,Mid
TRKEA4836EB72,ART0061,Lonely Ghost,Crimson Bones,edm,2020-09-14,2020,222240.0,False,40.6,Mid
TRK72F2860F4E,ART0030,Fever Dust,Static Streets,afrobeats,2025-07-06,2025,232851.0,False,53.9,Mid
TRKB0D45D616B,ART0004,Skyline Fire,Ember Shadows,hip_hop,2025-02-13,2025,195696.0,True,34.9,Niche
TRKD618895B06,ART0083,Fever Bones,Echo Rivers,classical,2022-06-29,2022,235041.0,False,12.2,Flop
TRKF2D99E26A5,ART0077,Lonely Glow,Velvet Lights,metal,2022-08-21,2022,197320.0,False,8.5,Flop
TRK276304B7CD,ART0090,Overdrive Fire,Neon Rivers,classical,2022-11-14,2022,218722.0,False,0.0,Flop
TRK3869580EC9,ART0022,Static Static,Static Tapes,classical,2025-06-25,2025,213500.0,False,24.9,Niche
TRK6B14187731,ART0030,Neon Gold,Static Streets,afrobeats,2020-05-27,2020,204034.0,False,13.5,Flop
TRK15171C57CE,ART0104,Overdrive Heart,Glass Signals,classical,2026-11-12,2026,247985.0,False,0.0,Flop
TRK2107ABC0F6,ART0111,Skyline Tape,Midnight Lights,afrobeats,2025-06-14,2025,164624.0,False,58.3,Mid
TRK3BC58B98FA,ART0123,Wildfire Bones,Hollow Static,country,2026-10-12,2026,206759.0,False,46.1,Mid
TRK4F9D35A273,ART0116,Lonely Blue,Paper Roses,rock,2020-04-01,2020,206333.0,False,24.7,Niche
TRKE11AB069F1,ART0081,Sunday Heart,Crimson Signals,hyperpop,2026-02-12,2026,247707.0,False,11.3,Flop
TRK36CE7125CC,ART0115,Aftertaste Dust,Velvet Shadows,metal,2026-04-23,2026,167275.0,False,39.5,Niche
TRK89C4CEDE46,ART0121,Overdrive Signal,Golden Shadows,pop,2025-07-08,2025,164802.0,True,27.8,Niche
TRK5A599D3CB7,ART0104,Paper Blue,Glass Signals,classical,2022-01-10,2022,166366.0,False,5.5,Flop
TRK97164523E4,ART0110,Aftertaste Gold,Crimson Rivers,edm,2026-10-31,2026,211289.0,False,40.8,Mid
TRK8CE6D9AB1C,ART0049,Sunday Sky,Wild Tapes,pop,2021-04-18,2021,220224.0,False,22.5,Niche
TRK9C03BFEB26,ART0071,Slowburn Signal,Neon Nights,rnb,2023-09-01,2023,158681.0,False,38.3,Niche
TRK908F4D6090,ART0106,Sunday Heart,Velvet Signals,metal,2025-01-02,2025,204242.0,False,24.3,Niche
TRK60D04EDD8F,ART0026,Neon Dust,Electric Tapes,indie,2024-12-11,2024,168846.0,False,24.0,Niche
TRK9DB4548D7B,ART0085,Slowburn Bones,Velvet Ashes,rock,2025-09-29,2025,202179.0,False,25.7,Niche
TRKCCD7EBC4AB,ART0088,Sunday Bones,Broken Shadows,rock,2026-04-06,2026,201328.0,False,14.1,Flop
TRK30EA113C48,ART0022,Skyline Heart,Static Tapes,classical,2026-05-01,2026,153999.0,False,0.0,Flop
TRK8BD65F2C69,ART0091,Fever Static,Hollow Signals,edm,2022-09-10,2022,209417.0,False,24.3,Niche
TRK690482420E,ART0097,Skyline Rain,Velvet Horizon,kpop,2025-01-30,2025,226101.0,False,40.3,Mid
TRK2FFFC6042D,ART0112,Lonely Bones,Wild Signals,jazz,2021-09-25,2021,162072.0,False,0.6,Flop
TRK2018268CE0,ART0045,Overdrive Lights,Glass Hearts,country,2022-09-25,2022,156509.0,False,34.3,Niche
TRK748A6D2AB6,ART0099,Sunday Rain,Wild Signals,jazz,2021-01-12,2021,173047.0,False,30.2,Niche
TRK64843B2E8D,ART0056,Paper Bones,Echo Shadows,kpop,2025-03-10,2025,185201.0,False,47.1,Mid
TRK4CE0DA2D80,ART0071,Static Bones,Neon Nights,rnb,2025-09-02,2025,209209.0,False,27.3,Niche
TRKB950089368,ART0016,Neon Sky,Crimson Signals,afrobeats,2021-12-23,2021,230321.0,False,33.7,Niche
TRKB7A3AAEABA,ART0024,Wildfire Glow,Echo Horizon,metal,2025-04-23,2025,185982.0,True,24.1,Niche
TRK4766198981,ART0029,Gravity Rain,Faded Lights,rock,2025-08-23,2025,299264.0,False,23.9,Niche
TRK5691EE35EC,ART0119,Slowburn Dust,Neon Hearts,lofi,2022-12-03,2022,161274.0,False,15.2,Flop
TRKE9610DD544,ART0088,Overdrive Lights,Ember Horizon,rock,2023-05-13,2023,204205.0,False,18.7,Flop
TRK83B8E7754A,ART0038,Gravity Motion,Electric Bones,classical,2022-12-08,2022,197664.0,False,2.5,Flop
TRKD54CB9A9B0,ART0035,Gravity Static,Velvet Lights,edm,2024-07-26,2024,232145.0,False,39.6,Niche
TRKB539EEA3D5,ART0014,Skyline Signal,Ember Static,rnb,2020-03-16,2020,199991.0,False,33.8,Niche
TRK5CF7A26C0A,ART0067,Slowburn Fire,Ember Bones,rnb,2023-04-18,2023,187934.0,False,33.5,Niche
TRKADFB00F2A8,ART0116,Velvet Signal,Paper Roses,rock,2025-09-09,2025,200595.0,False,21.5,Niche
TRK5B57E9E185,ART0038,Gravity Signal,Electric Bones,classical,2024-09-18,2024,162340.0,False,16.0,Flop
TRK59F5E554E8,ART0098,Wildfire Dust,Golden Hearts,country,2025-06-21,2025,132114.0,False,36.4,Niche
TRKD54A3703BC,ART0129,Echoes Ghost,Midnight Roses,metal,2020-09-28,2020,204264.0,False,5.6,Flop
TRKD1A467558C,ART0023,Velvet Glow,Electric Horizon,latin,2024-04-13,2024,146124.0,False,49.4,Mid
TRK43922818FA,ART0078,Wildfire Fire,Echo Tapes,country,2021-02-15,2021,223992.0,False,19.2,Flop
TRK70176D4C24,ART0129,Fever Blue,Silent Static,metal,2026-07-22,2026,200279.0,True,20.2,Niche
TRKF781F2C47C,ART0027,Skyline Ghost,Wild Signals,hip_hop,2024-02-10,2024,149880.0,True,14.0,Flop
TRKB242DA25BB,ART0033,Neon Dust,Glass Lights,latin,2022-03-30,2022,206354.0,False,46.6,Mid
TRKC597822FE9,ART0047,Fever Dust,Wild Rivers,hyperpop,2024-09-29,2024,264145.0,False,23.2,Niche
TRKBCBA0BA1F0,ART0099,Velvet Lights,Wild Signals,jazz,2025-02-21,2025,188232.0,False,15.2,Flop
TRK7F968D6D08,ART0041,Slowburn Rain,Paper Dreams,afrobeats,2024-01-02,2024,248623.0,False,55.0,Mid
TRK413FA7D523,ART0026,Lonely Lights,Glass Roses,indie,2022-11-21,2022,223505.0,False,15.9,Flop
TRKD5EA4A2C3A,ART0097,Aftertaste Gold,Silent Static,kpop,2022-06-28,2022,166600.0,False,35.3,Niche
TRK0C87CB5718,ART0028,Overdrive Motion,Midnight Static,country,2024-03-31,2024,224326.0,False,26.6,Niche
TRKB6B499D760,ART0087,Skyline Motion,Wild Hearts,rock,2020-12-09,2020,235175.0,True,33.5,Niche
TRK1E837D3966,ART0031,Static Blue,Wild Horizon,latin,2022-09-06,2022,219598.0,False,34.0,Niche
TRKEA9CFB8AEB,ART0117,Wildfire Fire,Midnight Tapes,jazz,2020-05-24,2020,205360.0,False,0.0,Flop
TRK84CC95829C,ART0037,Overdrive Sky,Silent Bones,rnb,2022-10-19,2022,219652.0,False,11.3,Flop
TRK616A90A704,ART0030,Sunday Ghost,Static Streets,afrobeats,2024-04-28,2024,183185.0,False,54.1,Mid
TRK8260770175,ART0052,Velvet Dust,Electric Bones,kpop,2020-07-20,2020,105173.0,False,28.1,Niche
TRK850EB3C467,ART0062,Gravity Glow,Velvet Ashes,lofi,2026-12-10,2026,227109.0,False,32.1,Niche
TRK2507C3D896,ART0121,Wildfire Gold,Broken Signals,pop,2021-03-06,2021,199141.0,False,21.0,Niche
TRKC04ECA2370,ART0104,Static Static,Glass Signals,classical,2023-07-27,2023,183704.0,False,0.0,Flop
TRK7A1AD2E13B,ART0066,Gravity Bones,Broken Shadows,afrobeats,2022-01-21,2022,202844.0,False,36.6,Niche
TRKA350B5F77D,ART0102,Fever Fire,Electric Rivers,kpop,2025-10-17,2025,202169.0,False,44.5,Mid
TRK0C9E770855,ART0002,Runaway Rain,Midnight Ashes,rnb,2020-09-07,2020,227832.0,False,13.8,Flop
TRK21AA9BADF8,ART0032,Lonely Dust,Glass Rivers,metal,2025-05-30,2025,208664.0,False,15.7,Flop
TRK333D827D4B,ART0101,Sunday Motion,Velvet Signals,hyperpop,2020-06-11,2020,245342.0,True,26.0,Niche
TRK10E8D68550,ART0049,Fever Dust,Echo Lights,pop,2024-10-31,2024,145954.0,True,35.2,Niche
TRKEEB61C70A8,ART0001,Aftertaste Dust,Broken Rivers,lofi,2023-01-22,2023,203858.0,False,40.7,Mid
TRKE4AA250048,ART0007,Neon Motion,Paper Dreams,metal,2024-05-28,2024,234317.0,True,12.6,Flop
TRK1D02BE9A02,ART0078,Wildfire Fire,Echo Tapes,country,2026-05-19,2026,196030.0,False,31.0,Niche
TRKD4334DD51C,ART0116,Gravity Rain,Paper Roses,rock,2024-08-31,2024,188335.0,True,47.3,Mid
TRK6244FE8CA5,ART0088,Sunday Gold,Ember Horizon,rock,2020-08-14,2020,183749.0,False,21.8,Niche
TRKC833F0E694,ART0111,Sunday Heart,Midnight Lights,afrobeats,2026-10-21,2026,246590.0,False,63.0,Hit
TRKF4FD854012,ART0013,Runaway Sky,Paper Rivers,hip_hop,2026-09-10,2026,188501.0,False,57.6,Mid
TRK3069A67142,ART0070,Neon Ghost,Faded Shadows,lofi,2024-08-07,2024,210271.0,False,20.3,Niche
TRK5CB0F47594,ART0090,Wildfire Static,Neon Rivers,classical,2022-01-31,2022,160261.0,False,11.0,Flop
TRKC622E3AC09,ART0060,Neon Gold,Golden Streets,afrobeats,2021-04-22,2021,210563.0,True,32.1,Niche
TRKBBCD2E43AF,ART0066,Skyline Fire,Broken Shadows,afrobeats,2020-07-02,2020,181195.0,False,22.1,Niche
TRK3B7F7D619A,ART0125,Fever Fire,Wild Tapes,kpop,2021-03-24,2021,228051.0,False,31.6,Niche
TRK8609FD7729,ART0020,Wildfire Signal,Glass Shadows,rock,2024-11-12,2024,240485.0,False,30.1,Niche
TRK5322F8BE38,ART0114,Sunday Glow,Silent Horizon,rnb,2026-03-30,2026,201807.0,False,24.7,Niche
TRK1615AE7ACB,ART0072,Wildfire Static,Broken Static,pop,2021-09-28,2021,181707.0,False,21.0,Niche
TRKC04D097E0A,ART0048,Paper Gold,Faded Lights,latin,2022-01-22,2022,253536.0,False,53.2,Mid
TRK8C69401FAD,ART0098,Runaway Blue,Golden Hearts,country,2021-07-11,2021,193079.0,False,16.2,Flop
TRK79987060C0,ART0070,Gravity Gold,Faded Shadows,lofi,2021-05-24,2021,212994.0,False,16.2,Flop
TRK5179688AE0,ART0058,Lonely Glow,,edm,2026-08-24,2026,200664.0,False,19.3,Flop
TRK021BE0289F,ART0013,Neon Static,Paper Rivers,hip_hop,2020-10-26,2020,240696.0,True,44.8,Mid
TRK91F99C5E07,ART0067,Neon Dust,Ember Bones,rnb,2022-01-15,2022,241137.0,False,29.3,Niche
TRK91D98E7CE8,ART0057,Lonely Glow,Echo Horizon,rnb,2026-08-29,2026,162367.0,False,14.4,Flop
TRK88090C3E30,ART0120,Static Static,Glass Nights,rnb,2020-12-22,2020,194591.0,True,35.2,Niche
TRK01558CB2AA,ART0007,Aftertaste Blue,Paper Dreams,metal,2020-08-23,2020,266920.0,False,19.9,Flop
TRK71076720A3,ART0015,Velvet Gold,Hollow Skies,hip_hop,2020-06-11,2020,212259.0,False,35.0,Niche
TRK5ECF19C035,ART0028,Gravity Glow,Ember Waves,country,2023-08-13,2023,151095.0,True,11.4,Flop
